referee,date,total_fouls,total_yellows,rolling_yellows,rolling_fouls
A Kitchen,2025-04-19,27,3,3.0,27.0
A Kitchen,2025-05-18,27,1,2.0,27.0
A Kitchen,2025-10-05,24,4,2.6666666666666665,26.0
A Kitchen,2025-11-08,26,3,2.75,26.0
A Kitchen,2025-12-04,22,4,3.0,25.2
A Kitchen,2026-05-24,21,4,3.1666666666666665,24.5
A Madley,2022-08-06,16,2,2.0,16.0
A Madley,2022-08-20,30,3,2.5,23.0
A Madley,2022-08-27,18,3,2.6666666666666665,21.333333333333332
A Madley,2022-09-03,17,6,3.5,20.25
A Madley,2022-10-01,22,2,3.2,20.6
A Madley,2022-10-08,12,1,2.8333333333333335,19.166666666666668
A Madley,2022-10-15,31,4,3.0,20.857142857142858
A Madley,2022-10-29,22,3,3.0,21.0
A Madley,2022-11-06,18,0,2.6666666666666665,20.666666666666668
A Madley,2022-12-26,27,0,2.4,21.3
A Madley,2022-12-31,27,7,2.9,22.4
A Madley,2023-01-03,26,8,3.4,22.0
A Madley,2023-01-21,17,3,3.4,21.9
A Madley,2023-02-05,33,5,3.3,23.5
A Madley,2023-02-11,20,1,3.2,23.3
A Madley,2023-02-18,14,5,3.6,23.5
A Madley,2023-03-05,27,5,3.7,23.1
A Madley,2023-03-12,21,3,3.7,23.0
A Madley,2023-04-01,30,6,4.3,24.2
A Madley,2023-04-15,17,3,4.6,23.2
A Madley,2023-04-22,33,4,4.3,23.8
A Madley,2023-04-26,18,3,3.8,23.0
A Madley,2023-05-06,19,3,3.8,23.2
A Madley,2023-05-14,30,3,3.6,22.9
A Madley,2023-08-12,29,8,4.3,23.8
A Madley,2023-08-19,25,9,4.7,24.9
A Madley,2023-09-02,24,3,4.5,24.6
A Madley,2023-09-16,18,5,4.7,24.3
A Madley,2023-09-30,40,8,4.9,25.3
A Madley,2023-10-07,27,5,5.1,26.3
A Madley,2023-10-27,30,3,5.0,26.0
A Madley,2023-11-05,20,2,4.9,26.2
A Madley,2023-11-25,14,5,5.1,25.7
A Madley,2023-12-09,34,7,5.5,26.1
A Madley,2023-12-16,23,4,5.1,25.5
A Madley,2023-12-27,19,2,4.4,24.9
A Madley,2024-01-21,21,3,4.4,24.6
A Madley,2024-02-04,15,1,4.0,24.3
A Madley,2024-02-17,19,4,3.6,22.2
A Madley,2024-02-21,29,5,3.6,22.4
A Madley,2024-03-03,15,1,3.4,20.9
A Madley,2024-04-03,21,2,3.4,21.0
A Madley,2024-04-06,21,0,2.9,21.7
A Madley,2024-04-20,19,1,2.3,20.2
A Madley,2024-04-24,19,3,2.2,19.8
A Madley,2024-05-05,22,4,2.4,20.1
A Madley,2024-05-19,20,2,2.3,20.0
A Madley,2024-09-28,24,3,2.5,20.9
A Madley,2024-10-05,19,5,2.6,20.9
A Madley,2024-10-19,25,4,2.5,20.5
A Madley,2024-10-26,26,13,3.7,21.6
A Madley,2024-11-02,32,6,4.1,22.7
A Madley,2024-11-23,27,7,4.8,23.3
A Madley,2024-12-04,26,7,5.4,24.0
A Madley,2024-12-27,18,2,5.3,23.9
A Madley,2025-01-04,26,5,5.4,24.3
A Madley,2025-01-15,13,0,5.2,23.6
A Madley,2025-01-18,20,5,5.4,23.2
A Madley,2025-02-01,33,5,5.4,24.6
A Madley,2025-02-15,18,1,5.1,23.9
A Madley,2025-02-22,21,5,4.3,23.4
A Madley,2025-02-26,27,2,3.9,22.9
A Madley,2025-03-16,23,0,3.2,22.5
A Madley,2025-04-02,23,3,2.8,22.2
A Madley,2025-04-13,23,2,2.8,22.7
A Madley,2025-05-05,24,11,3.4,22.5
A Madley,2025-05-25,16,0,3.4,22.8
A Madley,2025-09-28,23,5,3.4,23.1
A Madley,2025-10-20,20,2,3.1,21.8
A Madley,2025-10-25,28,2,3.2,22.8
A Madley,2025-11-08,25,4,3.1,23.2
A Madley,2025-11-22,19,2,3.1,22.4
A Madley,2025-12-03,19,4,3.5,22.0
A Madley,2025-12-06,19,1,3.3,21.6
A Madley,2025-12-20,27,9,4.0,22.0
A Madley,2026-01-01,18,3,3.2,21.4
A Madley,2026-01-07,11,2,3.4,20.9
A Madley,2026-01-17,18,3,3.2,20.4
A Madley,2026-02-07,32,4,3.4,21.6
A Madley,2026-02-10,29,4,3.6,21.7
A Madley,2026-03-01,25,4,3.6,21.7
A Madley,2026-03-05,28,5,3.9,22.6
A Madley,2026-03-14,23,0,3.5,23.0
A Madley,2026-04-12,29,3,3.7,24.0
A Madley,2026-04-22,22,0,2.8,23.5
A Madley,2026-04-25,20,4,2.9,23.7
A Madley,2026-05-09,33,6,3.3,25.9
A Madley,2026-05-24,12,1,3.1,25.3
A Marriner,2022-08-06,17,3,3.0,17.0
A Marriner,2022-08-20,15,5,4.0,16.0
A Marriner,2022-08-31,19,2,3.3333333333333335,17.0
A Marriner,2022-10-01,21,4,3.5,18.0
A Marriner,2022-11-05,21,4,3.6,18.6
A Marriner,2022-12-31,28,5,3.8333333333333335,20.166666666666668
A Marriner,2023-01-03,18,4,3.857142857142857,19.857142857142858
A Marriner,2023-02-04,18,3,3.75,19.625
A Marriner,2023-03-11,21,3,3.6666666666666665,19.77777777777778
A Marriner,2023-04-27,14,3,3.6,19.2
A Marriner,2023-05-04,24,8,4.1,19.9
A Marriner,2023-05-22,14,2,3.8,19.8
A Marriner,2023-05-28,19,0,3.6,19.8
A Taylor,2022-08-05,27,3,3.0,27.0
A Taylor,2022-08-14,18,3,3.0,22.5
A Taylor,2022-08-21,17,2,2.6666666666666665,20.666666666666668
A Taylor,2022-08-31,24,3,2.75,21.5
A Taylor,2022-09-03,18,4,3.0,20.8
A Taylor,2022-09-17,16,3,3.0,20.0
A Taylor,2022-10-01,20,3,3.0,20.0
A Taylor,2022-10-10,32,6,3.375,21.5
A Taylor,2022-10-16,17,4,3.4444444444444446,21.0
A Taylor,2022-10-23,20,2,3.3,20.9
A Taylor,2022-10-29,15,3,3.3,19.7
A Taylor,2022-11-06,18,6,3.6,19.7
A Taylor,2022-12-27,17,4,3.8,19.7
A Taylor,2022-12-31,18,6,4.1,19.1
A Taylor,2023-01-22,17,3,4.0,19.0
A Taylor,2023-02-15,26,5,4.2,20.0
A Taylor,2023-02-18,11,2,4.1,19.1
A Taylor,2023-02-25,24,3,3.8,18.3
A Taylor,2023-03-06,29,3,3.7,19.5
A Taylor,2023-03-12,21,2,3.7,19.6
A Taylor,2023-04-04,23,5,3.9,20.4
A Taylor,2023-04-08,24,7,4.0,21.0
A Taylor,2023-04-15,16,5,4.1,20.9
A Taylor,2023-04-23,15,3,3.8,20.6
A Taylor,2023-04-27,15,3,3.8,20.4
A Taylor,2023-04-30,17,5,3.8,19.5
A Taylor,2023-05-06,29,6,4.2,21.3
A Taylor,2023-05-14,16,1,4.0,20.5
A Taylor,2023-05-20,23,5,4.2,19.9
A Taylor,2023-05-28,12,3,4.3,19.0
A Taylor,2023-08-13,17,6,4.4,18.4
A Taylor,2023-08-20,20,7,4.4,18.0
A Taylor,2023-08-26,19,4,4.3,18.3
A Taylor,2023-09-03,15,5,4.5,18.3
A Taylor,2023-09-23,22,10,5.2,19.0
A Taylor,2023-09-30,18,1,4.8,19.1
A Taylor,2023-10-08,32,3,4.5,19.4
A Taylor,2023-10-23,24,2,4.6,20.2
A Taylor,2023-10-28,28,5,4.6,20.7
A Taylor,2023-11-12,27,8,5.1,22.2
A Taylor,2023-11-25,19,6,5.1,22.4
A Taylor,2023-12-02,18,3,4.7,22.2
A Taylor,2023-12-16,17,1,4.4,22.0
A Taylor,2023-12-22,27,6,4.5,23.2
A Taylor,2024-01-01,31,8,4.3,24.1
A Taylor,2024-01-13,22,6,4.8,24.5
A Taylor,2024-02-04,22,8,5.3,23.5
A Taylor,2024-02-10,15,3,5.4,22.6
A Taylor,2024-02-17,21,1,5.0,21.9
A Taylor,2024-03-09,23,8,5.0,21.5
A Taylor,2024-03-31,29,2,4.6,22.5
A Taylor,2024-04-07,19,7,5.0,22.6
A Taylor,2024-04-21,24,5,5.4,23.3
A Taylor,2024-04-27,18,2,5.0,22.4
A Taylor,2024-05-04,16,4,4.6,20.9
A Taylor,2024-05-11,15,1,4.1,20.2
A Taylor,2024-05-19,14,5,3.8,19.4
A Taylor,2024-08-18,21,2,3.7,20.0
A Taylor,2024-08-24,26,0,3.6,20.5
A Taylor,2024-09-01,14,5,3.3,19.6
A Taylor,2024-09-14,25,14,4.5,19.2
A Taylor,2024-09-28,24,5,4.3,19.7
A Taylor,2024-10-05,18,1,3.9,19.1
A Taylor,2024-10-19,20,8,4.5,19.3
A Taylor,2024-10-27,28,4,4.5,20.5
A Taylor,2024-11-02,16,3,4.7,20.6
A Taylor,2024-11-10,19,2,4.4,21.1
A Taylor,2024-11-24,21,0,4.2,21.1
A Taylor,2024-11-30,23,5,4.7,20.8
A Taylor,2024-12-08,28,4,4.6,22.2
A Taylor,2024-12-15,19,2,3.4,21.6
A Taylor,2024-12-22,31,2,3.1,22.3
A Taylor,2024-12-26,25,3,3.3,23.0
A Taylor,2024-12-29,17,0,2.5,22.7
A Taylor,2025-01-04,31,5,2.6,23.0
A Taylor,2025-01-14,8,0,2.3,22.2
A Taylor,2025-01-19,22,4,2.5,22.5
A Taylor,2025-01-26,16,1,2.6,22.0
A Taylor,2025-02-15,21,1,2.2,21.8
A Taylor,2025-02-23,13,0,1.8,20.3
A Taylor,2025-03-09,19,1,1.7,20.3
A Taylor,2025-04-05,25,1,1.6,19.7
A Taylor,2025-04-13,27,3,1.6,19.9
A Taylor,2025-04-20,22,4,2.0,20.4
A Taylor,2025-05-04,18,2,1.7,19.1
A Taylor,2025-05-11,23,2,1.9,20.6
A Taylor,2025-05-25,21,4,1.9,20.5
A Taylor,2025-08-15,17,3,2.1,20.6
A Taylor,2025-08-24,22,6,2.6,20.7
A Taylor,2025-08-30,23,5,3.1,21.7
A Taylor,2025-09-14,16,0,3.0,21.4
A Taylor,2025-09-20,20,2,3.1,20.9
A Taylor,2025-10-04,17,2,3.0,19.9
A Taylor,2025-10-18,15,0,2.6,19.2
A Taylor,2025-10-25,17,4,2.8,19.1
A Taylor,2025-11-02,19,4,3.0,18.7
A Taylor,2025-11-22,22,5,3.1,18.8
A Taylor,2025-11-30,25,7,3.5,19.6
A Taylor,2025-12-06,28,6,3.5,20.2
A Taylor,2025-12-14,31,3,3.3,21.0
A Taylor,2025-12-22,14,9,4.2,20.8
A Taylor,2025-12-26,14,3,4.3,20.2
A Taylor,2026-01-04,17,2,4.3,20.2
A Taylor,2026-01-08,19,4,4.7,20.6
A Taylor,2026-01-17,21,5,4.8,21.0
A Taylor,2026-01-31,24,5,4.9,21.5
A Taylor,2026-02-07,15,2,4.6,20.8
A Taylor,2026-02-10,26,5,4.4,20.9
A Taylor,2026-02-22,22,2,4.0,20.3
A Taylor,2026-03-15,15,5,4.2,18.7
A Taylor,2026-03-22,27,7,4.0,20.0
A Taylor,2026-04-11,14,0,3.7,20.0
A Taylor,2026-04-19,17,4,3.9,20.0
A Taylor,2026-04-25,22,7,4.2,20.3
A Taylor,2026-05-04,22,4,4.1,20.4
A Taylor,2026-05-10,26,2,3.8,20.6
A Taylor,2026-05-19,23,6,4.2,21.4
A Taylor,2026-05-24,25,3,4.0,21.3
Andre Marriner,2017-08-13,21,3,3.0,21.0
Andre Marriner,2017-08-19,20,0,1.5,20.5
Andre Marriner,2017-08-26,18,5,2.6666666666666665,19.666666666666668
Andre Marriner,2017-09-17,34,2,2.5,23.25
Andre Marriner,2017-09-24,14,3,2.6,21.4
Andre Marriner,2017-10-14,17,3,2.6666666666666665,20.666666666666668
Andre Marriner,2017-10-22,11,1,2.4285714285714284,19.285714285714285
Andre Marriner,2017-10-29,23,2,2.375,19.75
Andre Marriner,2017-11-19,27,5,2.6666666666666665,20.555555555555557
Andre Marriner,2017-11-28,24,2,2.6,20.9
Andre Marriner,2017-12-02,21,5,2.8,20.9
Andre Marriner,2017-12-12,17,0,2.8,20.6
Andre Marriner,2017-12-17,15,2,2.5,20.3
Andre Marriner,2017-12-27,20,1,2.4,18.9
Andre Marriner,2018-01-01,26,2,2.3,20.1
Andre Marriner,2018-01-14,23,5,2.5,20.7
Andre Marriner,2018-01-31,31,4,2.8,22.7
Andre Marriner,2018-02-04,25,2,2.8,22.9
Andre Marriner,2018-02-10,21,3,2.6,22.3
Andre Marriner,2018-03-01,30,2,2.6,22.9
Andre Marriner,2018-03-10,23,2,2.3,23.1
Andre Marriner,2018-04-01,24,1,2.4,23.8
Andre Marriner,2018-04-08,20,3,2.5,24.3
Andre Marriner,2018-04-14,30,5,2.9,25.3
Andre Marriner,2018-04-28,19,3,3.0,24.6
Andre Marriner,2018-05-06,18,1,2.6,24.1
Andre Marriner,2018-05-13,20,5,2.7,23.0
Andre Marriner,2018-08-10,27,3,2.8,23.2
Andre Marriner,2018-08-19,17,2,2.7,22.8
Andre Marriner,2018-09-02,22,3,2.8,22.0
Andre Marriner,2018-09-16,24,6,3.2,22.1
Andre Marriner,2018-09-22,24,2,3.3,22.1
Andre Marriner,2018-09-29,20,2,3.2,22.1
Andre Marriner,2018-10-06,24,6,3.3,21.5
Andre Marriner,2018-10-20,33,2,3.2,22.9
Andre Marriner,2018-10-27,18,6,3.7,22.9
Andre Marriner,2018-11-03,16,2,3.4,22.5
Andre Marriner,2018-11-24,14,0,3.1,21.2
Andre Marriner,2018-11-30,21,3,3.2,21.6
Andre Marriner,2018-12-05,31,6,3.5,22.5
Andre Marriner,2018-12-22,14,4,3.3,21.5
Andre Marriner,2018-12-26,18,3,3.4,20.9
Andre Marriner,2019-01-02,21,3,3.5,21.0
Andre Marriner,2019-01-20,21,4,3.3,20.7
Andre Marriner,2019-01-30,22,7,3.8,19.6
Andre Marriner,2019-02-02,16,1,3.3,19.4
Andre Marriner,2019-02-27,23,2,3.3,20.1
Andre Marriner,2019-03-02,19,3,3.6,20.6
Andre Marriner,2019-03-10,12,2,3.5,19.7
Andre Marriner,2019-04-03,14,1,3.0,18.0
Andre Marriner,2019-04-16,27,1,2.7,19.3
Andre Marriner,2019-04-24,23,4,2.8,19.8
Andre Marriner,2019-05-04,14,2,2.7,19.1
Andre Marriner,2019-05-12,28,2,2.5,19.8
Andre Marriner,2019-08-11,20,2,2.0,19.6
Andre Marriner,2019-08-17,21,3,2.2,20.1
Andre Marriner,2019-08-25,22,4,2.4,20.0
Andre Marriner,2019-09-14,13,0,2.1,19.4
Andre Marriner,2019-10-05,15,2,2.1,19.7
Andre Marriner,2019-10-19,22,3,2.3,20.5
Andre Marriner,2019-10-25,20,0,2.2,19.8
Andre Marriner,2019-11-08,28,6,2.4,20.3
Andre Marriner,2019-11-24,26,3,2.5,21.5
Andre Marriner,2019-12-04,24,3,2.6,21.1
Andre Marriner,2019-12-14,20,3,2.7,21.1
Andre Marriner,2019-12-26,22,2,2.6,21.2
Andre Marriner,2020-01-01,26,4,2.6,21.6
Andre Marriner,2020-01-18,28,1,2.7,23.1
Andre Marriner,2020-01-21,29,3,2.8,24.5
Andre Marriner,2020-02-29,19,4,2.9,24.2
Andre Marriner,2020-03-07,15,4,3.3,23.7
Andre Marriner,2020-06-22,19,2,2.9,22.8
Andre Marriner,2020-06-30,22,1,2.7,22.4
Andre Marriner,2020-07-05,17,3,2.7,21.7
Andre Marriner,2020-07-11,15,1,2.5,21.2
Andre Marriner,2020-07-16,22,1,2.4,21.2
Andre Marriner,2020-07-22,26,1,2.1,21.2
Andre Marriner,2020-07-26,29,5,2.5,21.3
Andre Marriner,2020-09-21,18,3,2.5,20.2
Andre Marriner,2020-09-26,21,1,2.2,20.4
Andre Marriner,2020-10-18,24,2,2.0,21.3
Andre Marriner,2020-11-02,20,2,2.0,21.4
Andre Marriner,2020-11-23,34,2,2.1,22.6
Andre Marriner,2020-12-05,23,0,1.8,23.2
Andre Marriner,2020-12-13,18,4,2.1,23.5
Andre Marriner,2020-12-19,21,4,2.4,23.4
Andre Marriner,2020-12-26,20,4,2.7,22.8
Andre Marriner,2021-01-04,23,4,2.6,22.2
Andre Marriner,2021-01-14,23,2,2.5,22.7
Andre Marriner,2021-01-17,25,4,2.8,23.1
Andre Marriner,2021-02-04,40,5,3.1,24.7
Andre Marriner,2021-02-08,16,2,3.1,24.3
Andre Marriner,2021-02-17,19,3,3.2,22.8
Andre Marriner,2021-02-23,31,3,3.5,23.6
Andre Marriner,2021-03-03,20,1,3.2,23.8
Andre Marriner,2021-03-06,19,2,3.0,23.6
Andre Marriner,2021-03-13,36,0,2.6,25.2
Andre Marriner,2021-04-04,30,0,2.2,25.9
Andre Marriner,2021-04-10,29,4,2.4,26.5
Andre Marriner,2021-04-24,17,3,2.3,25.7
Andre Marriner,2021-05-02,22,2,2.0,23.9
Andre Marriner,2021-05-12,15,1,1.9,23.8
Andre Marriner,2021-05-15,17,1,1.7,23.6
Andre Marriner,2021-08-14,21,2,1.6,22.6
Andre Marriner,2021-08-29,27,6,2.1,23.3
Andre Marriner,2021-09-27,25,6,2.5,23.9
Andre Marriner,2021-10-17,22,8,3.3,22.5
Andre Marriner,2021-10-30,25,5,3.8,22.0
Andre Marriner,2021-11-06,18,5,3.9,20.9
Andre Marriner,2021-11-21,26,5,4.1,21.8
Andre Marriner,2021-11-27,22,1,4.0,21.8
Andre Marriner,2021-12-04,21,4,4.3,22.4
Andre Marriner,2021-12-18,23,4,4.6,23.0
Andre Marriner,2022-01-19,20,0,4.4,22.9
Andre Marriner,2022-02-12,19,2,4.0,22.1
Andre Marriner,2022-02-23,25,3,3.7,22.1
Andre Marriner,2022-03-05,22,2,3.1,22.1
Andre Marriner,2022-03-16,22,1,2.7,21.8
Andre Marriner,2022-04-02,28,4,2.6,22.8
Andre Marriner,2022-04-09,27,2,2.3,22.9
Andre Marriner,2022-04-30,29,4,2.6,23.6
Andre Marriner,2022-05-22,20,1,2.3,23.5
Andy Madley,2018-03-31,25,4,4.0,25.0
Andy Madley,2018-12-15,13,0,2.0,19.0
Andy Madley,2018-12-29,24,2,2.0,20.666666666666668
Andy Madley,2019-08-24,17,1,1.75,19.75
Andy Madley,2019-10-05,33,4,2.2,22.4
Andy Madley,2019-10-26,30,3,2.3333333333333335,23.666666666666668
Andy Madley,2019-12-14,28,5,2.7142857142857144,24.285714285714285
Andy Madley,2019-12-28,29,3,2.75,24.875
Andy Madley,2020-01-01,18,4,2.888888888888889,24.11111111111111
Andy Madley,2020-01-18,28,6,3.2,24.5
Andy Madley,2020-02-01,25,5,3.3,24.5
Andy Madley,2020-02-29,27,7,4.0,25.9
Andy Madley,2020-06-24,25,1,3.9,26.0
Andy Madley,2020-07-08,22,0,3.8,26.5
Andy Madley,2020-10-04,25,4,3.8,25.7
Andy Madley,2020-11-08,31,1,3.6,25.8
Andy Madley,2020-11-22,28,2,3.3,25.8
Andy Madley,2020-12-13,26,1,3.1,25.5
Andy Madley,2020-12-29,36,4,3.1,27.3
Andy Madley,2021-01-02,30,3,2.8,27.5
Andy Madley,2021-01-12,28,8,3.1,27.8
Andy Madley,2021-01-27,26,2,2.6,27.7
Andy Madley,2021-02-03,34,2,2.7,28.6
Andy Madley,2021-02-14,25,2,2.9,28.9
Andy Madley,2021-03-03,18,2,2.7,28.2
Andy Madley,2021-03-06,31,1,2.7,28.2
Andy Madley,2021-04-04,44,3,2.8,29.8
Andy Madley,2021-04-22,30,2,2.9,30.2
Andy Madley,2021-05-11,37,5,3.0,30.3
Andy Madley,2021-05-19,29,2,2.9,30.2
Andy Madley,2021-08-14,31,2,2.3,30.5
Andy Madley,2021-09-18,27,4,2.5,30.6
Andy Madley,2021-09-26,26,0,2.3,29.8
Andy Madley,2021-10-23,34,5,2.6,30.7
Andy Madley,2021-11-05,27,4,2.8,31.6
Andy Madley,2021-11-28,26,0,2.7,31.1
Andy Madley,2021-11-30,20,0,2.4,28.7
Andy Madley,2021-12-12,30,2,2.4,28.7
Andy Madley,2022-01-15,31,4,2.3,28.1
Andy Madley,2022-02-19,19,2,2.3,27.1
Andy Madley,2022-03-05,25,3,2.4,26.5
Andy Madley,2022-03-19,32,6,2.6,27.0
Andy Madley,2022-04-02,20,0,2.6,26.4
Andy Madley,2022-04-16,18,0,2.1,24.8
Andy Madley,2022-04-23,39,5,2.2,26.0
Andy Madley,2022-05-07,29,2,2.4,26.3
Anthony Taylor,2017-08-12,26,3,3.0,26.0
Anthony Taylor,2017-08-20,38,7,5.0,32.0
Anthony Taylor,2017-08-27,22,4,4.666666666666667,28.666666666666668
Anthony Taylor,2017-09-09,28,1,3.75,28.5
Anthony Taylor,2017-09-16,19,2,3.4,26.6
Anthony Taylor,2017-09-23,31,6,3.8333333333333335,27.333333333333332
Anthony Taylor,2017-11-05,41,4,3.857142857142857,29.285714285714285
Anthony Taylor,2017-11-18,34,5,4.0,29.875
Anthony Taylor,2017-11-28,23,3,3.888888888888889,29.11111111111111
Anthony Taylor,2017-12-09,27,7,4.2,28.9
Anthony Taylor,2017-12-13,23,0,3.9,28.6
Anthony Taylor,2017-12-17,22,4,3.6,27.0
Anthony Taylor,2017-12-26,23,6,3.8,27.1
Anthony Taylor,2017-12-30,23,4,4.1,26.6
Anthony Taylor,2018-01-03,28,5,4.4,27.5
Anthony Taylor,2018-01-15,28,3,4.1,27.2
Anthony Taylor,2018-02-03,21,1,3.8,25.2
Anthony Taylor,2018-02-10,28,3,3.6,24.6
Anthony Taylor,2018-02-24,24,4,3.7,24.7
Anthony Taylor,2018-03-03,24,1,3.1,24.4
Anthony Taylor,2018-03-10,19,3,3.4,24.0
Anthony Taylor,2018-03-17,11,1,3.1,22.9
Anthony Taylor,2018-04-07,25,1,2.6,23.1
Anthony Taylor,2018-04-15,22,1,2.3,23.0
Anthony Taylor,2018-04-28,27,6,2.4,22.9
Anthony Taylor,2018-05-06,23,5,2.6,22.4
Anthony Taylor,2018-05-13,23,3,2.8,22.6
Anthony Taylor,2018-08-12,28,3,2.8,22.6
Anthony Taylor,2018-08-18,18,0,2.4,22.0
Anthony Taylor,2018-08-26,30,6,2.9,22.6
Anthony Taylor,2018-09-02,36,7,3.3,24.3
Anthony Taylor,2018-09-17,34,5,3.7,26.6
Anthony Taylor,2018-09-22,27,2,3.8,26.8
Anthony Taylor,2018-09-29,33,4,4.1,27.9
Anthony Taylor,2018-10-06,28,4,3.9,28.0
Anthony Taylor,2018-10-21,35,3,3.7,29.2
Anthony Taylor,2018-10-27,25,3,3.7,29.4
Anthony Taylor,2018-11-05,22,3,3.7,28.8
Anthony Taylor,2018-11-11,26,2,3.9,29.6
Anthony Taylor,2018-11-26,18,1,3.4,28.4
Anthony Taylor,2018-12-05,12,0,2.7,26.0
Anthony Taylor,2018-12-08,22,2,2.4,24.8
Anthony Taylor,2018-12-15,20,2,2.4,24.1
Anthony Taylor,2018-12-26,16,3,2.3,22.4
Anthony Taylor,2019-01-03,21,6,2.5,21.7
Anthony Taylor,2019-01-13,27,5,2.7,20.9
Anthony Taylor,2019-01-19,31,2,2.6,21.5
Anthony Taylor,2019-02-02,20,4,2.7,21.3
Anthony Taylor,2019-02-09,22,4,2.9,20.9
Anthony Taylor,2019-02-23,22,3,3.1,21.3
Anthony Taylor,2019-02-27,28,1,3.2,22.9
Anthony Taylor,2019-03-02,33,5,3.5,24.0
Anthony Taylor,2019-03-09,29,4,3.7,24.9
Anthony Taylor,2019-03-17,30,3,3.7,26.3
Anthony Taylor,2019-04-01,25,2,3.3,26.7
Anthony Taylor,2019-04-20,17,2,3.0,25.7
Anthony Taylor,2019-04-27,11,2,3.0,23.7
Anthony Taylor,2019-05-05,24,7,3.3,24.1
Anthony Taylor,2019-05-12,24,1,3.0,24.3
Anthony Taylor,2019-08-11,34,7,3.4,25.5
Anthony Taylor,2019-08-17,28,2,3.5,25.5
Anthony Taylor,2019-08-24,17,2,3.2,23.9
Anthony Taylor,2019-09-01,23,8,3.6,23.3
Anthony Taylor,2019-09-15,25,6,3.9,22.8
Anthony Taylor,2019-09-22,21,4,4.1,22.4
Anthony Taylor,2019-09-28,13,2,4.1,22.0
Anthony Taylor,2019-10-19,22,2,4.1,23.1
Anthony Taylor,2019-10-27,23,6,4.0,23.0
Anthony Taylor,2019-11-02,18,6,4.5,22.4
Anthony Taylor,2019-11-10,31,7,4.5,22.1
Anthony Taylor,2019-11-23,25,8,5.1,21.8
Anthony Taylor,2019-12-03,24,6,5.5,22.5
Anthony Taylor,2019-12-07,23,5,5.2,22.5
Anthony Taylor,2019-12-22,23,7,5.3,22.3
Anthony Taylor,2019-12-26,30,0,4.9,23.2
Anthony Taylor,2019-12-29,14,1,4.8,23.3
Anthony Taylor,2020-01-11,30,0,4.6,24.1
Anthony Taylor,2020-01-19,26,1,4.1,24.4
Anthony Taylor,2020-02-01,26,7,4.2,25.2
Anthony Taylor,2020-02-17,27,7,4.2,24.8
Anthony Taylor,2020-02-29,22,2,3.6,24.5
Anthony Taylor,2020-03-07,31,8,3.8,25.2
Anthony Taylor,2020-06-17,15,2,3.5,24.4
Anthony Taylor,2020-06-20,19,2,3.0,24.0
Anthony Taylor,2020-06-24,22,1,3.1,23.2
Anthony Taylor,2020-07-02,18,4,3.4,23.6
Anthony Taylor,2020-07-07,32,6,4.0,23.8
Anthony Taylor,2020-07-12,20,2,4.1,23.2
Anthony Taylor,2020-07-16,30,3,3.7,23.6
Anthony Taylor,2020-07-19,27,3,3.3,23.6
Anthony Taylor,2020-07-26,19,1,3.2,23.3
Anthony Taylor,2020-09-13,23,2,2.6,22.5
Anthony Taylor,2020-09-19,33,3,2.7,24.3
Anthony Taylor,2020-10-04,33,3,2.8,25.7
Anthony Taylor,2020-10-19,39,4,3.1,27.4
Anthony Taylor,2020-10-24,23,2,2.9,27.9
Anthony Taylor,2020-11-08,25,5,2.8,27.2
Anthony Taylor,2020-11-22,24,3,2.9,27.6
Anthony Taylor,2020-12-05,22,0,2.6,26.8
Anthony Taylor,2020-12-16,20,2,2.5,26.1
Anthony Taylor,2020-12-20,17,1,2.5,25.9
Anthony Taylor,2020-12-26,34,8,3.1,27.0
Anthony Taylor,2021-01-03,26,4,3.2,26.3
Anthony Taylor,2021-01-26,28,4,3.3,25.8
Anthony Taylor,2021-01-30,24,1,3.0,24.3
Anthony Taylor,2021-02-06,19,2,3.0,23.9
Anthony Taylor,2021-02-13,17,3,2.8,23.1
Anthony Taylor,2021-02-20,28,2,2.7,23.5
Anthony Taylor,2021-02-28,29,2,2.9,24.2
Anthony Taylor,2021-03-07,26,3,3.0,24.8
Anthony Taylor,2021-03-20,22,1,3.0,25.3
Anthony Taylor,2021-04-03,25,5,2.7,24.4
Anthony Taylor,2021-04-11,25,1,2.4,24.3
Anthony Taylor,2021-04-19,27,3,2.3,24.2
Anthony Taylor,2021-05-03,16,3,2.5,23.4
Anthony Taylor,2021-05-08,27,2,2.5,24.2
Anthony Taylor,2021-05-13,27,3,2.5,25.2
Anthony Taylor,2021-05-19,20,3,2.6,24.4
Anthony Taylor,2021-05-23,22,2,2.6,23.7
Anthony Taylor,2021-08-15,24,3,2.6,23.5
Anthony Taylor,2021-08-21,18,4,2.9,23.1
Anthony Taylor,2021-08-28,20,2,2.6,22.6
Anthony Taylor,2021-09-11,17,1,2.6,21.8
Anthony Taylor,2021-09-18,20,3,2.6,21.1
Anthony Taylor,2021-10-03,31,5,2.8,22.6
Anthony Taylor,2021-10-16,24,2,2.8,22.3
Anthony Taylor,2021-10-24,20,6,3.1,21.6
Anthony Taylor,2021-10-31,44,5,3.3,24.0
Anthony Taylor,2021-11-20,24,6,3.7,24.2
Anthony Taylor,2021-11-28,29,7,4.1,24.7
Anthony Taylor,2021-12-04,35,6,4.3,26.4
Anthony Taylor,2021-12-15,18,5,4.6,26.2
Anthony Taylor,2021-12-28,23,7,5.2,26.8
Anthony Taylor,2022-01-02,25,3,5.2,27.3
Anthony Taylor,2022-02-08,32,5,5.2,27.4
Anthony Taylor,2022-02-19,17,3,5.3,26.7
Anthony Taylor,2022-02-27,12,1,4.8,25.9
Anthony Taylor,2022-03-05,38,7,5.0,25.3
Anthony Taylor,2022-03-13,23,3,4.7,25.2
Anthony Taylor,2022-03-20,22,1,4.1,24.5
Anthony Taylor,2022-04-02,25,2,3.7,23.5
Anthony Taylor,2022-04-10,23,5,3.7,24.0
Anthony Taylor,2022-04-24,17,4,3.4,23.4
Anthony Taylor,2022-05-11,27,1,3.2,23.6
Anthony Taylor,2022-05-15,16,4,3.1,22.0
Anthony Taylor,2022-05-19,24,5,3.3,22.7
Anthony Taylor,2022-05-22,11,1,3.3,22.6
C Kavanagh,2022-10-01,24,4,4.0,24.0
C Kavanagh,2022-10-09,16,4,4.0,20.0
C Kavanagh,2022-10-16,21,2,3.3333333333333335,20.333333333333332
C Kavanagh,2022-10-30,22,4,3.5,20.75
C Kavanagh,2022-11-13,25,9,4.6,21.6
C Kavanagh,2023-03-04,14,2,4.166666666666667,20.333333333333332
C Kavanagh,2023-03-12,14,1,3.7142857142857144,19.428571428571427
C Kavanagh,2023-04-01,27,8,4.25,20.375
C Kavanagh,2023-04-08,25,0,3.7777777777777777,20.88888888888889
C Kavanagh,2023-04-26,14,0,3.4,20.2
C Kavanagh,2023-04-30,26,1,3.1,20.4
C Kavanagh,2023-05-07,28,3,3.0,21.6
C Kavanagh,2023-05-20,13,1,2.9,20.8
C Kavanagh,2023-09-24,25,2,2.7,21.1
C Kavanagh,2023-09-30,18,5,2.3,20.4
C Kavanagh,2023-10-21,21,6,2.7,21.1
C Kavanagh,2023-10-29,22,5,3.1,21.9
C Kavanagh,2023-11-11,14,3,2.6,20.6
C Kavanagh,2023-11-25,20,4,3.0,20.1
C Kavanagh,2023-12-02,21,7,3.7,20.8
C Kavanagh,2023-12-06,24,4,4.0,20.6
C Kavanagh,2023-12-10,22,4,4.1,20.0
C Kavanagh,2023-12-17,27,4,4.4,21.4
C Kavanagh,2023-12-23,27,7,4.9,21.6
C Kavanagh,2023-12-26,21,6,5.0,21.9
C Kavanagh,2024-01-13,14,3,4.7,21.2
C Kavanagh,2024-02-10,19,3,4.5,20.9
C Kavanagh,2024-03-10,26,2,4.4,22.1
C Kavanagh,2024-03-30,26,2,4.2,22.7
C Kavanagh,2024-04-14,20,2,3.7,22.6
C Kavanagh,2024-05-04,16,1,3.4,21.8
C Kavanagh,2024-05-14,25,6,3.6,22.1
C Kavanagh,2024-05-19,25,2,3.4,21.9
C Kavanagh,2024-08-19,23,2,2.9,21.5
C Kavanagh,2024-08-31,19,5,2.8,21.3
C Kavanagh,2024-09-15,23,6,3.1,22.2
C Kavanagh,2024-09-29,30,8,3.6,23.3
C Kavanagh,2024-10-06,23,8,4.2,23.0
C Kavanagh,2024-10-20,13,5,4.5,21.7
C Kavanagh,2024-11-23,18,0,4.3,21.5
C Kavanagh,2024-12-01,17,4,4.6,21.6
C Kavanagh,2024-12-08,19,6,4.6,21.0
C Kavanagh,2024-12-16,17,2,4.6,20.2
C Kavanagh,2024-12-22,32,5,4.9,21.1
C Kavanagh,2024-12-29,19,3,4.7,21.1
C Kavanagh,2025-01-14,17,3,4.4,20.5
C Kavanagh,2025-01-18,28,5,4.1,20.3
C Kavanagh,2025-02-01,25,8,4.1,20.5
C Kavanagh,2025-02-26,23,1,3.7,21.5
C Kavanagh,2025-03-08,16,5,4.2,21.3
C Kavanagh,2025-03-16,23,6,4.4,21.9
C Kavanagh,2025-04-06,19,3,4.1,21.9
C Kavanagh,2025-04-13,16,2,4.1,21.8
C Kavanagh,2025-04-20,17,0,3.6,20.3
C Kavanagh,2025-04-26,22,0,3.3,20.6
C Kavanagh,2025-05-11,22,2,3.2,21.1
C Kavanagh,2025-05-16,24,7,3.4,20.7
C Kavanagh,2025-08-18,14,2,2.8,19.6
C Kavanagh,2025-08-24,22,2,2.9,19.5
C Kavanagh,2025-08-31,17,4,2.8,19.6
C Kavanagh,2025-09-13,27,5,2.7,20.0
C Kavanagh,2025-09-20,23,3,2.7,20.4
C Kavanagh,2025-09-27,18,4,2.9,20.6
C Kavanagh,2025-10-18,29,4,3.3,21.8
C Kavanagh,2025-11-01,23,3,3.6,21.9
C Kavanagh,2025-11-09,29,6,4.0,22.6
C Kavanagh,2025-11-22,19,6,3.9,22.1
C Kavanagh,2025-11-30,34,4,4.1,24.1
C Kavanagh,2025-12-06,32,7,4.6,25.1
C Kavanagh,2025-12-20,22,2,4.4,25.6
C Kavanagh,2025-12-27,16,4,4.3,24.5
C Kavanagh,2026-01-01,18,2,4.2,24.0
C Kavanagh,2026-01-03,21,4,4.2,24.3
C Kavanagh,2026-01-17,17,6,4.4,23.1
C Kavanagh,2026-01-31,27,3,4.4,23.5
C Kavanagh,2026-02-11,18,1,3.9,22.4
C Kavanagh,2026-03-01,25,4,3.7,23.0
C Kavanagh,2026-03-04,26,5,3.8,22.2
C Kavanagh,2026-03-15,21,0,3.1,21.1
C Kavanagh,2026-03-21,15,4,3.3,20.4
C Kavanagh,2026-04-12,24,4,3.3,21.2
C Kavanagh,2026-04-19,20,2,3.3,21.4
C Kavanagh,2026-04-27,15,6,3.5,20.8
C Kavanagh,2026-05-02,22,6,3.5,21.3
C Kavanagh,2026-05-10,26,7,3.9,21.2
C Kavanagh,2026-05-15,21,4,4.2,21.5
C Kavanagh,2026-05-24,33,5,4.3,22.3
C Pawson,2022-08-06,25,5,5.0,25.0
C Pawson,2022-08-20,22,3,4.0,23.5
C Pawson,2022-08-28,24,7,5.0,23.666666666666668
C Pawson,2022-09-01,22,4,4.75,23.25
C Pawson,2022-09-17,21,4,4.6,22.8
C Pawson,2022-10-16,24,4,4.5,23.0
C Pawson,2022-10-22,23,4,4.428571428571429,23.0
C Pawson,2022-11-12,20,2,4.125,22.625
C Pawson,2022-12-26,31,7,4.444444444444445,23.555555555555557
C Pawson,2022-12-30,23,1,4.1,23.5
C Pawson,2023-01-15,31,6,4.2,24.1
C Pawson,2023-01-21,20,6,4.5,23.9
C Pawson,2023-02-04,21,4,4.2,23.6
C Pawson,2023-02-11,20,2,4.0,23.4
C Pawson,2023-02-25,23,1,3.7,23.6
C Pawson,2023-03-04,31,5,3.8,24.3
C Pawson,2023-03-11,26,4,3.8,24.6
C Pawson,2023-04-05,23,3,3.9,24.9
C Pawson,2023-04-17,18,1,3.3,23.6
C Pawson,2023-04-29,26,3,3.5,23.9
C Pawson,2023-05-15,28,3,3.2,23.6
C Pawson,2023-08-11,19,0,2.6,23.5
C Pawson,2023-08-26,24,7,2.9,23.8
C Pawson,2023-09-16,20,8,3.5,23.8
C Pawson,2023-09-30,30,9,4.3,24.5
C Pawson,2023-10-07,19,1,3.9,23.3
C Pawson,2023-10-21,18,2,3.7,22.5
C Pawson,2023-11-04,17,1,3.5,21.9
C Pawson,2023-12-03,28,8,4.2,22.9
C Pawson,2023-12-06,27,4,4.3,23.0
C Pawson,2023-12-26,20,4,4.4,22.2
C Pawson,2024-01-22,23,5,4.9,22.6
C Pawson,2024-02-11,28,4,4.6,23.0
C Pawson,2024-03-02,15,3,4.1,22.5
C Pawson,2024-04-03,20,2,3.4,21.5
C Pawson,2024-04-13,25,5,3.8,22.1
C Pawson,2024-04-21,16,3,3.9,21.9
C Pawson,2024-04-27,27,8,4.6,22.9
C Pawson,2024-05-04,21,4,4.2,22.2
C Pawson,2024-05-19,19,4,4.2,21.4
C Pawson,2024-08-17,31,6,4.4,22.5
C Pawson,2024-08-24,22,3,4.2,22.4
C Pawson,2024-09-14,22,5,4.3,21.8
C Pawson,2024-10-05,20,3,4.3,22.3
C Pawson,2024-10-25,25,7,4.8,22.8
C Pawson,2024-11-03,28,2,4.5,23.1
C Pawson,2024-11-25,19,1,4.3,23.4
C Pawson,2024-12-03,27,6,4.1,23.4
C Pawson,2024-12-14,15,3,4.0,22.8
C Pawson,2024-12-22,22,4,4.0,23.1
C Pawson,2024-12-26,25,5,3.9,22.5
C Pawson,2024-12-30,23,5,4.1,22.6
C Pawson,2025-01-14,27,6,4.2,23.1
C Pawson,2025-01-25,21,5,4.4,23.2
C Pawson,2025-02-19,14,1,3.8,22.1
C Pawson,2025-02-22,31,4,4.0,22.4
C Pawson,2025-03-15,20,3,4.2,22.5
C Pawson,2025-04-03,23,10,4.6,22.1
C Pawson,2025-04-12,22,3,4.6,22.8
C Pawson,2025-04-22,19,6,4.8,22.5
C Pawson,2025-05-04,25,3,4.6,22.5
C Pawson,2025-05-25,16,3,4.4,21.8
C Pawson,2025-08-16,24,2,4.0,21.5
C Pawson,2025-08-31,20,0,3.5,21.4
C Pawson,2025-09-13,35,3,3.7,23.5
C Pawson,2025-09-27,24,4,3.7,22.8
C Pawson,2025-10-18,18,1,3.5,22.6
C Pawson,2025-10-26,17,2,2.7,22.0
C Pawson,2025-11-08,26,3,2.7,22.4
C Pawson,2025-11-29,10,0,2.1,21.5
C Pawson,2025-12-02,16,1,1.9,20.6
C Pawson,2025-12-13,23,3,1.9,21.3
C Pawson,2025-12-27,16,2,1.9,20.5
C Pawson,2026-01-04,15,2,2.1,20.0
C Pawson,2026-01-25,20,2,2.0,18.5
C Pawson,2026-02-08,29,6,2.2,19.0
C Pawson,2026-02-22,19,2,2.3,19.1
C Pawson,2026-02-27,32,6,2.7,20.6
C Pawson,2026-03-03,19,3,2.7,19.9
C Pawson,2026-04-21,21,2,2.9,21.0
C Pawson,2026-05-02,20,4,3.2,21.4
C Pawson,2026-05-09,34,6,3.5,22.5
C Pawson,2026-05-24,18,2,3.5,22.7
Chris Kavanagh,2017-09-09,17,2,2.0,17.0
Chris Kavanagh,2017-09-23,26,5,3.5,21.5
Chris Kavanagh,2017-11-25,24,3,3.3333333333333335,22.333333333333332
Chris Kavanagh,2017-12-02,23,3,3.25,22.5
Chris Kavanagh,2017-12-13,24,1,2.8,22.8
Chris Kavanagh,2017-12-16,32,6,3.3333333333333335,24.333333333333332
Chris Kavanagh,2017-12-26,27,6,3.7142857142857144,24.714285714285715
Chris Kavanagh,2018-01-01,26,4,3.75,24.875
Chris Kavanagh,2018-01-20,25,0,3.3333333333333335,24.88888888888889
Chris Kavanagh,2018-01-31,21,2,3.2,24.5
Chris Kavanagh,2018-03-03,27,2,3.2,25.5
Chris Kavanagh,2018-03-31,26,9,3.6,25.5
Chris Kavanagh,2018-04-14,25,2,3.5,25.6
Chris Kavanagh,2018-04-21,38,8,4.0,27.1
Chris Kavanagh,2018-05-05,25,3,4.2,27.2
Chris Kavanagh,2018-08-11,26,3,3.9,26.6
Chris Kavanagh,2018-08-25,27,2,3.5,26.6
Chris Kavanagh,2018-09-01,28,3,3.4,26.8
Chris Kavanagh,2018-09-22,28,3,3.7,27.1
Chris Kavanagh,2018-10-06,24,4,3.9,27.4
Chris Kavanagh,2018-10-22,25,4,4.1,27.2
Chris Kavanagh,2018-10-27,21,1,3.3,26.7
Chris Kavanagh,2018-11-10,19,2,3.3,26.1
Chris Kavanagh,2018-11-24,17,7,3.2,24.0
Chris Kavanagh,2018-12-02,23,5,3.4,23.8
Chris Kavanagh,2018-12-16,27,4,3.5,23.9
Chris Kavanagh,2018-12-26,17,3,3.6,22.9
Chris Kavanagh,2019-01-02,25,1,3.4,22.6
Chris Kavanagh,2019-01-12,25,2,3.3,22.3
Chris Kavanagh,2019-01-19,27,6,3.5,22.6
Chris Kavanagh,2019-02-27,24,4,3.5,22.5
Chris Kavanagh,2019-03-02,26,7,4.1,23.0
Chris Kavanagh,2019-03-30,26,2,4.1,23.7
Chris Kavanagh,2019-04-08,17,3,3.7,23.7
Chris Kavanagh,2019-04-12,19,5,3.7,23.3
Chris Kavanagh,2019-04-23,24,3,3.6,23.0
Chris Kavanagh,2019-04-27,23,0,3.3,23.6
Chris Kavanagh,2019-05-03,22,2,3.4,23.3
Chris Kavanagh,2019-05-12,19,1,3.3,22.7
Chris Kavanagh,2019-08-10,25,1,2.8,22.5
Chris Kavanagh,2019-08-24,34,2,2.6,23.5
Chris Kavanagh,2019-08-31,30,0,1.9,23.9
Chris Kavanagh,2019-09-20,26,4,2.1,23.9
Chris Kavanagh,2019-09-28,25,5,2.3,24.7
Chris Kavanagh,2019-10-05,32,5,2.3,26.0
Chris Kavanagh,2019-10-19,15,7,2.7,25.1
Chris Kavanagh,2019-11-02,30,7,3.4,25.8
Chris Kavanagh,2019-11-09,28,2,3.4,26.4
Chris Kavanagh,2019-11-30,13,3,3.6,25.8
Chris Kavanagh,2019-12-04,30,3,3.8,26.3
Chris Kavanagh,2019-12-07,13,1,3.7,24.2
Chris Kavanagh,2019-12-26,29,5,4.2,24.1
Chris Kavanagh,2019-12-29,16,2,4.0,23.1
Chris Kavanagh,2020-01-01,31,2,3.7,23.7
Chris Kavanagh,2020-01-18,28,2,3.4,23.3
Chris Kavanagh,2020-01-22,21,1,2.8,23.9
Chris Kavanagh,2020-02-02,22,4,2.5,23.1
Chris Kavanagh,2020-02-23,21,5,2.8,22.4
Chris Kavanagh,2020-03-01,23,7,3.2,23.4
Chris Kavanagh,2020-06-24,33,4,3.3,23.7
Chris Kavanagh,2020-07-02,32,2,3.4,25.6
Chris Kavanagh,2020-07-07,28,1,3.0,25.5
Chris Kavanagh,2020-07-13,37,4,3.2,27.6
Chris Kavanagh,2020-07-21,35,6,3.6,28.0
Chris Kavanagh,2020-07-26,24,1,3.5,27.6
Chris Kavanagh,2020-09-12,27,4,3.8,28.2
Chris Kavanagh,2020-09-26,38,6,4.0,29.8
Chris Kavanagh,2020-10-04,32,3,3.8,30.9
Chris Kavanagh,2020-10-17,31,5,3.6,31.7
Chris Kavanagh,2020-11-07,29,2,3.4,31.3
Chris Kavanagh,2020-11-22,28,2,3.4,30.9
Chris Kavanagh,2020-11-28,29,3,3.6,31.0
Chris Kavanagh,2020-12-12,26,2,3.4,29.9
Chris Kavanagh,2020-12-21,21,0,2.8,28.5
Chris Kavanagh,2020-12-29,34,3,3.0,29.5
Chris Kavanagh,2021-01-16,27,3,2.9,29.5
Chris Kavanagh,2021-01-26,19,2,2.5,27.6
Chris Kavanagh,2021-01-31,34,3,2.5,27.8
Chris Kavanagh,2021-02-06,29,5,2.5,27.6
Chris Kavanagh,2021-02-20,24,3,2.6,27.1
Chris Kavanagh,2021-03-02,15,1,2.5,25.8
Chris Kavanagh,2021-04-11,31,6,2.8,26.0
Chris Kavanagh,2021-04-24,22,4,3.0,25.6
Chris Kavanagh,2021-05-01,27,2,3.2,26.2
Chris Kavanagh,2021-05-09,31,5,3.4,25.9
Chris Kavanagh,2021-05-19,24,0,3.1,25.6
Chris Kavanagh,2021-05-23,20,1,3.0,25.7
Chris Kavanagh,2021-09-25,22,6,3.3,24.5
Chris Kavanagh,2021-10-03,32,3,3.1,24.8
Chris Kavanagh,2021-10-23,26,4,3.2,25.0
Chris Kavanagh,2021-10-31,20,3,3.4,25.5
Chris Kavanagh,2021-11-07,32,6,3.4,25.6
Chris Kavanagh,2021-12-01,21,2,3.2,25.5
Chris Kavanagh,2021-12-04,16,4,3.4,24.4
Chris Kavanagh,2021-12-11,29,7,3.6,24.2
Chris Kavanagh,2021-12-26,26,3,3.9,24.4
Chris Kavanagh,2022-01-22,23,6,4.4,24.7
Chris Kavanagh,2022-02-10,20,1,3.9,24.5
Chris Kavanagh,2022-02-19,18,6,4.2,23.1
Chris Kavanagh,2022-03-01,24,2,4.0,22.9
Chris Kavanagh,2022-04-23,24,2,3.9,23.3
Chris Kavanagh,2022-05-02,14,1,3.4,21.5
Chris Kavanagh,2022-05-08,30,4,3.6,22.4
Chris Kavanagh,2022-05-15,31,4,3.6,23.9
Chris Kavanagh,2022-05-22,26,4,3.3,23.6
Craig Pawson,2017-08-12,28,9,9.0,28.0
Craig Pawson,2017-08-20,27,7,8.0,27.5
Craig Pawson,2017-08-27,24,6,7.333333333333333,26.333333333333332
Craig Pawson,2017-09-15,20,0,5.5,24.75
Craig Pawson,2017-09-23,26,5,5.4,25.0
Craig Pawson,2017-10-01,19,2,4.833333333333333,24.0
Craig Pawson,2017-10-14,17,1,4.285714285714286,23.0
Craig Pawson,2017-10-22,30,5,4.375,23.875
Craig Pawson,2017-10-28,11,2,4.111111111111111,22.444444444444443
Craig Pawson,2017-11-18,20,2,3.9,22.2
Craig Pawson,2017-11-26,24,5,3.5,21.8
Craig Pawson,2017-12-02,29,2,3.0,22.0
Craig Pawson,2017-12-10,27,4,2.8,22.3
Craig Pawson,2017-12-16,34,6,3.4,23.7
Craig Pawson,2017-12-23,31,5,3.4,24.2
Craig Pawson,2017-12-30,31,6,3.8,25.4
Craig Pawson,2018-01-13,33,2,3.9,27.0
Craig Pawson,2018-02-11,28,2,3.6,26.8
Craig Pawson,2018-03-10,32,3,3.7,28.9
Craig Pawson,2018-04-01,26,3,3.8,29.5
Craig Pawson,2018-04-14,18,4,3.7,28.9
Craig Pawson,2018-04-22,13,1,3.6,27.3
Craig Pawson,2018-05-04,11,2,3.4,25.7
Craig Pawson,2018-05-13,27,3,3.1,25.0
Craig Pawson,2018-08-11,15,1,2.7,23.4
Craig Pawson,2018-08-18,36,4,2.5,23.9
Craig Pawson,2018-08-27,31,5,2.8,23.7
Craig Pawson,2018-09-15,28,8,3.4,23.7
Craig Pawson,2018-09-29,36,4,3.5,24.1
Craig Pawson,2018-10-07,27,6,3.8,24.2
Craig Pawson,2018-10-28,24,6,4.0,24.8
Craig Pawson,2018-11-03,27,6,4.5,26.2
Craig Pawson,2018-11-25,18,3,4.6,26.9
Craig Pawson,2018-12-02,27,3,4.6,26.9
Craig Pawson,2018-12-08,23,4,4.9,27.7
Craig Pawson,2018-12-15,17,3,4.8,25.8
Craig Pawson,2018-12-21,14,0,4.3,24.1
Craig Pawson,2018-12-27,21,2,3.7,23.4
Craig Pawson,2018-12-30,22,1,3.4,22.0
Craig Pawson,2019-01-14,9,1,2.9,20.2
Craig Pawson,2019-01-20,18,5,2.8,19.6
Craig Pawson,2019-02-06,17,2,2.4,18.6
Craig Pawson,2019-02-09,24,3,2.4,19.2
Craig Pawson,2019-02-26,18,4,2.5,18.3
Craig Pawson,2019-03-09,28,6,2.7,18.8
Craig Pawson,2019-03-17,21,3,2.7,19.2
Craig Pawson,2019-03-31,28,5,3.2,20.6
Craig Pawson,2019-04-15,21,2,3.2,20.6
Craig Pawson,2019-04-20,10,1,3.2,19.4
Craig Pawson,2019-05-04,23,6,3.7,20.8
Craig Pawson,2019-08-10,26,1,3.3,21.6
Craig Pawson,2019-08-25,26,2,3.3,22.5
Craig Pawson,2019-09-14,30,7,3.7,23.1
Craig Pawson,2019-09-29,24,2,3.5,23.7
Craig Pawson,2019-10-06,31,7,3.6,24.0
Craig Pawson,2019-12-01,30,5,3.8,24.9
Craig Pawson,2019-12-04,33,5,3.8,25.4
Craig Pawson,2019-12-07,28,3,3.9,26.1
Craig Pawson,2019-12-16,25,2,4.0,27.6
Craig Pawson,2019-12-21,36,3,3.7,28.9
Craig Pawson,2019-12-29,36,9,4.5,29.9
Craig Pawson,2020-01-19,21,4,4.7,29.4
Craig Pawson,2020-02-01,34,7,4.7,29.8
Craig Pawson,2020-02-22,31,5,5.0,30.5
Craig Pawson,2020-02-28,36,3,4.6,31.0
Craig Pawson,2020-06-20,29,1,4.2,30.9
Craig Pawson,2020-06-23,25,4,4.1,30.1
Craig Pawson,2020-06-27,36,2,4.0,30.9
Craig Pawson,2020-07-05,20,1,3.9,30.4
Craig Pawson,2020-07-08,26,5,4.1,29.4
Craig Pawson,2020-07-11,42,5,3.7,30.0
Craig Pawson,2020-07-19,26,4,3.7,30.5
Craig Pawson,2020-07-26,13,2,3.2,28.4
Craig Pawson,2020-09-14,23,1,2.8,27.6
Craig Pawson,2020-09-28,24,4,2.9,26.4
Craig Pawson,2020-10-17,31,2,3.0,26.6
Craig Pawson,2020-10-25,24,8,3.4,26.5
Craig Pawson,2020-11-08,32,4,3.6,26.1
Craig Pawson,2020-11-21,27,2,3.7,26.8
Craig Pawson,2020-12-06,24,2,3.4,26.6
Craig Pawson,2020-12-17,44,2,3.1,26.8
Craig Pawson,2020-12-20,35,4,3.1,27.7
Craig Pawson,2021-01-19,32,4,3.3,29.6
Craig Pawson,2021-01-27,29,3,3.5,30.2
Craig Pawson,2021-02-02,19,5,3.6,29.7
Craig Pawson,2021-02-06,31,6,4.0,29.7
Craig Pawson,2021-02-14,27,5,3.7,30.0
Craig Pawson,2021-02-21,24,7,4.0,29.2
Craig Pawson,2021-03-15,31,3,4.1,29.6
Craig Pawson,2021-04-04,33,5,4.4,30.5
Craig Pawson,2021-04-18,26,3,4.5,28.7
Craig Pawson,2021-04-25,45,5,4.6,29.7
Craig Pawson,2021-05-11,26,0,4.2,29.1
Craig Pawson,2021-05-15,31,1,4.0,29.3
Craig Pawson,2021-05-19,33,2,3.7,30.7
Craig Pawson,2021-05-23,24,4,3.5,30.0
Craig Pawson,2021-08-14,19,3,3.3,29.2
Craig Pawson,2021-08-22,29,5,3.1,29.7
Craig Pawson,2021-09-12,19,3,3.1,28.5
Craig Pawson,2021-09-18,23,2,2.8,27.5
Craig Pawson,2021-09-26,28,3,2.8,27.7
Craig Pawson,2021-10-16,29,3,2.6,26.1
Craig Pawson,2021-10-22,34,7,3.3,26.9
Craig Pawson,2021-11-07,21,2,3.4,25.9
Craig Pawson,2021-11-27,32,4,3.6,25.8
Craig Pawson,2021-12-05,30,4,3.6,26.4
Craig Pawson,2021-12-27,21,6,3.9,26.6
Craig Pawson,2022-01-02,31,4,3.8,26.8
Craig Pawson,2022-01-15,25,2,3.7,27.4
Craig Pawson,2022-01-22,36,9,4.4,28.7
Craig Pawson,2022-02-05,30,3,4.4,28.9
Craig Pawson,2022-02-13,45,7,4.8,30.5
Craig Pawson,2022-02-20,30,8,4.9,30.1
Craig Pawson,2022-02-26,32,6,5.3,31.2
Craig Pawson,2022-03-06,17,3,5.2,29.7
Craig Pawson,2022-03-17,33,3,5.1,30.0
Craig Pawson,2022-04-02,20,1,4.6,29.9
Craig Pawson,2022-04-16,33,6,4.8,30.1
Craig Pawson,2022-04-23,23,7,5.3,29.9
Craig Pawson,2022-04-30,24,3,4.7,28.7
Craig Pawson,2022-05-08,23,3,4.7,28.0
Craig Pawson,2022-05-22,21,1,4.1,25.6
D Bond,2023-01-03,23,8,8.0,23.0
D Bond,2023-02-04,19,3,5.5,21.0
D Bond,2023-03-18,21,3,4.666666666666667,21.0
D Bond,2023-04-04,16,2,4.0,19.75
D Bond,2023-08-19,25,4,4.0,20.8
D Bond,2024-02-03,18,4,4.0,20.333333333333332
D Bond,2024-02-25,12,3,3.857142857142857,19.142857142857142
D Bond,2024-03-16,31,6,4.125,20.625
D Bond,2024-05-19,18,5,4.222222222222222,20.333333333333332
D Bond,2024-08-24,27,4,4.2,21.0
D Bond,2024-09-14,12,4,3.8,19.9
D Bond,2024-10-05,26,5,4.0,20.6
D Bond,2024-10-27,28,8,4.5,21.3
D Bond,2024-11-09,24,6,4.9,22.1
D Bond,2024-12-01,18,1,4.6,21.4
D Bond,2024-12-07,33,4,4.6,22.9
D Bond,2024-12-26,22,5,4.8,23.9
D Bond,2025-01-05,24,6,4.8,23.2
D Bond,2025-02-01,20,0,4.3,23.4
D Bond,2025-02-22,23,2,4.1,23.0
D Bond,2025-03-15,20,3,4.0,23.8
D Bond,2025-04-12,20,7,4.2,23.2
D Bond,2025-05-25,15,0,3.4,21.9
D Coote,2022-08-13,18,3,3.0,18.0
D Coote,2022-08-28,20,2,2.5,19.0
D Coote,2022-09-18,20,2,2.3333333333333335,19.333333333333332
D Coote,2022-10-09,20,3,2.5,19.5
D Coote,2022-10-18,32,4,2.8,22.0
D Coote,2022-10-24,20,2,2.6666666666666665,21.666666666666668
D Coote,2022-11-05,14,0,2.2857142857142856,20.571428571428573
D Coote,2022-12-26,21,4,2.5,20.625
D Coote,2023-01-04,29,4,2.6666666666666665,21.555555555555557
D Coote,2023-01-12,28,7,3.1,22.2
D Coote,2023-01-22,20,3,3.1,22.4
D Coote,2023-02-04,21,5,3.4,22.5
D Coote,2023-02-18,40,9,4.1,24.5
D Coote,2023-03-12,19,1,3.9,24.4
D Coote,2023-04-03,24,3,3.8,23.6
D Coote,2023-04-08,23,3,3.9,23.9
D Coote,2023-04-16,19,3,4.2,24.4
D Coote,2023-04-23,20,3,4.1,24.3
D Coote,2023-04-29,25,2,3.9,23.9
D Coote,2023-05-20,28,6,3.8,23.9
D Coote,2023-05-28,31,8,4.3,25.0
D Coote,2023-08-12,23,4,4.2,25.2
D Coote,2023-08-21,24,3,3.6,23.6
D Coote,2023-09-17,35,6,4.1,25.2
D Coote,2023-10-07,29,3,4.1,25.7
D Coote,2023-10-22,24,1,3.9,25.8
D Coote,2023-12-17,25,10,4.6,26.4
D Coote,2023-12-24,20,8,5.1,26.4
D Coote,2023-12-30,11,2,5.1,25.0
D Coote,2024-01-14,27,5,5.0,24.9
D Coote,2024-01-31,28,5,4.7,24.6
D Coote,2024-02-18,28,8,5.1,25.1
D Coote,2024-03-03,21,6,5.4,24.8
D Coote,2024-03-31,26,8,5.6,23.9
D Coote,2024-04-14,19,4,5.7,22.9
D Coote,2024-04-27,28,4,6.0,23.3
D Coote,2024-05-04,28,5,5.5,23.6
D Coote,2024-08-25,27,4,5.1,24.3
D Coote,2024-08-31,34,9,5.8,26.6
D Coote,2024-09-21,19,4,5.7,25.8
D Coote,2024-10-06,24,4,5.6,25.4
D Coote,2024-10-27,13,6,5.4,23.9
D Coote,2024-11-09,26,3,5.1,24.4
D England,2022-08-13,24,2,2.0,24.0
D England,2022-08-27,22,3,2.5,23.0
D England,2022-08-30,19,6,3.6666666666666665,21.666666666666668
D England,2022-10-01,19,2,3.25,21.0
D England,2022-10-18,24,4,3.4,21.6
D England,2022-10-23,25,1,3.0,22.166666666666668
D England,2022-11-05,17,6,3.4285714285714284,21.428571428571427
D England,2022-12-30,14,1,3.125,20.5
D England,2023-01-14,23,4,3.2222222222222223,20.77777777777778
D England,2023-02-04,20,2,3.1,20.7
D England,2023-02-18,26,5,3.4,20.9
D England,2023-02-25,25,7,3.8,21.2
D England,2023-03-18,20,4,3.6,21.3
D England,2023-04-01,24,2,3.6,21.8
D England,2023-04-15,16,2,3.4,21.0
D England,2023-04-27,20,3,3.6,20.5
D England,2023-05-06,29,8,3.8,21.7
D England,2023-05-28,14,2,3.9,21.7
D England,2023-09-02,24,7,4.2,21.8
D England,2023-09-16,22,8,4.8,22.0
D England,2023-12-23,16,3,4.6,21.0
D England,2024-01-20,24,4,4.3,20.9
D England,2024-02-10,22,3,4.2,21.1
D England,2024-02-20,18,6,4.6,20.5
D England,2024-03-10,29,6,5.0,21.8
D England,2024-03-16,27,3,5.0,22.5
D England,2024-03-30,19,4,4.6,21.5
D England,2024-04-03,19,3,4.7,22.0
D England,2024-04-27,22,3,4.3,21.8
D England,2024-05-11,25,7,4.2,22.1
D England,2024-08-25,26,5,4.4,23.1
D England,2024-09-21,23,3,4.3,23.0
D England,2024-10-19,19,6,4.6,22.7
D England,2024-11-10,29,6,4.6,23.8
D England,2024-11-30,23,6,4.6,23.2
D England,2024-12-07,23,2,4.5,22.8
D England,2024-12-15,23,4,4.5,23.2
D England,2024-12-27,19,2,4.4,23.2
D England,2025-01-15,23,2,4.3,23.3
D England,2025-01-19,28,3,3.9,23.6
D England,2025-02-01,24,5,3.9,23.4
D England,2025-02-15,23,2,3.8,23.4
D England,2025-02-26,25,8,4.0,24.0
D England,2025-04-02,19,5,3.9,23.0
D England,2025-04-05,30,4,3.7,23.7
D England,2025-04-16,24,5,4.0,23.8
D England,2025-04-26,16,2,3.8,23.1
D England,2025-05-01,22,8,4.4,23.4
D England,2025-05-25,17,1,4.3,22.8
D England,2025-08-17,22,5,4.5,22.2
D England,2025-08-31,30,4,4.4,22.8
D England,2025-09-13,19,2,4.4,22.4
D England,2025-09-20,21,5,4.1,22.0
D England,2025-10-05,16,5,4.1,21.7
D England,2025-11-01,17,2,3.9,20.4
D England,2025-11-22,18,6,4.0,19.8
D England,2025-11-30,26,1,3.9,20.8
D England,2025-12-03,23,2,3.3,20.9
D England,2025-12-14,15,2,3.4,20.7
D England,2025-12-20,26,4,3.3,21.1
D England,2025-12-30,27,5,3.4,20.8
D England,2026-01-07,29,6,3.8,21.8
D England,2026-01-25,21,4,3.7,21.8
D England,2026-02-07,21,4,3.6,22.3
D England,2026-02-23,19,5,3.9,22.5
D England,2026-03-01,25,4,3.7,23.2
D England,2026-03-04,16,4,4.0,22.2
D England,2026-03-21,22,10,4.8,22.1
D England,2026-04-20,25,3,4.9,23.1
D England,2026-04-24,28,7,5.2,23.3
D England,2026-05-03,23,4,5.1,22.9
D England,2026-05-24,18,5,5.0,21.8
D Webb,2025-05-03,25,4,4.0,25.0
D Webb,2025-05-20,22,3,3.5,23.5
Darren England,2020-01-18,28,3,3.0,28.0
Darren England,2020-10-04,25,2,2.5,26.5
Darren England,2020-11-01,30,3,2.6666666666666665,27.666666666666668
Darren England,2020-12-12,27,5,3.25,27.5
Darren England,2020-12-26,27,2,3.0,27.4
Darren England,2021-01-13,19,2,2.8333333333333335,26.0
Darren England,2021-02-02,26,4,3.0,26.0
Darren England,2021-02-13,30,5,3.25,26.5
Darren England,2021-03-04,19,4,3.3333333333333335,25.666666666666668
Darren England,2021-04-12,21,3,3.3,25.2
Darren England,2021-04-25,20,3,3.3,24.4
Darren England,2021-05-07,25,2,3.3,24.4
Darren England,2021-08-21,20,6,3.6,23.4
Darren England,2021-09-18,21,9,4.0,22.8
Darren England,2021-10-23,30,7,4.5,23.1
Darren England,2021-11-07,23,2,4.5,23.5
Darren England,2021-11-28,20,7,4.8,22.9
Darren England,2021-12-11,25,2,4.5,22.4
Darren England,2021-12-26,20,4,4.5,22.5
Darren England,2021-12-28,26,1,4.3,23.0
Darren England,2022-01-01,25,2,4.2,23.5
Darren England,2022-02-09,20,0,4.0,23.0
Darren England,2022-03-10,24,4,3.8,23.4
Darren England,2022-03-20,26,3,3.2,23.9
Darren England,2022-04-02,27,7,3.2,23.6
Darren England,2022-04-25,31,4,3.4,24.4
Darren England,2022-05-16,22,3,3.0,24.6
David Coote,2018-04-28,21,4,4.0,21.0
David Coote,2018-08-26,23,3,3.5,22.0
David Coote,2018-09-22,29,3,3.3333333333333335,24.333333333333332
David Coote,2018-11-03,28,1,2.75,25.25
David Coote,2018-12-05,20,0,2.2,24.2
David Coote,2018-12-30,33,5,2.6666666666666665,25.666666666666668
David Coote,2019-01-02,28,5,3.0,26.0
David Coote,2019-01-29,22,5,3.25,25.5
David Coote,2019-02-26,23,4,3.3333333333333335,25.22222222222222
David Coote,2019-03-09,28,2,3.2,25.5
David Coote,2019-04-06,27,3,3.1,26.1
David Coote,2019-04-20,30,4,3.2,26.8
David Coote,2019-08-18,29,4,3.3,26.8
David Coote,2019-09-21,23,1,3.3,26.3
David Coote,2019-10-19,29,6,3.9,27.2
David Coote,2019-10-26,22,4,3.8,26.1
David Coote,2019-12-01,32,6,3.9,26.5
David Coote,2019-12-08,30,4,3.8,27.3
David Coote,2019-12-26,22,3,3.7,27.2
David Coote,2019-12-28,27,5,4.0,27.1
David Coote,2020-01-11,18,3,4.0,26.2
David Coote,2020-01-22,32,2,3.8,26.4
David Coote,2020-02-08,28,1,3.5,26.3
David Coote,2020-06-21,21,5,3.9,26.1
David Coote,2020-07-01,23,2,3.5,25.5
David Coote,2020-07-07,26,1,3.2,25.9
David Coote,2020-07-11,17,3,2.9,24.4
David Coote,2020-07-15,21,5,3.0,23.5
David Coote,2020-09-20,44,7,3.4,25.7
David Coote,2020-10-03,31,5,3.4,26.1
David Coote,2020-10-19,28,3,3.4,27.1
David Coote,2020-10-31,27,1,3.3,26.6
David Coote,2020-11-21,34,2,3.4,27.2
David Coote,2020-12-07,27,6,3.5,27.8
David Coote,2020-12-16,23,4,3.7,27.8
David Coote,2020-12-26,28,6,4.2,28.0
David Coote,2021-01-02,35,6,4.5,29.8
David Coote,2021-01-18,21,0,4.0,29.8
David Coote,2021-01-30,22,3,3.6,27.6
David Coote,2021-02-19,24,1,3.2,26.9
David Coote,2021-03-04,26,3,3.2,26.7
David Coote,2021-03-08,36,3,3.4,27.6
David Coote,2021-03-19,32,4,3.6,27.4
David Coote,2021-04-03,19,5,3.5,26.6
David Coote,2021-04-21,27,3,3.4,27.0
David Coote,2021-05-01,23,2,3.0,26.5
David Coote,2021-05-10,26,2,2.6,25.6
David Coote,2021-05-16,44,5,3.1,27.9
David Coote,2021-05-23,29,3,3.1,28.6
David Coote,2021-08-14,21,3,3.3,28.3
David Coote,2021-08-21,26,7,3.7,28.3
David Coote,2021-09-11,30,7,4.1,27.7
David Coote,2021-09-25,26,5,4.2,27.1
David Coote,2021-10-16,34,5,4.2,28.6
David Coote,2021-11-06,29,7,4.6,28.8
David Coote,2021-12-01,44,7,5.1,30.9
David Coote,2021-12-05,23,8,5.7,30.6
David Coote,2021-12-14,30,4,5.6,29.2
David Coote,2021-12-19,22,2,5.5,28.5
David Coote,2021-12-29,25,0,5.2,28.9
David Coote,2022-01-15,26,3,4.8,28.9
David Coote,2022-01-23,31,2,4.3,29.0
David Coote,2022-02-09,24,5,4.3,28.8
David Coote,2022-02-19,30,4,4.2,28.4
David Coote,2022-03-05,27,3,3.8,28.2
David Coote,2022-03-13,39,7,3.8,27.7
David Coote,2022-04-09,32,7,3.7,28.6
David Coote,2022-04-20,28,6,3.9,28.4
David Coote,2022-05-07,28,3,4.0,29.0
F Hallam,2026-01-24,30,4,4.0,30.0
F Hallam,2026-02-11,19,3,3.5,24.5
F Hallam,2026-04-11,13,2,3.0,20.666666666666668
F Hallam,2026-04-18,26,3,3.0,22.0
F Hallam,2026-05-24,21,1,2.6,21.8
G Scott,2022-08-13,14,5,5.0,14.0
G Scott,2022-10-15,20,2,3.5,17.0
G Scott,2022-11-05,26,2,3.0,20.0
G Scott,2022-12-31,21,1,2.5,20.25
G Scott,2023-02-18,14,1,2.2,19.0
G Scott,2023-04-04,24,2,2.1666666666666665,19.833333333333332
G Scott,2023-09-30,15,2,2.142857142857143,19.142857142857142
G Scott,2023-11-11,20,2,2.125,19.25
G Scott,2024-04-02,27,5,2.4444444444444446,20.11111111111111
G Scott,2024-04-21,18,5,2.7,19.9
G Scott,2024-05-04,9,2,2.4,19.4
G Scott,2024-05-19,16,1,2.3,19.0
Graham Scott,2017-08-26,30,1,1.0,30.0
Graham Scott,2017-09-09,30,4,2.5,30.0
Graham Scott,2017-09-30,18,1,2.0,26.0
Graham Scott,2017-10-21,23,1,1.75,25.25
Graham Scott,2017-11-05,32,2,1.8,26.6
Graham Scott,2017-11-18,23,2,1.8333333333333333,26.0
Graham Scott,2017-11-29,28,1,1.7142857142857142,26.285714285714285
Graham Scott,2017-12-02,16,1,1.625,25.0
Graham Scott,2017-12-13,31,3,1.7777777777777777,25.666666666666668
Graham Scott,2017-12-16,30,3,1.9,26.1
Graham Scott,2017-12-26,25,2,2.0,25.6
Graham Scott,2018-01-01,19,2,1.8,24.5
Graham Scott,2018-01-13,26,3,2.0,25.3
Graham Scott,2018-02-10,18,2,2.1,24.8
Graham Scott,2018-03-03,18,0,1.9,23.4
Graham Scott,2018-03-17,19,3,2.0,23.0
Graham Scott,2018-04-07,35,7,2.6,23.7
Graham Scott,2018-04-18,23,4,2.9,24.4
Graham Scott,2018-05-09,21,4,3.0,23.4
Graham Scott,2018-05-13,24,1,2.8,22.8
Graham Scott,2018-08-12,20,1,2.7,22.3
Graham Scott,2018-08-25,30,4,2.9,23.4
Graham Scott,2018-12-01,14,3,2.9,22.2
Graham Scott,2018-12-04,22,3,3.0,22.6
Graham Scott,2018-12-15,14,2,3.2,22.2
Graham Scott,2018-12-26,16,0,2.9,21.9
Graham Scott,2019-01-01,22,1,2.3,20.6
Graham Scott,2019-01-19,27,3,2.2,21.0
Graham Scott,2019-01-30,17,4,2.2,20.6
Graham Scott,2019-02-11,21,4,2.5,20.3
Graham Scott,2019-02-24,23,0,2.4,20.6
Graham Scott,2019-02-27,17,2,2.2,19.3
Graham Scott,2019-03-03,22,3,2.2,20.1
Graham Scott,2019-03-09,21,3,2.2,20.0
Graham Scott,2019-04-03,15,0,2.0,20.1
Graham Scott,2019-04-13,22,2,2.2,20.7
Graham Scott,2019-04-27,20,3,2.4,20.5
Graham Scott,2019-08-10,20,0,2.1,19.8
Graham Scott,2019-08-31,19,5,2.2,20.0
Graham Scott,2019-09-14,23,3,2.1,20.2
Graham Scott,2019-09-28,20,5,2.6,19.9
Graham Scott,2019-10-05,17,6,3.0,19.9
Graham Scott,2019-10-26,17,5,3.2,19.4
Graham Scott,2019-11-09,20,4,3.3,19.3
Graham Scott,2019-12-01,18,1,3.4,19.6
Graham Scott,2019-12-05,23,4,3.6,19.7
Graham Scott,2019-12-14,23,3,3.6,20.0
Graham Scott,2019-12-26,20,6,4.2,20.0
Graham Scott,2020-01-01,16,3,4.0,19.7
Graham Scott,2020-01-18,17,3,4.0,19.1
Graham Scott,2020-02-22,14,2,3.7,18.5
Graham Scott,2020-03-07,32,3,3.4,20.0
Graham Scott,2020-06-25,26,2,3.1,20.9
Graham Scott,2020-07-06,35,5,3.2,22.4
Graham Scott,2020-07-11,13,1,3.2,21.9
Graham Scott,2020-07-16,29,3,3.1,22.5
Graham Scott,2020-09-21,25,4,3.2,22.7
Graham Scott,2020-10-24,24,1,2.7,23.1
Graham Scott,2020-11-01,27,3,2.7,24.2
Graham Scott,2020-11-27,22,4,2.8,24.7
Graham Scott,2020-12-13,19,3,2.9,25.2
Graham Scott,2020-12-19,25,4,3.0,24.5
Graham Scott,2020-12-28,23,1,2.9,24.2
Graham Scott,2021-01-19,22,1,2.5,22.9
Graham Scott,2021-01-31,19,1,2.5,23.5
Graham Scott,2021-02-14,19,4,2.6,22.5
Graham Scott,2021-04-03,30,3,2.5,23.0
Graham Scott,2021-04-26,28,1,2.5,23.4
Graham Scott,2021-05-15,26,2,2.4,23.3
Graham Scott,2021-08-21,21,1,2.1,23.2
Graham Scott,2021-09-11,24,5,2.3,23.7
Graham Scott,2021-10-02,28,2,2.1,24.0
Graham Scott,2021-10-23,23,7,2.7,24.0
Graham Scott,2021-11-06,31,3,2.9,24.9
Graham Scott,2021-12-12,26,3,3.1,25.6
Graham Scott,2021-12-26,25,3,3.0,26.2
Graham Scott,2022-02-12,22,2,2.9,25.4
Graham Scott,2022-02-23,20,0,2.8,24.6
Graham Scott,2022-03-13,24,5,3.1,24.4
Graham Scott,2022-04-09,39,5,3.5,26.2
Graham Scott,2022-05-07,29,6,3.6,26.7
J Brooks,2022-08-13,21,6,6.0,21.0
J Brooks,2022-08-27,16,4,5.0,18.5
J Brooks,2022-09-03,24,6,5.333333333333333,20.333333333333332
J Brooks,2022-10-08,23,1,4.25,21.0
J Brooks,2022-10-19,21,4,4.2,21.0
J Brooks,2022-10-29,18,3,4.0,20.5
J Brooks,2022-11-12,24,5,4.142857142857143,21.0
J Brooks,2023-01-01,25,7,4.5,21.5
J Brooks,2023-01-14,26,3,4.333333333333333,22.0
J Brooks,2023-03-05,28,8,4.7,22.6
J Brooks,2023-03-11,16,3,4.4,22.1
J Brooks,2023-04-05,21,5,4.5,22.6
J Brooks,2023-04-15,28,2,4.1,23.0
J Brooks,2023-04-22,26,2,4.2,23.3
J Brooks,2023-05-03,16,1,3.9,22.8
J Brooks,2023-05-06,20,4,4.0,23.0
J Brooks,2023-05-13,18,5,4.0,22.4
J Brooks,2023-05-20,29,8,4.1,22.8
J Brooks,2023-05-28,20,4,4.2,22.2
J Brooks,2023-08-12,29,3,3.7,22.3
J Brooks,2023-08-20,21,5,3.9,22.8
J Brooks,2023-08-27,26,3,3.7,23.3
J Brooks,2023-09-24,29,6,4.1,23.4
J Brooks,2023-10-07,23,3,4.2,23.1
J Brooks,2023-10-29,21,5,4.6,23.6
J Brooks,2023-11-04,24,7,4.9,24.0
J Brooks,2023-11-12,29,5,4.9,25.1
J Brooks,2023-11-26,18,3,4.4,24.0
J Brooks,2023-12-06,26,4,4.4,24.6
J Brooks,2023-12-21,23,7,4.8,24.0
J Brooks,2023-12-27,18,6,4.9,23.7
J Brooks,2024-01-14,13,3,4.9,22.4
J Brooks,2024-01-30,26,5,4.8,22.1
J Brooks,2024-02-10,17,2,4.7,21.5
J Brooks,2024-03-02,23,3,4.5,21.7
J Brooks,2024-03-11,19,4,4.2,21.2
J Brooks,2024-04-02,22,5,4.2,20.5
J Brooks,2024-04-06,27,3,4.2,21.4
J Brooks,2024-04-13,13,1,3.9,20.1
J Brooks,2024-04-27,18,4,3.6,19.6
J Brooks,2024-05-19,15,1,3.1,19.3
J Brooks,2024-09-21,20,4,3.2,20.0
J Brooks,2024-10-20,25,7,3.4,19.9
J Brooks,2024-10-26,16,1,3.3,19.8
J Brooks,2024-11-02,34,8,3.8,20.9
J Brooks,2024-11-23,28,6,4.0,21.8
J Brooks,2024-12-01,24,5,4.0,22.0
J Brooks,2024-12-09,29,9,4.6,22.2
J Brooks,2024-12-30,14,8,5.3,22.3
J Brooks,2025-01-04,29,4,5.3,23.4
J Brooks,2025-01-16,17,4,5.6,23.6
J Brooks,2025-01-25,14,5,5.7,23.0
J Brooks,2025-02-02,25,4,5.4,23.0
J Brooks,2025-03-09,31,6,5.9,24.5
J Brooks,2025-04-01,12,3,5.4,22.3
J Brooks,2025-04-06,22,5,5.3,21.7
J Brooks,2025-05-11,22,6,5.4,21.5
J Brooks,2025-05-19,17,1,4.6,20.3
J Brooks,2025-10-04,28,2,4.0,21.7
J Brooks,2025-11-01,27,4,4.0,21.5
J Brooks,2025-11-09,28,4,4.0,22.6
J Brooks,2025-12-14,17,0,3.5,22.9
J Brooks,2025-12-20,16,6,3.7,22.0
J Brooks,2025-12-27,20,5,3.6,20.9
J Brooks,2026-01-04,17,4,3.7,21.4
J Brooks,2026-01-17,17,5,3.7,20.9
J Brooks,2026-02-01,15,3,3.4,20.2
J Brooks,2026-02-12,23,5,3.8,20.8
J Brooks,2026-05-09,20,3,3.9,20.0
J Brooks,2026-05-17,23,3,3.8,19.6
J Gillett,2022-08-07,11,0,0.0,11.0
J Gillett,2022-08-21,21,6,3.0,16.0
J Gillett,2022-08-27,18,5,3.6666666666666665,16.666666666666668
J Gillett,2022-09-16,21,6,4.25,17.75
J Gillett,2022-10-19,14,0,3.4,17.0
J Gillett,2022-10-23,18,6,3.8333333333333335,17.166666666666668
J Gillett,2022-11-12,17,4,3.857142857142857,17.142857142857142
J Gillett,2022-12-26,15,0,3.375,16.875
J Gillett,2023-01-04,18,4,3.4444444444444446,17.0
J Gillett,2023-01-14,14,2,3.3,16.7
J Gillett,2023-02-11,26,4,3.7,18.2
J Gillett,2023-02-25,13,0,3.1,17.4
J Gillett,2023-04-08,22,2,2.8,17.8
J Gillett,2023-04-26,15,2,2.4,17.2
J Gillett,2023-04-30,23,2,2.6,18.1
J Gillett,2023-05-20,20,2,2.2,18.3
J Gillett,2023-05-28,20,0,1.8,18.6
J Gillett,2023-08-27,13,3,2.1,18.4
J Gillett,2023-09-16,17,4,2.1,18.3
J Gillett,2023-09-24,20,5,2.4,18.9
J Gillett,2023-11-05,15,2,2.2,17.8
J Gillett,2023-11-25,27,7,2.9,19.2
J Gillett,2023-12-05,26,6,3.3,19.6
J Gillett,2023-12-09,27,6,3.7,20.8
J Gillett,2023-12-15,27,6,4.1,21.2
J Gillett,2023-12-28,24,5,4.4,21.6
J Gillett,2024-02-01,20,7,5.1,21.6
J Gillett,2024-02-05,6,1,4.9,20.9
J Gillett,2024-02-17,19,3,4.8,21.1
J Gillett,2024-02-24,20,4,4.7,21.1
J Gillett,2024-03-02,19,4,4.9,21.5
J Gillett,2024-03-17,25,6,4.8,21.3
J Gillett,2024-03-30,30,6,4.8,21.7
J Gillett,2024-04-04,22,3,4.5,21.2
J Gillett,2024-04-20,22,3,4.2,20.7
J Gillett,2024-04-25,13,2,3.9,19.6
J Gillett,2024-05-06,20,2,3.4,19.6
J Gillett,2024-05-11,24,8,4.1,21.4
J Gillett,2024-08-17,31,4,4.2,22.6
J Gillett,2024-09-01,22,6,4.4,22.8
J Gillett,2024-09-15,23,8,4.8,23.2
J Gillett,2024-09-28,24,8,5.0,23.1
J Gillett,2025-01-04,21,1,4.5,22.2
J Gillett,2025-02-02,15,1,4.3,21.5
J Gillett,2025-02-15,28,4,4.4,22.1
J Gillett,2025-02-23,24,5,4.7,23.2
J Gillett,2025-02-26,27,3,4.8,23.9
J Gillett,2025-03-08,15,4,4.4,23.0
J Gillett,2025-04-01,17,4,4.4,21.6
J Gillett,2025-04-12,26,5,4.3,22.0
J Gillett,2025-04-19,21,4,3.9,21.8
J Gillett,2025-05-03,23,2,3.3,21.7
J Gillett,2025-05-11,16,1,3.3,21.2
J Gillett,2025-05-18,20,8,4.0,21.7
J Gillett,2025-08-16,20,3,3.9,20.9
J Gillett,2025-08-23,19,2,3.6,20.4
J Gillett,2025-09-13,15,1,3.4,19.2
J Gillett,2025-09-28,17,3,3.3,19.4
J Gillett,2025-10-05,22,6,3.5,19.9
J Gillett,2025-10-18,24,5,3.5,19.7
J Gillett,2025-11-01,26,6,3.7,20.2
J Gillett,2025-11-09,21,3,3.8,20.0
J Gillett,2025-12-28,12,5,4.2,19.6
J Gillett,2026-01-01,15,2,3.6,19.1
J Gillett,2026-01-04,18,1,3.4,18.9
J Gillett,2026-01-17,29,8,4.0,19.9
J Gillett,2026-01-25,19,3,4.2,20.3
J Gillett,2026-02-07,19,2,4.1,20.5
J Gillett,2026-02-21,23,3,3.8,20.6
J Gillett,2026-02-28,27,6,3.9,20.9
J Gillett,2026-03-04,19,5,3.8,20.2
J Gillett,2026-03-21,15,2,3.7,19.6
J Gillett,2026-04-10,18,4,3.6,20.2
J Gillett,2026-05-02,19,1,3.5,20.6
J Gillett,2026-05-11,19,4,3.8,20.7
J Gillett,2026-05-17,19,4,3.4,19.7
J Smith,2023-05-20,25,3,3.0,25.0
J Smith,2023-09-23,29,2,2.5,27.0
J Smith,2023-10-21,26,7,4.0,26.666666666666668
J Smith,2023-12-06,17,1,3.25,24.25
J Smith,2023-12-31,21,5,3.6,23.6
J Smith,2024-08-31,17,3,3.5,22.5
J Smith,2024-09-28,26,6,3.857142857142857,23.0
J Smith,2024-12-03,16,4,3.875,22.125
Jarred Gillett,2021-09-25,32,7,7.0,32.0
Jarred Gillett,2021-11-06,28,5,6.0,30.0
Jarred Gillett,2021-12-05,19,3,5.0,26.333333333333332
Jarred Gillett,2021-12-11,17,2,4.25,24.0
Jarred Gillett,2022-02-09,24,7,4.8,24.0
Jarred Gillett,2022-03-13,14,1,4.166666666666667,22.333333333333332
Jarred Gillett,2022-04-17,25,4,4.142857142857143,22.714285714285715
Jarred Gillett,2022-04-30,28,4,4.125,23.375
Jarred Gillett,2022-05-15,13,1,3.7777777777777777,22.22222222222222
John Brooks,2021-12-01,15,5,5.0,15.0
John Brooks,2022-01-02,19,2,3.5,17.0
John Brooks,2022-02-26,30,9,5.333333333333333,21.333333333333332
John Brooks,2022-04-30,27,5,5.25,22.75
Jonathan Moss,2017-08-12,27,4,4.0,27.0
Jonathan Moss,2017-08-19,25,2,3.0,26.0
Jonathan Moss,2017-08-27,24,4,3.3333333333333335,25.333333333333332
Jonathan Moss,2017-09-09,22,4,3.5,24.5
Jonathan Moss,2017-09-16,16,2,3.2,22.8
Jonathan Moss,2017-10-01,24,4,3.3333333333333335,23.0
Jonathan Moss,2017-10-21,34,5,3.5714285714285716,24.571428571428573
Jonathan Moss,2017-10-28,30,1,3.25,25.25
Jonathan Moss,2017-11-18,28,5,3.4444444444444446,25.555555555555557
Jonathan Moss,2017-11-28,30,3,3.4,26.0
Jonathan Moss,2017-12-03,22,3,3.3,25.5
Jonathan Moss,2017-12-13,24,2,3.3,25.4
Jonathan Moss,2017-12-18,27,5,3.4,25.7
Jonathan Moss,2017-12-23,29,7,3.7,26.4
Jonathan Moss,2017-12-31,28,9,4.4,27.6
Jonathan Moss,2018-01-13,22,2,4.2,27.4
Jonathan Moss,2018-01-20,19,3,4.0,25.9
Jonathan Moss,2018-01-31,28,7,4.6,25.7
Jonathan Moss,2018-02-04,26,4,4.5,25.5
Jonathan Moss,2018-02-10,36,2,4.4,26.1
Jonathan Moss,2018-02-24,26,2,4.3,26.5
Jonathan Moss,2018-03-12,17,1,4.2,25.8
Jonathan Moss,2018-03-31,27,3,4.0,25.8
Jonathan Moss,2018-04-07,22,4,3.7,25.1
Jonathan Moss,2018-04-14,26,7,3.5,24.9
Jonathan Moss,2018-04-28,26,2,3.5,25.3
Jonathan Moss,2018-05-05,32,9,4.1,26.6
Jonathan Moss,2018-05-10,31,2,3.6,26.9
Jonathan Moss,2018-05-13,27,5,3.7,27.0
Jonathan Moss,2018-08-11,30,4,3.9,26.4
Jonathan Moss,2018-08-25,28,5,4.2,26.6
Jonathan Moss,2018-09-02,25,5,4.6,27.4
Jonathan Moss,2018-09-15,22,0,4.3,26.9
Jonathan Moss,2018-09-23,38,3,4.2,28.5
Jonathan Moss,2018-10-06,23,7,4.2,28.2
Jonathan Moss,2018-10-20,15,4,4.4,27.1
Jonathan Moss,2018-10-28,35,3,3.8,27.4
Jonathan Moss,2018-11-10,25,2,3.8,26.8
Jonathan Moss,2018-11-24,24,3,3.6,26.5
Jonathan Moss,2018-12-05,34,8,4.0,26.9
Jonathan Moss,2018-12-08,24,4,3.9,26.5
Jonathan Moss,2018-12-26,29,2,3.6,26.9
Jonathan Moss,2019-01-02,23,3,3.9,27.0
Jonathan Moss,2019-01-12,22,2,3.8,25.4
Jonathan Moss,2019-01-19,16,4,3.5,24.7
Jonathan Moss,2019-01-29,25,4,3.5,25.7
Jonathan Moss,2019-02-02,43,3,3.5,26.5
Jonathan Moss,2019-02-09,31,5,3.8,27.1
Jonathan Moss,2019-03-03,28,6,4.1,27.5
Jonathan Moss,2019-03-10,34,4,3.7,27.5
Jonathan Moss,2019-03-16,23,2,3.5,27.4
Jonathan Moss,2019-04-03,12,3,3.6,25.7
Jonathan Moss,2019-04-13,23,4,3.7,25.7
Jonathan Moss,2019-04-21,30,5,4.0,26.5
Jonathan Moss,2019-05-04,29,4,4.0,27.8
Jonathan Moss,2019-05-12,17,6,4.2,27.0
Jonathan Moss,2019-08-10,31,6,4.5,25.8
Jonathan Moss,2019-08-19,28,4,4.4,25.5
Jonathan Moss,2019-08-31,18,2,4.0,24.5
Jonathan Moss,2019-09-22,28,9,4.5,23.9
Jonathan Moss,2019-09-28,28,4,4.7,24.4
Jonathan Moss,2019-10-05,26,3,4.7,25.8
Jonathan Moss,2019-10-19,16,3,4.6,25.1
Jonathan Moss,2019-11-02,24,3,4.4,24.5
Jonathan Moss,2019-11-10,26,7,4.7,24.2
Jonathan Moss,2019-11-30,26,3,4.4,25.1
Jonathan Moss,2019-12-03,24,2,4.0,24.4
Jonathan Moss,2019-12-08,22,3,3.9,23.8
Jonathan Moss,2019-12-26,23,5,4.2,24.3
Jonathan Moss,2020-01-01,29,5,3.8,24.4
Jonathan Moss,2020-01-12,20,3,3.7,23.6
Jonathan Moss,2020-01-22,21,2,3.6,23.1
Jonathan Moss,2020-01-29,12,2,3.5,22.7
Jonathan Moss,2020-02-09,22,5,3.7,22.5
Jonathan Moss,2020-02-24,16,3,3.3,21.5
Jonathan Moss,2020-03-07,33,9,3.9,22.2
Jonathan Moss,2020-06-19,42,1,3.8,24.0
Jonathan Moss,2020-07-04,30,3,3.8,24.8
Jonathan Moss,2020-07-09,28,5,3.8,25.3
Jonathan Moss,2020-07-14,25,4,3.7,24.9
Jonathan Moss,2020-07-26,23,3,3.7,25.2
Jonathan Moss,2020-09-12,27,3,3.8,25.8
Jonathan Moss,2020-09-26,26,4,4.0,27.2
Jonathan Moss,2020-10-18,41,7,4.2,29.1
Jonathan Moss,2020-10-26,31,2,4.1,30.6
Jonathan Moss,2020-11-07,24,2,3.4,29.7
Jonathan Moss,2020-11-29,26,1,3.4,28.1
Jonathan Moss,2020-12-05,20,0,3.1,27.1
Jonathan Moss,2020-12-12,24,5,3.1,26.7
Jonathan Moss,2020-12-19,24,1,2.8,26.6
Jonathan Moss,2020-12-29,27,2,2.7,27.0
Jonathan Moss,2021-01-20,23,2,2.6,26.6
Jonathan Moss,2021-01-31,18,2,2.4,25.8
Jonathan Moss,2021-02-06,29,3,2.0,24.6
Jonathan Moss,2021-02-17,23,2,2.0,23.8
Jonathan Moss,2021-02-21,30,4,2.2,24.4
Jonathan Moss,2021-02-28,25,0,2.1,24.3
Jonathan Moss,2021-03-10,15,1,2.2,23.8
Jonathan Moss,2021-03-13,22,4,2.1,23.6
Jonathan Moss,2021-03-21,28,4,2.4,24.0
Jonathan Moss,2021-04-09,25,0,2.2,23.8
Jonathan Moss,2021-04-18,26,3,2.3,24.1
Jonathan Moss,2021-04-23,25,4,2.5,24.8
Jonathan Moss,2021-05-09,23,4,2.6,24.2
Jonathan Moss,2021-05-16,22,4,2.8,24.1
Jonathan Moss,2021-05-23,25,0,2.4,23.6
Jonathan Moss,2021-08-14,33,0,2.4,24.4
Jonathan Moss,2021-08-28,26,3,2.6,25.5
Jonathan Moss,2021-09-11,35,6,2.8,26.8
Jonathan Moss,2021-09-18,29,2,2.6,26.9
Jonathan Moss,2021-10-02,16,3,2.9,26.0
Jonathan Moss,2021-10-16,18,0,2.6,25.2
Jonathan Moss,2021-10-30,27,2,2.4,25.4
Jonathan Moss,2021-11-20,15,6,2.6,24.6
Jonathan Moss,2021-12-02,31,0,2.2,25.5
Jonathan Moss,2021-12-11,22,8,3.0,25.2
Jonathan Moss,2021-12-26,32,5,3.5,25.1
Jonathan Moss,2021-12-30,18,0,3.2,24.3
Jonathan Moss,2022-01-16,17,1,2.7,22.5
Jonathan Moss,2022-01-19,25,3,2.8,22.1
Jonathan Moss,2022-01-22,20,2,2.7,22.5
Jonathan Moss,2022-02-12,25,5,3.2,23.2
Jonathan Moss,2022-02-19,20,2,3.2,22.5
Jonathan Moss,2022-02-26,30,2,2.8,24.0
Jonathan Moss,2022-03-05,19,3,3.1,22.8
Jonathan Moss,2022-03-12,24,3,2.6,23.0
Jonathan Moss,2022-04-09,16,4,2.5,21.4
Jonathan Moss,2022-04-20,18,4,2.9,21.4
Jonathan Moss,2022-05-01,27,5,3.3,22.4
Jonathan Moss,2022-05-10,27,0,3.0,22.6
Jonathan Moss,2022-05-22,20,1,2.9,22.6
K Kavanagh,2025-02-14,27,3,3.0,27.0
Kevin Friend,2017-08-19,28,4,4.0,28.0
Kevin Friend,2017-09-11,28,3,3.5,28.0
Kevin Friend,2017-10-01,18,2,3.0,24.666666666666668
Kevin Friend,2017-10-15,24,3,3.0,24.5
Kevin Friend,2017-10-28,22,1,2.6,24.0
Kevin Friend,2017-11-05,20,2,2.5,23.333333333333332
Kevin Friend,2017-11-26,22,0,2.142857142857143,23.142857142857142
Kevin Friend,2017-12-02,25,1,2.0,23.375
Kevin Friend,2017-12-09,29,7,2.5555555555555554,24.0
Kevin Friend,2017-12-26,21,1,2.4,23.7
Kevin Friend,2017-12-30,16,2,2.2,22.5
Kevin Friend,2018-01-14,20,4,2.3,21.7
Kevin Friend,2018-01-21,27,5,2.6,22.6
Kevin Friend,2018-01-30,18,0,2.3,22.0
Kevin Friend,2018-02-25,21,1,2.3,21.9
Kevin Friend,2018-03-03,16,2,2.3,21.5
Kevin Friend,2018-04-08,21,1,2.4,21.4
Kevin Friend,2018-04-17,19,1,2.4,20.8
Kevin Friend,2018-04-29,22,1,1.8,20.1
Kevin Friend,2018-05-05,23,5,2.2,20.3
Kevin Friend,2018-05-13,13,0,2.0,20.0
Kevin Friend,2018-08-11,25,2,1.8,20.5
Kevin Friend,2018-08-19,31,2,1.5,20.9
Kevin Friend,2018-09-01,22,0,1.5,21.3
Kevin Friend,2018-09-22,25,2,1.6,21.7
Kevin Friend,2018-10-05,23,5,1.9,22.4
Kevin Friend,2018-10-20,31,6,2.4,23.4
Kevin Friend,2018-10-29,27,4,2.7,24.2
Kevin Friend,2018-11-11,24,7,3.3,24.4
Kevin Friend,2018-11-25,19,3,3.1,24.0
Kevin Friend,2018-12-01,32,8,3.9,25.9
Kevin Friend,2018-12-04,30,5,4.2,26.4
Kevin Friend,2018-12-10,31,3,4.3,26.4
Kevin Friend,2018-12-22,25,7,5.0,26.7
Kevin Friend,2018-12-29,24,4,5.2,26.6
Kevin Friend,2019-01-01,15,1,4.8,25.8
Kevin Friend,2019-01-12,21,0,4.2,24.8
Kevin Friend,2019-02-04,24,2,4.0,24.5
Kevin Friend,2019-02-23,21,2,3.5,24.2
Kevin Friend,2019-02-26,27,4,3.6,25.0
Kevin Friend,2019-03-02,14,3,3.1,23.2
Kevin Friend,2019-03-09,27,6,3.2,22.9
Kevin Friend,2019-03-30,18,2,3.1,21.6
Kevin Friend,2019-04-07,22,5,2.9,21.3
Kevin Friend,2019-04-13,16,6,3.1,20.5
Kevin Friend,2019-04-22,15,3,3.3,20.5
Kevin Friend,2019-04-26,18,0,3.3,20.2
Kevin Friend,2019-05-12,16,1,3.2,19.4
Kevin Friend,2019-08-10,31,3,3.3,20.4
Kevin Friend,2019-08-24,25,4,3.3,20.2
Kevin Friend,2019-08-31,34,9,3.9,22.2
Kevin Friend,2019-09-14,22,4,3.7,21.7
Kevin Friend,2019-09-30,37,6,4.1,23.6
Kevin Friend,2019-10-27,27,4,4.0,24.1
Kevin Friend,2019-11-02,22,1,3.5,24.7
Kevin Friend,2019-11-09,29,3,3.5,26.1
Kevin Friend,2019-11-23,19,1,3.6,26.2
Kevin Friend,2019-12-04,22,2,3.7,26.8
Kevin Friend,2019-12-07,26,2,3.6,26.3
Kevin Friend,2019-12-21,26,5,3.7,26.4
Kevin Friend,2019-12-26,20,4,3.2,25.0
Kevin Friend,2019-12-28,26,6,3.4,25.4
Kevin Friend,2020-01-11,14,3,3.1,23.1
Kevin Friend,2020-01-21,24,2,2.9,22.8
Kevin Friend,2020-02-01,24,2,3.0,23.0
Kevin Friend,2020-02-08,23,4,3.1,22.4
Kevin Friend,2020-02-19,14,1,3.1,21.9
Kevin Friend,2020-03-08,21,3,3.2,21.8
Kevin Friend,2020-06-19,30,2,3.2,22.2
Kevin Friend,2020-07-01,24,2,2.9,22.0
Kevin Friend,2020-07-04,27,2,2.7,22.7
Kevin Friend,2020-07-11,23,1,2.2,22.4
Kevin Friend,2020-07-18,24,0,1.9,23.4
Kevin Friend,2020-09-20,33,3,2.0,24.3
Kevin Friend,2020-09-26,38,4,2.2,25.7
Kevin Friend,2020-10-25,25,3,2.1,25.9
Kevin Friend,2020-10-31,31,1,2.1,27.6
Kevin Friend,2020-11-23,25,2,2.0,28.0
Kevin Friend,2020-12-05,25,2,2.0,27.5
Kevin Friend,2020-12-13,30,2,2.0,28.1
Kevin Friend,2020-12-27,16,1,1.9,27.0
Kevin Friend,2021-01-01,23,2,2.0,27.0
Kevin Friend,2021-01-12,33,3,2.3,27.9
Kevin Friend,2021-01-16,20,2,2.2,26.6
Kevin Friend,2021-01-26,21,3,2.1,24.9
Kevin Friend,2021-02-03,19,1,1.9,24.3
Kevin Friend,2021-02-07,23,1,1.9,23.5
Kevin Friend,2021-02-22,19,2,1.9,22.9
Kevin Friend,2021-02-28,22,0,1.7,22.6
Kevin Friend,2021-03-07,22,5,2.0,21.8
Kevin Friend,2021-03-13,24,3,2.2,22.6
Kevin Friend,2021-04-05,25,2,2.2,22.8
Kevin Friend,2021-04-17,23,5,2.4,21.8
Kevin Friend,2021-04-24,30,3,2.5,22.8
Kevin Friend,2021-05-01,30,2,2.4,23.7
Kevin Friend,2021-05-08,18,1,2.4,23.6
Kevin Friend,2021-05-14,21,4,2.7,23.4
Kevin Friend,2021-05-23,16,4,2.9,23.1
Kevin Friend,2021-09-25,21,5,3.4,23.0
Kevin Friend,2021-10-02,21,7,3.6,22.9
Kevin Friend,2021-10-23,20,5,3.8,22.5
Kevin Friend,2021-11-07,27,9,4.5,22.7
Kevin Friend,2021-11-30,34,8,4.8,23.8
Kevin Friend,2021-12-26,22,6,5.1,23.0
Kevin Friend,2022-01-18,19,3,5.2,21.9
Kevin Friend,2022-01-23,28,5,5.6,22.9
Kevin Friend,2022-02-13,31,4,5.6,23.9
Kevin Friend,2022-02-19,26,5,5.7,24.9
Kevin Friend,2022-02-26,11,0,5.2,23.9
Kevin Friend,2022-03-10,19,2,4.7,23.7
Kevin Friend,2022-03-18,28,9,5.1,24.5
Kevin Friend,2022-04-09,26,1,4.3,24.4
Kevin Friend,2022-04-23,20,1,3.6,23.0
Kevin Friend,2022-05-01,28,8,3.8,23.6
Kevin Friend,2022-05-15,23,5,4.0,24.0
Kevin Friend,2022-05-22,18,2,3.7,23.0
L Smith,2024-02-17,17,7,7.0,17.0
L Smith,2024-02-24,21,4,5.5,19.0
L Smith,2024-08-31,30,5,5.333333333333333,22.666666666666668
L Smith,2024-10-26,17,1,4.25,21.25
L Smith,2024-12-04,26,4,4.2,22.2
L Smith,2024-12-26,23,3,4.0,22.333333333333332
L Smith,2025-03-08,19,3,3.857142857142857,21.857142857142858
L Smith,2025-05-03,27,8,4.375,22.5
L Smith,2025-05-25,35,2,4.111111111111111,23.88888888888889
L Smith,2026-02-21,24,4,4.1,23.9
Lee Mason,2017-08-19,29,2,2.0,29.0
Lee Mason,2017-08-27,19,0,1.0,24.0
Lee Mason,2017-09-09,21,1,1.0,23.0
Lee Mason,2017-09-23,28,4,1.75,24.25
Lee Mason,2017-10-21,24,6,2.6,24.2
Lee Mason,2017-10-28,21,0,2.1666666666666665,23.666666666666668
Lee Mason,2017-11-20,20,1,2.0,23.142857142857142
Lee Mason,2017-11-26,26,2,2.0,23.5
Lee Mason,2017-12-12,33,6,2.4444444444444446,24.555555555555557
Lee Mason,2017-12-23,23,2,2.4,24.4
Lee Mason,2018-01-02,21,2,2.4,23.6
Lee Mason,2018-01-30,14,3,2.7,23.1
Lee Mason,2018-02-12,25,2,2.8,23.5
Lee Mason,2018-03-10,23,4,2.8,23.0
Lee Mason,2018-04-14,23,2,2.4,22.9
Lee Mason,2018-04-22,22,5,2.9,23.0
Lee Mason,2018-05-09,19,1,2.9,22.9
Lee Mason,2018-05-13,17,4,3.1,22.0
Lee Mason,2018-08-18,32,5,3.0,21.9
Lee Mason,2018-09-01,18,4,3.2,21.4
Lee Mason,2018-09-15,30,3,3.3,22.3
Lee Mason,2018-09-29,16,3,3.3,22.5
Lee Mason,2018-10-20,37,4,3.5,23.7
Lee Mason,2018-11-04,24,2,3.3,23.8
Lee Mason,2018-11-24,30,3,3.4,24.5
Lee Mason,2018-12-05,27,5,3.4,25.0
Lee Mason,2018-12-08,22,3,3.6,25.3
Lee Mason,2018-12-22,20,5,3.7,25.6
Lee Mason,2018-12-30,18,2,3.4,24.2
Lee Mason,2019-01-12,29,4,3.4,25.3
Lee Mason,2019-02-02,27,4,3.5,25.0
Lee Mason,2019-02-22,26,2,3.4,26.0
Lee Mason,2019-03-09,25,4,3.4,24.8
Lee Mason,2019-03-30,21,2,3.4,24.5
Lee Mason,2019-04-13,25,4,3.5,24.0
Lee Mason,2019-04-27,27,2,3.2,24.0
Lee Mason,2019-05-05,25,2,3.1,24.3
Lee Mason,2019-08-17,24,5,3.1,24.7
Lee Mason,2019-09-14,21,2,3.1,25.0
Lee Mason,2019-09-28,28,5,3.2,24.9
Lee Mason,2019-10-19,23,4,3.2,24.5
Lee Mason,2019-11-02,23,4,3.4,24.2
Lee Mason,2019-11-25,21,2,3.2,23.8
Lee Mason,2019-11-30,26,2,3.2,24.3
Lee Mason,2019-12-22,30,4,3.2,24.8
Lee Mason,2019-12-28,29,4,3.4,25.0
Lee Mason,2020-01-11,28,3,3.5,25.3
Lee Mason,2020-01-21,29,7,3.7,25.8
Lee Mason,2020-02-01,33,4,3.9,27.0
Lee Mason,2020-02-16,30,2,3.6,27.2
Lee Mason,2020-06-23,29,4,3.6,27.8
Lee Mason,2020-07-09,30,6,3.8,28.5
Lee Mason,2020-07-15,21,2,3.8,28.5
Lee Mason,2020-09-20,30,3,3.9,28.9
Lee Mason,2020-10-04,13,1,3.6,27.2
Lee Mason,2020-10-25,21,1,3.3,26.4
Lee Mason,2020-11-28,18,0,3.0,25.4
Lee Mason,2020-12-16,26,5,2.8,25.1
Lee Mason,2020-12-21,31,3,2.7,24.9
Lee Mason,2020-12-29,21,1,2.6,24.0
Lee Mason,2021-01-17,19,0,2.2,23.0
Lee Mason,2021-01-30,25,1,1.7,22.5
Lee Mason,2021-02-27,27,0,1.5,23.1
Lee Mason,2021-05-18,33,5,1.7,23.4
Lee Probert,2017-08-19,19,1,1.0,19.0
Lee Probert,2017-09-09,21,0,0.5,20.0
Lee Probert,2017-10-21,31,1,0.6666666666666666,23.666666666666668
Lee Probert,2017-11-04,7,0,0.5,19.5
Lee Probert,2017-11-18,23,8,2.0,20.2
Lee Probert,2017-11-28,27,0,1.6666666666666667,21.333333333333332
Lee Probert,2017-12-09,21,1,1.5714285714285714,21.285714285714285
Lee Probert,2017-12-23,26,3,1.75,21.875
Lee Probert,2017-12-30,24,0,1.5555555555555556,22.11111111111111
Lee Probert,2018-01-20,23,0,1.4,22.2
Lee Probert,2018-01-31,21,1,1.4,22.4
Lee Probert,2018-03-03,19,3,1.7,22.2
Lee Probert,2018-03-31,24,4,2.0,21.5
Lee Probert,2018-04-28,22,1,2.1,23.0
Lee Probert,2018-08-25,29,3,1.6,23.6
Lee Probert,2018-09-01,29,6,2.2,23.8
Lee Probert,2018-09-15,33,0,2.1,25.0
Lee Probert,2018-10-20,26,3,2.1,25.0
Lee Probert,2018-11-03,27,4,2.5,25.3
Lee Probert,2018-11-10,22,3,2.8,25.2
Lee Probert,2018-12-01,21,2,2.9,25.2
Lee Probert,2018-12-08,29,5,3.1,26.2
Lee Probert,2018-12-22,21,2,2.9,25.9
Lee Probert,2018-12-26,23,3,3.1,26.0
Lee Probert,2019-01-29,18,5,3.3,24.9
Lee Probert,2019-02-09,33,5,3.2,25.3
Lee Probert,2019-02-26,15,2,3.4,23.5
Lee Probert,2019-03-02,24,3,3.4,23.3
Lee Probert,2019-03-30,19,0,3.0,22.5
Lee Probert,2019-04-13,21,3,3.0,22.4
Lee Probert,2019-04-20,21,2,3.0,22.4
Lee Probert,2019-05-12,17,1,2.6,21.2
M Donohue,2024-05-11,28,4,4.0,28.0
M Donohue,2024-05-19,35,9,6.5,31.5
M Donohue,2025-12-20,27,6,6.333333333333333,30.0
M Donohue,2026-01-07,26,3,5.5,29.0
M Donohue,2026-03-04,26,6,5.6,28.4
M Oliver,2022-08-07,12,1,1.0,12.0
M Oliver,2022-08-13,16,5,3.0,14.0
M Oliver,2022-08-22,18,4,3.3333333333333335,15.333333333333334
M Oliver,2022-08-30,25,3,3.25,17.75
M Oliver,2022-09-03,23,3,3.2,18.8
M Oliver,2022-09-18,19,4,3.3333333333333335,18.833333333333332
M Oliver,2022-10-02,12,3,3.2857142857142856,17.857142857142858
M Oliver,2022-10-09,22,3,3.25,18.375
M Oliver,2022-10-20,22,2,3.111111111111111,18.77777777777778
M Oliver,2022-10-23,23,3,3.1,19.2
M Oliver,2022-10-29,12,1,3.1,19.2
M Oliver,2022-11-06,33,7,3.3,20.9
M Oliver,2022-12-26,30,2,3.1,22.1
M Oliver,2023-01-04,19,3,3.1,21.5
M Oliver,2023-01-13,20,4,3.2,21.2
M Oliver,2023-01-21,25,4,3.2,21.8
M Oliver,2023-02-11,21,5,3.4,22.7
M Oliver,2023-02-19,26,3,3.4,23.1
M Oliver,2023-02-24,29,2,3.4,23.8
M Oliver,2023-03-01,17,2,3.3,23.2
M Oliver,2023-03-04,17,2,3.4,23.7
M Oliver,2023-04-01,26,3,3.0,23.0
M Oliver,2023-04-08,19,0,2.8,21.9
M Oliver,2023-04-15,19,4,2.9,21.9
M Oliver,2023-04-22,21,1,2.6,22.0
M Oliver,2023-04-26,26,4,2.6,22.1
M Oliver,2023-05-01,22,5,2.6,22.2
M Oliver,2023-05-08,26,1,2.4,22.2
M Oliver,2023-05-14,10,1,2.3,20.3
M Oliver,2023-05-21,21,2,2.3,20.7
M Oliver,2023-08-12,24,4,2.5,21.4
M Oliver,2023-08-19,17,4,2.6,20.5
M Oliver,2023-09-02,24,6,3.2,21.0
M Oliver,2023-09-16,14,4,3.2,20.5
M Oliver,2023-09-23,21,4,3.5,20.5
M Oliver,2023-10-08,15,5,3.6,19.4
M Oliver,2023-10-21,22,4,3.5,19.4
M Oliver,2023-11-06,33,6,4.0,20.1
M Oliver,2023-11-11,17,1,4.0,20.8
M Oliver,2023-12-03,24,2,4.0,21.1
M Oliver,2023-12-10,24,4,4.0,21.1
M Oliver,2023-12-17,21,6,4.2,21.5
M Oliver,2023-12-28,16,2,3.8,20.7
M Oliver,2024-02-03,22,3,3.7,21.5
M Oliver,2024-02-12,21,4,3.7,21.5
M Oliver,2024-02-17,22,3,3.5,22.2
M Oliver,2024-02-24,17,7,3.8,21.7
M Oliver,2024-03-02,27,5,3.7,21.1
M Oliver,2024-03-10,16,3,3.9,21.0
M Oliver,2024-04-02,15,0,3.7,20.1
M Oliver,2024-04-06,24,3,3.6,20.1
M Oliver,2024-04-28,28,3,3.3,20.8
M Oliver,2024-05-11,24,4,3.5,21.6
M Oliver,2024-05-19,19,7,3.9,21.3
M Oliver,2024-08-17,25,4,3.9,21.7
M Oliver,2024-08-24,23,4,4.0,21.8
M Oliver,2024-08-31,13,5,3.8,21.4
M Oliver,2024-09-14,21,8,4.1,20.8
M Oliver,2024-09-22,17,7,4.5,20.9
M Oliver,2024-09-30,31,7,5.2,22.5
M Oliver,2024-10-19,22,2,5.1,22.3
M Oliver,2024-10-26,22,6,5.4,21.7
M Oliver,2024-11-02,17,3,5.3,21.0
M Oliver,2024-11-10,24,6,5.2,21.5
M Oliver,2024-11-30,19,2,5.0,20.9
M Oliver,2024-12-04,22,6,5.2,20.8
M Oliver,2024-12-15,26,5,5.2,22.1
M Oliver,2024-12-21,23,7,5.1,22.3
M Oliver,2024-12-29,17,3,4.7,22.3
M Oliver,2025-01-05,23,6,4.6,21.5
M Oliver,2025-01-25,30,1,4.5,22.3
M Oliver,2025-02-01,25,3,4.2,22.6
M Oliver,2025-02-12,29,4,4.3,23.8
M Oliver,2025-02-22,31,4,4.1,24.5
M Oliver,2025-02-25,26,3,4.2,25.2
M Oliver,2025-04-06,24,4,4.0,25.4
M Oliver,2025-05-04,33,4,3.9,26.1
M Oliver,2025-05-10,20,2,3.4,25.8
M Oliver,2025-05-18,16,2,3.3,25.7
M Oliver,2025-08-16,22,0,2.7,25.6
M Oliver,2025-08-22,17,1,2.7,24.3
M Oliver,2025-08-30,25,1,2.5,24.3
M Oliver,2025-09-14,18,2,2.3,23.2
M Oliver,2025-09-20,24,5,2.4,22.5
M Oliver,2025-09-27,25,4,2.5,22.4
M Oliver,2025-10-19,22,2,2.3,22.2
M Oliver,2025-10-26,24,5,2.4,21.3
M Oliver,2025-11-01,17,1,2.3,21.0
M Oliver,2025-11-23,26,4,2.5,22.0
M Oliver,2025-11-30,21,1,2.6,21.9
M Oliver,2025-12-06,28,2,2.7,23.0
M Oliver,2025-12-13,16,3,2.9,22.1
M Oliver,2025-12-21,25,3,3.0,22.8
M Oliver,2025-12-30,20,1,2.6,22.4
M Oliver,2026-01-04,26,6,2.8,22.5
M Oliver,2026-01-17,22,2,2.8,22.5
M Oliver,2026-01-24,16,2,2.5,21.7
M Oliver,2026-01-31,26,6,3.0,22.6
M Oliver,2026-02-07,23,3,2.9,22.3
M Oliver,2026-02-21,27,5,3.3,22.9
M Oliver,2026-03-14,19,4,3.5,22.0
M Oliver,2026-03-22,26,3,3.5,23.0
M Oliver,2026-04-11,30,4,3.6,23.5
M Oliver,2026-04-18,25,4,3.9,24.0
M Oliver,2026-04-25,26,4,3.7,24.0
M Oliver,2026-05-04,20,5,4.0,23.8
M Oliver,2026-05-17,16,1,3.9,23.8
M Oliver,2026-05-24,27,8,4.1,23.9
M Salisbury,2022-08-20,26,5,5.0,26.0
M Salisbury,2022-08-27,24,5,5.0,25.0
M Salisbury,2022-09-03,31,3,4.333333333333333,27.0
M Salisbury,2022-10-08,24,3,4.0,26.25
M Salisbury,2022-10-14,27,4,4.0,26.4
M Salisbury,2022-10-29,25,6,4.333333333333333,26.166666666666668
M Salisbury,2022-11-12,15,2,4.0,24.571428571428573
M Salisbury,2023-01-03,20,3,3.875,24.0
M Salisbury,2023-01-21,28,3,3.7777777777777777,24.444444444444443
M Salisbury,2023-02-11,23,7,4.1,24.3
M Salisbury,2023-02-18,22,6,4.2,23.9
M Salisbury,2023-03-15,24,3,4.0,23.9
M Salisbury,2023-03-18,24,8,4.5,23.2
M Salisbury,2023-04-22,20,5,4.7,22.8
M Salisbury,2023-05-13,17,2,4.5,21.8
M Salisbury,2023-08-27,23,2,4.1,21.6
M Salisbury,2023-09-16,20,4,4.3,22.1
M Salisbury,2023-09-30,21,1,4.1,22.2
M Salisbury,2023-10-29,20,3,4.1,21.4
M Salisbury,2023-11-12,21,4,3.8,21.2
M Salisbury,2023-11-27,26,4,3.6,21.6
M Salisbury,2023-12-07,23,6,3.9,21.5
M Salisbury,2023-12-27,29,5,3.6,22.0
M Salisbury,2024-01-21,21,4,3.5,22.1
M Salisbury,2024-02-17,31,4,3.7,23.5
M Salisbury,2024-03-10,28,8,4.3,24.0
M Salisbury,2024-04-06,26,4,4.3,24.6
M Salisbury,2024-04-24,16,1,4.3,24.1
M Salisbury,2024-05-15,27,4,4.4,24.8
M Salisbury,2024-08-24,19,5,4.5,24.6
M Salisbury,2024-11-09,21,2,4.3,24.1
M Salisbury,2024-12-04,18,2,3.9,23.6
M Salisbury,2024-12-08,22,3,3.7,22.9
M Salisbury,2024-12-29,37,5,3.8,24.5
M Salisbury,2025-01-04,21,3,3.7,23.5
M Salisbury,2025-01-18,16,4,3.3,22.3
M Salisbury,2025-01-25,21,2,3.1,21.8
M Salisbury,2025-02-22,26,6,3.6,22.8
M Salisbury,2025-03-10,22,1,3.3,22.3
M Salisbury,2025-03-15,17,2,3.0,22.1
M Salisbury,2025-04-06,36,2,3.0,23.6
M Salisbury,2025-04-23,10,2,3.0,22.8
M Salisbury,2025-04-26,18,3,3.0,22.4
M Salisbury,2025-05-10,24,1,2.6,21.1
M Salisbury,2025-08-23,14,1,2.4,20.4
M Salisbury,2025-09-27,20,5,2.5,20.8
M Salisbury,2025-10-05,29,5,2.8,21.6
M Salisbury,2025-11-08,28,4,2.6,21.8
M Salisbury,2025-12-02,28,6,3.1,22.4
M Salisbury,2025-12-08,29,5,3.4,23.6
M Salisbury,2025-12-30,29,8,4.0,22.9
M Salisbury,2026-01-07,21,5,4.3,24.0
M Salisbury,2026-01-24,14,2,4.2,23.6
M Salisbury,2026-02-01,16,4,4.5,22.8
M Salisbury,2026-04-12,25,4,4.8,23.9
M Salisbury,2026-04-22,16,3,4.6,23.5
M Salisbury,2026-05-09,22,6,4.7,22.8
M Salisbury,2026-05-17,16,3,4.6,21.6
Martin Atkinson,2017-08-13,28,4,4.0,28.0
Martin Atkinson,2017-08-19,23,1,2.5,25.5
Martin Atkinson,2017-09-23,26,4,3.0,25.666666666666668
Martin Atkinson,2017-09-30,25,2,2.75,25.5
Martin Atkinson,2017-10-14,28,2,2.6,26.0
Martin Atkinson,2017-10-20,18,1,2.3333333333333335,24.666666666666668
Martin Atkinson,2017-11-18,25,2,2.2857142857142856,24.714285714285715
Martin Atkinson,2017-11-24,26,2,2.25,24.875
Martin Atkinson,2017-11-29,20,6,2.6666666666666665,24.333333333333332
Martin Atkinson,2017-12-02,24,5,2.9,24.3
Martin Atkinson,2017-12-13,22,6,3.1,23.7
Martin Atkinson,2017-12-16,28,7,3.7,24.2
Martin Atkinson,2017-12-22,25,1,3.4,24.1
Martin Atkinson,2017-12-26,27,10,4.2,24.3
Martin Atkinson,2017-12-30,35,6,4.6,25.0
Martin Atkinson,2018-01-13,26,0,4.5,25.8
Martin Atkinson,2018-01-20,20,4,4.7,25.3
Martin Atkinson,2018-02-03,16,5,5.0,24.3
Martin Atkinson,2018-02-11,15,3,4.7,23.8
Martin Atkinson,2018-02-25,32,4,4.6,24.6
Martin Atkinson,2018-03-03,23,3,4.3,24.7
Martin Atkinson,2018-03-11,25,3,3.9,24.4
Martin Atkinson,2018-03-17,29,2,4.0,24.8
Martin Atkinson,2018-03-31,20,5,3.5,24.1
Martin Atkinson,2018-04-07,28,9,3.8,23.4
Martin Atkinson,2018-04-14,27,3,4.1,23.5
Martin Atkinson,2018-05-05,36,7,4.4,25.1
Martin Atkinson,2018-05-13,23,1,4.0,25.8
Martin Atkinson,2018-08-11,26,4,4.1,26.9
Martin Atkinson,2018-08-18,24,2,3.9,26.1
Martin Atkinson,2018-08-25,25,3,3.9,26.3
Martin Atkinson,2018-09-01,24,2,3.8,26.2
Martin Atkinson,2018-09-16,31,7,4.3,26.4
Martin Atkinson,2018-09-22,21,3,4.1,26.5
Martin Atkinson,2018-09-30,26,4,3.6,26.3
Martin Atkinson,2018-10-07,22,4,3.7,25.8
Martin Atkinson,2018-10-20,22,3,3.3,24.4
Martin Atkinson,2018-10-28,31,3,3.5,25.2
Martin Atkinson,2018-11-10,31,3,3.4,25.7
Martin Atkinson,2018-11-24,32,3,3.5,26.5
Martin Atkinson,2018-12-08,22,2,3.4,26.2
Martin Atkinson,2018-12-16,24,2,3.4,26.2
Martin Atkinson,2018-12-22,29,3,3.0,26.0
Martin Atkinson,2018-12-26,23,1,2.8,26.2
Martin Atkinson,2019-01-01,16,4,2.8,25.2
Martin Atkinson,2019-01-12,20,3,2.7,25.0
Martin Atkinson,2019-01-30,22,4,2.8,25.0
Martin Atkinson,2019-02-03,21,2,2.7,24.0
Martin Atkinson,2019-02-09,30,6,3.0,23.9
Martin Atkinson,2019-02-27,22,5,3.2,22.9
Martin Atkinson,2019-03-03,24,3,3.3,23.1
Martin Atkinson,2019-03-31,14,1,3.2,22.1
Martin Atkinson,2019-04-06,29,5,3.4,22.1
Martin Atkinson,2019-04-14,18,0,3.3,21.6
Martin Atkinson,2019-04-21,14,2,3.1,21.4
Martin Atkinson,2019-04-28,25,5,3.3,21.9
Martin Atkinson,2019-05-12,17,2,3.1,21.4
Martin Atkinson,2019-08-11,20,4,3.3,21.3
Martin Atkinson,2019-08-17,27,2,2.9,21.0
Martin Atkinson,2019-08-24,19,2,2.6,20.7
Martin Atkinson,2019-09-01,35,8,3.1,21.8
Martin Atkinson,2019-09-14,30,3,3.3,23.4
Martin Atkinson,2019-09-21,23,3,3.1,22.8
Martin Atkinson,2019-10-06,26,3,3.4,23.6
Martin Atkinson,2019-10-20,23,1,3.3,24.5
Martin Atkinson,2019-10-27,28,2,3.0,24.8
Martin Atkinson,2019-11-03,18,3,3.1,24.9
Martin Atkinson,2019-11-09,19,2,2.9,24.8
Martin Atkinson,2019-11-23,21,2,2.9,24.2
Martin Atkinson,2019-11-30,13,0,2.7,23.6
Martin Atkinson,2019-12-07,32,6,2.5,23.3
Martin Atkinson,2019-12-14,26,4,2.6,22.9
Martin Atkinson,2019-12-21,35,6,2.9,24.1
Martin Atkinson,2019-12-27,22,1,2.7,23.7
Martin Atkinson,2020-01-01,22,2,2.8,23.6
Martin Atkinson,2020-01-11,17,2,2.8,22.5
Martin Atkinson,2020-01-21,35,4,2.9,24.2
Martin Atkinson,2020-02-01,31,3,3.0,25.4
Martin Atkinson,2020-02-16,27,2,3.0,26.0
Martin Atkinson,2020-02-23,26,1,3.1,27.3
Martin Atkinson,2020-02-29,22,3,2.8,26.3
Martin Atkinson,2020-03-07,21,3,2.7,25.8
Martin Atkinson,2020-06-20,24,3,2.4,24.7
Martin Atkinson,2020-06-24,16,0,2.3,24.1
Martin Atkinson,2020-07-01,19,3,2.4,23.8
Martin Atkinson,2020-07-08,17,2,2.4,23.8
Martin Atkinson,2020-07-12,51,6,2.6,25.4
Martin Atkinson,2020-07-17,24,2,2.5,24.7
Martin Atkinson,2020-07-26,24,6,2.9,24.4
Martin Atkinson,2020-09-13,27,1,2.9,24.5
Martin Atkinson,2020-09-19,24,3,2.9,24.7
Martin Atkinson,2020-09-27,20,1,2.7,24.6
Martin Atkinson,2020-10-04,20,3,2.7,24.2
Martin Atkinson,2020-10-24,16,4,3.1,24.2
Martin Atkinson,2020-10-30,19,2,3.0,24.2
Martin Atkinson,2020-11-08,29,0,2.8,25.4
Martin Atkinson,2020-11-22,18,0,2.2,22.1
Martin Atkinson,2020-12-06,32,3,2.3,22.9
Martin Atkinson,2020-12-13,27,3,2.0,23.2
Martin Atkinson,2020-12-20,25,3,2.2,23.0
Martin Atkinson,2020-12-29,18,2,2.1,22.4
Martin Atkinson,2021-01-02,13,3,2.3,21.7
Martin Atkinson,2021-01-12,20,4,2.4,21.7
Martin Atkinson,2021-01-20,22,4,2.4,22.3
Martin Atkinson,2021-01-28,24,3,2.5,22.8
Martin Atkinson,2021-02-03,17,3,2.8,21.6
Martin Atkinson,2021-02-07,32,4,3.2,23.0
Martin Atkinson,2021-02-20,27,3,3.2,22.5
Martin Atkinson,2021-03-01,23,2,3.1,22.1
Martin Atkinson,2021-03-04,20,0,2.8,21.6
Martin Atkinson,2021-03-07,29,0,2.6,22.7
Martin Atkinson,2021-03-14,18,4,2.7,23.2
Martin Atkinson,2021-05-13,26,3,2.6,23.8
Martin Atkinson,2021-05-16,23,1,2.3,23.9
Martin Atkinson,2021-05-23,21,3,2.3,23.6
Martin Atkinson,2021-08-15,11,1,2.1,23.0
Martin Atkinson,2021-08-21,27,4,2.1,22.5
Martin Atkinson,2021-08-28,12,3,2.1,21.0
Martin Atkinson,2021-09-13,10,2,2.1,19.7
Martin Atkinson,2021-09-19,17,0,2.1,19.4
Martin Atkinson,2021-10-02,31,4,2.5,19.6
Martin Atkinson,2021-10-16,21,1,2.2,19.9
Martin Atkinson,2021-11-01,19,2,2.1,19.2
Martin Atkinson,2021-11-20,22,5,2.5,19.1
Martin Atkinson,2021-12-02,22,1,2.3,19.2
Martin Atkinson,2021-12-19,17,3,2.5,19.8
Martin Atkinson,2021-12-26,26,4,2.5,19.7
Martin Atkinson,2022-01-23,17,1,2.3,20.2
Martin Atkinson,2022-02-08,10,1,2.2,20.2
Martin Atkinson,2022-02-13,16,1,2.3,20.1
Martin Atkinson,2022-02-24,22,2,2.1,19.2
Martin Atkinson,2022-03-05,24,2,2.2,19.5
Martin Atkinson,2022-03-10,28,2,2.2,20.4
Martin Atkinson,2022-03-14,18,4,2.1,20.0
Martin Atkinson,2022-04-03,18,5,2.5,19.6
Martin Atkinson,2022-04-10,12,1,2.3,19.1
Martin Atkinson,2022-04-19,14,3,2.2,17.9
Martin Atkinson,2022-04-23,19,3,2.4,18.1
Martin Atkinson,2022-05-11,16,1,2.4,18.7
Martin Atkinson,2022-05-17,19,2,2.5,19.0
Martin Atkinson,2022-05-22,39,6,2.9,20.7
Michael Oliver,2017-08-12,17,2,2.0,17.0
Michael Oliver,2017-08-26,22,3,2.5,19.5
Michael Oliver,2017-09-10,29,2,2.3333333333333335,22.666666666666668
Michael Oliver,2017-09-17,30,5,3.0,24.5
Michael Oliver,2017-09-23,32,9,4.2,26.0
Michael Oliver,2017-09-30,27,3,4.0,26.166666666666668
Michael Oliver,2017-10-15,27,5,4.142857142857143,26.285714285714285
Michael Oliver,2017-10-21,23,1,3.75,25.875
Michael Oliver,2017-10-28,22,8,4.222222222222222,25.444444444444443
Michael Oliver,2017-11-05,39,7,4.5,26.8
Michael Oliver,2017-11-25,25,0,4.3,27.6
Michael Oliver,2017-11-29,27,3,4.3,28.1
Michael Oliver,2017-12-02,29,4,4.5,28.1
Michael Oliver,2017-12-10,33,6,4.6,28.4
Michael Oliver,2017-12-16,30,6,4.3,28.2
Michael Oliver,2017-12-23,25,3,4.3,28.0
Michael Oliver,2017-12-28,24,2,4.0,27.7
Michael Oliver,2018-01-01,29,3,4.2,28.3
Michael Oliver,2018-01-13,31,3,3.7,29.2
Michael Oliver,2018-01-20,30,2,3.2,28.3
Michael Oliver,2018-02-03,24,3,3.5,28.2
Michael Oliver,2018-02-11,27,3,3.5,28.2
Michael Oliver,2018-02-24,30,4,3.5,28.3
Michael Oliver,2018-03-04,19,3,3.2,26.9
Michael Oliver,2018-03-10,18,5,3.1,25.7
Michael Oliver,2018-04-07,22,0,2.8,25.4
Michael Oliver,2018-04-16,37,5,3.1,26.7
Michael Oliver,2018-04-30,25,1,2.9,26.3
Michael Oliver,2018-05-08,26,3,2.9,25.8
Michael Oliver,2018-05-13,23,1,2.8,25.1
Michael Oliver,2018-08-12,31,4,2.9,25.8
Michael Oliver,2018-08-20,22,2,2.8,25.3
Michael Oliver,2018-08-25,24,1,2.5,24.7
Michael Oliver,2018-09-15,36,0,2.2,26.4
Michael Oliver,2018-09-22,16,2,1.9,26.2
Michael Oliver,2018-09-29,27,1,2.0,26.7
Michael Oliver,2018-10-06,30,7,2.2,26.0
Michael Oliver,2018-10-20,20,2,2.3,25.5
Michael Oliver,2018-10-27,28,2,2.2,25.7
Michael Oliver,2018-11-04,24,1,2.2,25.8
Michael Oliver,2018-11-24,19,5,2.3,24.6
Michael Oliver,2018-12-01,26,2,2.3,25.0
Michael Oliver,2018-12-08,27,2,2.4,25.3
Michael Oliver,2018-12-15,22,3,2.7,23.9
Michael Oliver,2018-12-22,31,3,2.8,25.4
Michael Oliver,2018-12-26,35,6,3.3,26.2
Michael Oliver,2018-12-29,26,3,2.9,25.8
Michael Oliver,2019-01-12,18,6,3.3,25.6
Michael Oliver,2019-01-19,26,3,3.4,25.4
Michael Oliver,2019-02-02,24,5,3.8,25.4
Michael Oliver,2019-02-10,23,4,3.7,25.8
Michael Oliver,2019-02-24,32,4,3.9,26.4
Michael Oliver,2019-03-10,25,5,4.2,26.2
Michael Oliver,2019-03-16,19,2,4.1,25.9
Michael Oliver,2019-03-30,22,3,4.1,25.0
Michael Oliver,2019-04-14,17,1,3.6,23.2
Michael Oliver,2019-04-20,27,3,3.6,23.3
Michael Oliver,2019-04-28,34,7,3.7,24.9
Michael Oliver,2019-05-04,30,0,3.4,25.3
Michael Oliver,2019-05-12,22,0,2.9,25.1
Michael Oliver,2019-08-09,22,2,2.7,25.0
Michael Oliver,2019-08-17,22,1,2.4,24.0
Michael Oliver,2019-08-23,31,5,2.4,24.6
Michael Oliver,2019-09-14,26,2,2.4,25.3
Michael Oliver,2019-09-22,22,6,2.7,25.3
Michael Oliver,2019-09-28,19,4,3.0,25.5
Michael Oliver,2019-10-05,22,5,3.2,25.0
Michael Oliver,2019-10-26,20,5,3.0,23.6
Michael Oliver,2019-11-02,28,2,3.2,23.4
Michael Oliver,2019-11-10,18,2,3.4,23.0
Michael Oliver,2019-11-23,31,5,3.7,23.9
Michael Oliver,2019-11-30,20,1,3.7,23.7
Michael Oliver,2019-12-08,38,8,4.0,24.4
Michael Oliver,2019-12-15,23,3,4.1,24.1
Michael Oliver,2019-12-26,17,2,3.7,23.6
Michael Oliver,2020-01-01,30,2,3.5,24.7
Michael Oliver,2020-01-10,21,1,3.1,24.6
Michael Oliver,2020-01-18,33,5,3.1,25.9
Michael Oliver,2020-01-23,22,1,3.0,25.3
Michael Oliver,2020-02-01,20,2,3.0,25.5
Michael Oliver,2020-02-22,37,3,2.8,26.1
Michael Oliver,2020-02-29,17,0,2.7,25.8
Michael Oliver,2020-03-09,30,3,2.2,25.0
Michael Oliver,2020-06-17,31,2,2.1,25.8
Michael Oliver,2020-06-24,31,6,2.5,27.2
Michael Oliver,2020-06-28,31,3,2.6,27.3
Michael Oliver,2020-07-04,20,6,3.1,27.2
Michael Oliver,2020-07-08,16,2,2.8,25.5
Michael Oliver,2020-07-12,37,8,3.5,27.0
Michael Oliver,2020-07-16,26,3,3.6,27.6
Michael Oliver,2020-07-21,28,2,3.5,26.7
Michael Oliver,2020-07-26,32,3,3.8,28.2
Michael Oliver,2020-09-12,17,1,3.6,26.9
Michael Oliver,2020-09-19,28,1,3.5,26.6
Michael Oliver,2020-09-27,24,4,3.3,25.9
Michael Oliver,2020-10-03,33,2,3.2,26.1
Michael Oliver,2020-10-17,31,5,3.1,27.2
Michael Oliver,2020-10-26,21,2,3.1,27.7
Michael Oliver,2020-10-31,26,0,2.3,26.6
Michael Oliver,2020-11-21,26,6,2.6,26.6
Michael Oliver,2020-11-29,30,7,3.1,26.8
Michael Oliver,2020-12-11,28,3,3.1,26.4
Michael Oliver,2020-12-17,33,5,3.5,28.0
Michael Oliver,2020-12-26,31,3,3.7,28.3
Michael Oliver,2021-01-01,41,4,3.7,30.0
Michael Oliver,2021-01-16,32,3,3.8,29.9
Michael Oliver,2021-01-30,30,4,3.7,29.8
Michael Oliver,2021-02-03,24,5,4.0,30.1
Michael Oliver,2021-02-07,23,3,4.3,29.8
Michael Oliver,2021-02-13,38,0,3.7,31.0
Michael Oliver,2021-02-21,29,3,3.3,30.9
Michael Oliver,2021-02-27,21,2,3.2,30.2
Michael Oliver,2021-03-06,26,1,2.8,29.5
Michael Oliver,2021-03-14,33,6,3.1,29.7
Michael Oliver,2021-04-05,26,5,3.2,28.2
Michael Oliver,2021-04-10,25,1,3.0,27.5
Michael Oliver,2021-04-16,16,2,2.8,26.1
Michael Oliver,2021-05-08,29,3,2.6,26.6
Michael Oliver,2021-05-19,26,4,2.7,26.9
Michael Oliver,2021-05-23,22,4,3.1,25.3
Michael Oliver,2021-08-13,23,0,2.8,24.7
Michael Oliver,2021-08-23,17,1,2.7,24.3
Michael Oliver,2021-08-29,25,7,3.3,24.2
Michael Oliver,2021-09-11,26,4,3.1,23.5
Michael Oliver,2021-09-25,30,5,3.1,23.9
Michael Oliver,2021-10-02,23,2,3.2,23.7
Michael Oliver,2021-10-16,33,4,3.4,25.4
Michael Oliver,2021-10-30,26,2,3.3,25.1
Michael Oliver,2021-11-06,28,3,3.2,25.3
Michael Oliver,2021-11-20,28,2,3.0,25.9
Michael Oliver,2021-11-28,16,2,3.2,25.2
Michael Oliver,2021-12-05,43,2,3.3,27.8
Michael Oliver,2021-12-10,36,4,3.0,28.9
Michael Oliver,2021-12-16,23,5,3.1,28.6
Michael Oliver,2021-12-28,23,1,2.7,27.9
Michael Oliver,2022-02-10,29,8,3.3,28.5
Michael Oliver,2022-02-13,25,3,3.2,27.7
Michael Oliver,2022-02-23,24,3,3.3,27.5
Michael Oliver,2022-03-06,25,1,3.1,27.2
Michael Oliver,2022-03-13,29,6,3.5,27.3
Michael Oliver,2022-04-03,24,6,3.9,28.1
Michael Oliver,2022-04-10,29,2,3.9,26.7
Michael Oliver,2022-04-24,23,1,3.6,25.4
Michael Oliver,2022-05-07,25,5,3.6,25.6
Michael Oliver,2022-05-15,19,3,3.8,25.2
Michael Oliver,2022-05-22,18,2,3.2,24.1
Michael Salisbury,2021-11-27,25,6,6.0,25.0
Michael Salisbury,2022-01-15,28,5,5.5,26.5
Michael Salisbury,2022-05-07,24,1,4.0,25.666666666666668
Mike Dean,2017-08-11,23,1,1.0,23.0
Mike Dean,2017-08-26,30,12,6.5,26.5
Mike Dean,2017-09-16,19,4,5.666666666666667,24.0
Mike Dean,2017-09-23,21,4,5.25,23.25
Mike Dean,2017-09-30,19,0,4.2,22.4
Mike Dean,2017-10-16,21,4,4.166666666666667,22.166666666666668
Mike Dean,2017-10-30,21,3,4.0,22.0
Mike Dean,2017-11-04,28,3,3.875,22.75
Mike Dean,2017-11-18,34,5,4.0,24.0
Mike Dean,2017-11-25,18,2,3.8,23.4
Mike Dean,2017-12-03,14,4,4.1,22.5
Mike Dean,2017-12-09,31,7,3.6,22.6
Mike Dean,2017-12-26,21,1,3.3,22.8
Mike Dean,2017-12-31,26,6,3.5,23.3
Mike Dean,2018-01-04,19,2,3.7,23.3
Mike Dean,2018-01-20,24,6,3.9,23.6
Mike Dean,2018-01-31,24,4,4.0,23.9
Mike Dean,2018-02-05,23,7,4.4,23.4
Mike Dean,2018-02-24,24,1,4.0,22.4
Mike Dean,2018-03-11,19,2,4.0,22.5
Mike Dean,2018-03-17,32,5,4.1,24.3
Mike Dean,2018-04-14,30,8,4.2,24.2
Mike Dean,2018-04-22,27,3,4.4,24.8
Mike Dean,2018-04-28,30,2,4.0,25.2
Mike Dean,2018-05-06,14,3,4.1,24.7
Mike Dean,2018-08-11,26,3,3.8,24.9
Mike Dean,2018-08-18,21,3,3.7,24.6
Mike Dean,2018-09-15,25,6,3.6,24.8
Mike Dean,2018-09-23,22,3,3.8,24.6
Mike Dean,2018-10-01,23,7,4.3,25.0
Mike Dean,2018-10-06,20,4,4.2,23.8
Mike Dean,2018-10-20,32,7,4.1,24.0
Mike Dean,2018-10-27,23,3,4.1,23.6
Mike Dean,2018-11-03,25,3,4.2,23.1
Mike Dean,2018-11-10,24,2,4.1,24.1
Mike Dean,2018-12-02,33,9,4.7,24.8
Mike Dean,2018-12-09,32,7,5.1,25.9
Mike Dean,2018-12-15,27,3,4.8,26.1
Mike Dean,2018-12-22,29,5,5.0,26.8
Mike Dean,2018-12-26,15,4,4.7,26.0
Mike Dean,2019-01-02,23,7,5.0,26.3
Mike Dean,2019-01-13,23,3,4.6,25.4
Mike Dean,2019-01-29,28,6,4.9,25.9
Mike Dean,2019-02-03,26,8,5.4,26.0
Mike Dean,2019-02-10,28,3,5.5,26.4
Mike Dean,2019-02-23,24,4,5.0,25.5
Mike Dean,2019-03-02,19,4,4.7,24.2
Mike Dean,2019-03-16,22,5,4.9,23.7
Mike Dean,2019-04-02,16,6,5.0,22.4
Mike Dean,2019-04-13,19,6,5.2,22.8
Mike Dean,2019-04-23,27,7,5.2,23.2
Mike Dean,2019-04-27,19,5,5.4,22.8
Mike Dean,2019-05-06,20,5,5.3,22.0
Mike Dean,2019-05-12,19,6,5.1,21.3
Mike Dean,2019-08-10,26,4,5.2,21.1
Mike Dean,2019-08-17,30,3,5.1,21.7
Mike Dean,2019-08-25,21,4,5.1,21.9
Mike Dean,2019-08-31,29,6,5.2,22.6
Mike Dean,2019-09-16,27,6,5.2,23.7
Mike Dean,2019-09-21,17,4,5.0,23.5
Mike Dean,2019-10-06,26,6,4.9,23.4
Mike Dean,2019-10-21,25,8,5.2,24.0
Mike Dean,2019-10-26,27,8,5.5,24.7
Mike Dean,2019-11-09,29,5,5.4,25.7
Mike Dean,2019-11-23,14,2,5.2,24.5
Mike Dean,2019-12-04,35,3,5.2,25.0
Mike Dean,2019-12-09,21,2,5.0,25.0
Mike Dean,2019-12-21,26,4,4.8,24.7
Mike Dean,2019-12-28,30,7,4.9,25.0
Mike Dean,2020-01-01,33,7,5.2,26.6
Mike Dean,2020-01-12,24,2,4.8,26.4
Mike Dean,2020-01-18,29,3,4.3,26.8
Mike Dean,2020-02-02,25,8,4.3,26.6
Mike Dean,2020-02-14,30,7,4.5,26.7
Mike Dean,2020-02-22,23,7,5.0,27.6
Mike Dean,2020-03-08,24,6,5.3,26.5
Mike Dean,2020-06-21,33,4,5.5,27.7
Mike Dean,2020-06-25,33,1,5.2,28.4
Mike Dean,2020-07-04,23,1,4.6,27.7
Mike Dean,2020-07-15,21,0,3.9,26.5
Mike Dean,2020-07-26,27,6,4.3,26.8
Mike Dean,2020-09-14,27,3,4.3,26.6
Mike Dean,2020-09-19,24,1,3.6,26.5
Mike Dean,2020-10-03,31,3,3.2,26.6
Mike Dean,2020-10-24,31,3,2.8,27.4
Mike Dean,2020-11-01,31,6,2.8,28.1
Mike Dean,2020-11-06,16,1,2.5,26.4
Mike Dean,2020-11-21,37,4,2.8,26.8
Mike Dean,2020-11-28,25,5,3.2,27.0
Mike Dean,2020-12-12,39,13,4.5,28.8
Mike Dean,2020-12-19,25,4,4.3,28.6
Mike Dean,2020-12-26,36,3,4.3,29.5
Mike Dean,2021-01-21,21,3,4.5,29.2
Mike Dean,2021-01-27,29,2,4.4,29.0
Mike Dean,2021-02-02,17,5,4.6,27.6
Mike Dean,2021-02-06,23,4,4.4,26.8
Mike Dean,2021-02-20,31,3,4.6,28.3
Mike Dean,2021-02-27,26,2,4.4,27.2
Mike Dean,2021-03-08,25,2,4.1,27.2
Mike Dean,2021-03-21,35,5,3.3,26.8
Mike Dean,2021-04-04,21,4,3.3,26.4
Mike Dean,2021-04-11,20,6,3.6,24.8
Mike Dean,2021-05-02,21,3,3.6,24.8
Mike Dean,2021-05-16,26,0,3.4,24.5
Mike Dean,2021-05-18,31,7,3.6,25.9
Mike Dean,2021-05-23,20,5,3.7,25.6
Mike Dean,2021-08-14,36,4,3.8,26.1
Mike Dean,2021-08-21,22,0,3.6,25.7
Mike Dean,2021-08-29,23,7,4.1,25.5
Mike Dean,2021-09-17,24,4,4.0,24.4
Mike Dean,2021-09-25,28,4,4.0,25.1
Mike Dean,2021-10-18,16,2,3.6,24.7
Mike Dean,2021-10-30,18,4,3.7,24.4
Mike Dean,2021-11-20,19,2,3.9,23.7
Mike Dean,2021-12-01,26,0,3.2,23.2
Mike Dean,2021-12-06,21,4,3.1,23.3
Mike Dean,2021-12-16,23,4,3.1,22.0
Mike Dean,2021-12-29,26,5,3.6,22.4
Mike Dean,2022-01-03,22,4,3.3,22.3
Mike Dean,2022-01-16,19,5,3.4,21.8
Mike Dean,2022-01-21,28,4,3.4,21.8
Mike Dean,2022-02-08,25,3,3.5,22.7
Mike Dean,2022-02-19,23,1,3.2,23.2
Mike Dean,2022-02-26,16,4,3.4,22.9
Mike Dean,2022-03-12,31,4,3.8,23.4
Mike Dean,2022-04-06,31,4,3.8,24.4
Mike Dean,2022-04-20,23,3,3.7,24.4
Mike Dean,2022-04-28,27,1,3.3,24.5
Mike Dean,2022-05-01,17,4,3.3,24.0
Mike Dean,2022-05-11,25,3,3.1,24.6
Mike Dean,2022-05-15,27,5,3.2,24.5
Mike Dean,2022-05-22,27,0,2.9,24.7
Mike Jones,2017-08-12,25,3,3.0,25.0
Mike Jones,2017-09-10,29,5,4.0,27.0
Mike Jones,2017-09-30,22,3,3.6666666666666665,25.333333333333332
Mike Jones,2017-10-28,24,5,4.0,25.0
Mike Jones,2017-11-18,28,2,3.6,25.6
Mike Jones,2017-11-25,30,5,3.8333333333333335,26.333333333333332
Mike Jones,2017-12-12,22,0,3.2857142857142856,25.714285714285715
Mike Jones,2017-12-23,20,1,3.0,25.0
Mike Jones,2018-01-02,34,5,3.2222222222222223,26.0
Mike Jones,2018-01-13,28,7,3.6,26.2
Mike Jones,2018-02-10,27,5,3.8,26.4
Mike Jones,2018-05-05,28,5,3.8,26.3
Niel Swarbrick,2017-08-12,26,2,2.0,26.0
Niel Swarbrick,2017-08-26,30,4,3.0,28.0
Niel Swarbrick,2017-09-09,21,0,2.0,25.666666666666668
Niel Swarbrick,2017-09-23,20,4,2.5,24.25
Niel Swarbrick,2017-09-30,11,2,2.4,21.6
Niel Swarbrick,2017-10-14,22,1,2.1666666666666665,21.666666666666668
Niel Swarbrick,2017-10-29,23,4,2.4285714285714284,21.857142857142858
Niel Swarbrick,2017-11-04,24,3,2.5,22.125
Niel Swarbrick,2017-11-25,27,2,2.4444444444444446,22.666666666666668
Niel Swarbrick,2017-11-29,17,1,2.3,22.1
Niel Swarbrick,2017-12-09,19,3,2.4,21.4
Niel Swarbrick,2017-12-23,23,1,2.1,20.7
Niel Swarbrick,2017-12-30,13,5,2.6,19.9
Niel Swarbrick,2018-01-22,14,2,2.4,19.3
Niel Swarbrick,2018-01-30,28,4,2.6,21.0
Niel Swarbrick,2018-02-03,20,2,2.7,20.8
Niel Swarbrick,2018-03-05,20,4,2.7,20.5
Niel Swarbrick,2018-03-31,18,4,2.8,19.9
Niel Swarbrick,2018-04-29,20,1,2.7,19.2
Niel Swarbrick,2018-05-09,22,5,3.1,19.7
O Oliver,2025-04-14,21,5,5.0,21.0
Oliver Langford,2019-08-18,26,1,1.0,26.0
P Bankes,2022-08-06,34,6,6.0,34.0
P Bankes,2022-08-20,20,5,5.5,27.0
P Bankes,2022-08-28,21,3,4.666666666666667,25.0
P Bankes,2022-08-31,19,7,5.25,23.5
P Bankes,2022-10-16,10,2,4.6,20.8
P Bankes,2022-10-20,26,3,4.333333333333333,21.666666666666668
P Bankes,2022-11-12,16,4,4.285714285714286,20.857142857142858
P Bankes,2023-01-01,30,4,4.25,22.0
P Bankes,2023-01-15,27,7,4.555555555555555,22.555555555555557
P Bankes,2023-01-22,28,4,4.5,23.1
P Bankes,2023-02-04,24,3,4.2,22.1
P Bankes,2023-02-11,18,2,3.9,21.9
P Bankes,2023-02-25,28,6,4.2,22.6
P Bankes,2023-03-15,33,3,3.8,24.0
P Bankes,2023-04-01,28,5,4.1,25.8
P Bankes,2023-04-08,24,7,4.5,25.6
P Bankes,2023-04-22,25,5,4.6,26.5
P Bankes,2023-04-29,19,3,4.5,25.4
P Bankes,2023-05-07,13,2,4.0,24.0
P Bankes,2023-05-13,23,6,4.2,23.5
P Bankes,2023-05-21,17,4,4.3,22.8
P Bankes,2023-08-12,23,5,4.6,23.3
P Bankes,2023-08-18,14,5,4.5,21.9
P Bankes,2023-08-26,24,0,4.2,21.0
P Bankes,2023-09-16,27,11,4.8,20.9
P Bankes,2023-10-03,20,6,4.7,20.5
P Bankes,2023-10-08,29,6,4.8,20.9
P Bankes,2023-11-04,21,5,5.0,21.1
P Bankes,2023-12-02,20,3,5.1,21.8
P Bankes,2023-12-06,18,4,4.9,21.3
P Bankes,2023-12-09,17,4,4.9,21.3
P Bankes,2024-09-21,24,6,5.0,21.4
P Bankes,2024-09-28,19,5,5.0,21.9
P Bankes,2024-10-05,14,3,5.3,20.9
P Bankes,2024-10-19,20,4,4.6,20.2
P Bankes,2024-11-02,16,3,4.3,19.8
P Bankes,2024-11-10,14,1,3.8,18.3
P Bankes,2024-11-30,24,5,3.8,18.6
P Bankes,2024-12-05,15,4,3.9,18.1
P Bankes,2024-12-15,18,2,3.7,18.1
P Bankes,2024-12-21,21,6,3.9,18.5
P Bankes,2025-01-01,14,3,3.6,17.5
P Bankes,2025-01-06,18,3,3.4,17.4
P Bankes,2025-01-19,25,6,3.7,18.5
P Bankes,2025-01-26,29,5,3.8,19.4
P Bankes,2025-02-02,13,2,3.7,19.1
P Bankes,2025-02-16,22,3,3.9,19.9
P Bankes,2025-02-25,23,4,3.8,19.8
P Bankes,2025-04-02,24,2,3.6,20.7
P Bankes,2025-04-05,28,4,3.8,21.7
P Bankes,2025-04-21,23,5,3.7,21.9
P Bankes,2025-04-27,23,6,4.0,22.8
P Bankes,2025-05-02,18,0,3.7,22.8
P Bankes,2025-05-16,17,3,3.4,22.0
P Bankes,2025-08-17,22,3,3.2,21.3
P Bankes,2025-08-23,19,5,3.5,21.9
P Bankes,2025-08-30,25,2,3.4,22.2
P Bankes,2025-09-13,26,8,3.8,22.5
P Bankes,2025-09-20,27,5,4.1,22.8
P Bankes,2025-10-05,31,4,4.1,23.1
P Bankes,2025-10-25,29,2,3.8,23.7
P Bankes,2025-11-01,18,3,3.5,23.2
P Bankes,2025-11-22,21,5,4.0,23.5
P Bankes,2025-11-29,28,5,4.2,24.6
P Bankes,2025-12-06,18,2,4.1,24.2
P Bankes,2025-12-14,20,9,4.5,24.3
P Bankes,2025-12-27,17,4,4.7,23.5
P Bankes,2026-01-03,21,1,4.0,23.0
P Bankes,2026-01-07,17,6,4.1,22.0
P Bankes,2026-01-24,17,1,3.8,20.6
P Bankes,2026-02-06,21,2,3.8,19.8
P Bankes,2026-02-11,24,5,4.0,20.4
P Bankes,2026-02-22,28,3,3.8,21.1
P Bankes,2026-02-28,18,3,3.6,20.1
P Bankes,2026-03-04,31,5,3.9,21.4
P Bankes,2026-03-14,16,1,3.1,21.0
P Tierney,2022-08-07,19,5,5.0,19.0
P Tierney,2022-08-15,15,6,5.5,17.0
P Tierney,2022-08-27,17,3,4.666666666666667,17.0
P Tierney,2022-08-31,16,1,3.75,16.75
P Tierney,2022-09-04,22,6,4.2,17.8
P Tierney,2022-10-01,14,4,4.166666666666667,17.166666666666668
P Tierney,2022-10-09,36,6,4.428571428571429,19.857142857142858
P Tierney,2022-10-15,25,5,4.5,20.5
P Tierney,2022-10-22,22,3,4.333333333333333,20.666666666666668
P Tierney,2022-10-29,22,2,4.1,20.8
P Tierney,2022-11-06,17,2,3.8,20.6
P Tierney,2022-11-13,19,2,3.4,21.0
P Tierney,2022-12-26,19,0,3.1,21.2
P Tierney,2023-01-05,18,2,3.2,21.4
P Tierney,2023-01-14,23,3,2.9,21.5
P Tierney,2023-01-23,20,4,2.9,22.1
P Tierney,2023-02-04,16,2,2.5,20.1
P Tierney,2023-02-12,23,3,2.3,19.9
P Tierney,2023-02-18,18,4,2.4,19.5
P Tierney,2023-02-25,19,4,2.6,19.2
P Tierney,2023-03-01,27,5,2.9,20.2
P Tierney,2023-03-11,21,2,2.9,20.4
P Tierney,2023-03-17,26,6,3.5,21.1
P Tierney,2023-04-02,21,2,3.5,21.4
P Tierney,2023-04-09,22,8,4.0,21.3
P Tierney,2023-04-15,20,2,3.8,21.3
P Tierney,2023-04-25,29,6,4.2,22.6
P Tierney,2023-04-30,18,5,4.4,22.1
P Tierney,2023-05-13,28,4,4.4,23.1
P Tierney,2023-05-21,17,7,4.7,22.9
P Tierney,2023-08-26,11,3,4.5,21.3
P Tierney,2023-09-01,21,2,4.5,21.3
P Tierney,2023-09-23,25,5,4.4,21.2
P Tierney,2023-10-01,16,3,4.5,20.7
P Tierney,2023-10-21,25,8,4.5,21.0
P Tierney,2023-10-29,13,5,4.8,20.3
P Tierney,2023-11-12,28,3,4.5,20.2
P Tierney,2023-12-02,29,1,4.1,21.3
P Tierney,2023-12-10,15,3,4.0,20.0
P Tierney,2023-12-16,21,2,3.5,20.4
P Tierney,2023-12-26,17,3,3.5,21.0
P Tierney,2023-12-30,35,4,3.7,22.4
P Tierney,2024-01-20,20,0,3.2,21.9
P Tierney,2024-01-31,31,6,3.5,23.4
P Tierney,2024-02-03,17,1,2.8,22.6
P Tierney,2024-02-19,20,2,2.5,23.3
P Tierney,2024-02-24,21,1,2.3,22.6
P Tierney,2024-03-02,23,4,2.6,22.0
P Tierney,2024-03-30,30,7,3.0,23.5
P Tierney,2024-04-06,16,2,3.0,23.0
P Tierney,2024-04-15,26,5,3.2,23.9
P Tierney,2024-04-20,23,5,3.3,22.7
P Tierney,2024-04-28,24,4,3.7,23.1
P Tierney,2024-05-05,26,5,3.6,22.6
P Tierney,2024-05-12,11,2,3.7,22.0
P Tierney,2025-12-20,26,2,3.7,22.6
P Tierney,2026-01-19,13,5,4.1,21.8
P Tierney,2026-02-02,22,5,4.2,21.7
P Tierney,2026-02-11,18,4,3.9,20.5
P Tierney,2026-02-18,14,3,4.0,20.3
P Tierney,2026-03-14,19,4,3.9,19.6
P Tierney,2026-03-22,10,1,3.5,18.3
P Tierney,2026-04-13,27,5,3.6,18.6
P Tierney,2026-04-18,21,1,3.2,18.1
P Tierney,2026-05-02,22,4,3.4,19.2
P Tierney,2026-05-10,27,2,3.4,19.3
P Tierney,2026-05-18,23,4,3.3,20.3
Paul Tierney,2017-09-16,23,4,4.0,23.0
Paul Tierney,2017-10-14,34,6,5.0,28.5
Paul Tierney,2017-11-04,26,4,4.666666666666667,27.666666666666668
Paul Tierney,2017-11-29,26,2,4.0,27.25
Paul Tierney,2017-12-02,18,2,3.6,25.4
Paul Tierney,2017-12-13,27,2,3.3333333333333335,25.666666666666668
Paul Tierney,2017-12-23,24,0,2.857142857142857,25.428571428571427
Paul Tierney,2017-12-30,30,3,2.875,26.0
Paul Tierney,2018-01-20,17,1,2.6666666666666665,25.0
Paul Tierney,2018-02-03,37,5,2.9,26.2
Paul Tierney,2018-03-03,24,2,2.7,26.3
Paul Tierney,2018-03-31,19,0,2.1,24.8
Paul Tierney,2018-04-07,33,4,2.1,25.5
Paul Tierney,2018-04-15,27,2,2.1,25.6
Paul Tierney,2018-05-09,15,1,2.0,25.3
Paul Tierney,2018-05-13,27,0,1.8,25.3
Paul Tierney,2018-08-19,31,3,2.1,26.0
Paul Tierney,2018-08-26,29,4,2.2,25.9
Paul Tierney,2018-09-01,24,5,2.6,26.6
Paul Tierney,2018-09-22,21,2,2.3,25.0
Paul Tierney,2018-10-07,26,2,2.3,25.2
Paul Tierney,2018-11-03,26,7,3.0,25.9
Paul Tierney,2018-11-11,26,2,2.8,25.2
Paul Tierney,2018-11-24,30,3,2.9,25.5
Paul Tierney,2018-12-01,24,6,3.4,26.4
Paul Tierney,2018-12-04,14,1,3.5,25.1
Paul Tierney,2018-12-08,32,9,4.1,25.2
Paul Tierney,2018-12-23,26,2,3.9,24.9
Paul Tierney,2018-12-30,22,5,3.9,24.7
Paul Tierney,2019-01-12,29,5,4.2,25.5
Paul Tierney,2019-01-19,23,1,4.1,25.2
Paul Tierney,2019-01-29,21,5,3.9,24.7
Paul Tierney,2019-02-02,20,0,3.7,24.1
Paul Tierney,2019-02-09,30,5,3.9,24.1
Paul Tierney,2019-03-09,21,2,3.5,23.8
Paul Tierney,2019-03-30,24,2,3.6,24.8
Paul Tierney,2019-04-05,16,6,3.3,23.2
Paul Tierney,2019-04-21,20,2,3.3,22.6
Paul Tierney,2019-04-28,12,2,3.0,21.6
Paul Tierney,2019-05-05,27,1,2.6,21.4
Paul Tierney,2019-08-24,33,6,3.1,22.4
Paul Tierney,2019-08-31,31,3,2.9,23.4
Paul Tierney,2019-09-15,20,4,3.3,23.4
Paul Tierney,2019-09-21,35,3,3.1,23.9
Paul Tierney,2019-09-28,17,1,3.0,23.5
Paul Tierney,2019-10-06,27,1,2.9,23.8
Paul Tierney,2019-10-19,32,4,2.7,25.4
Paul Tierney,2019-11-03,33,4,2.9,26.7
Paul Tierney,2019-11-09,27,2,2.9,28.2
Paul Tierney,2019-11-23,28,4,3.2,28.3
Paul Tierney,2019-12-01,23,3,2.9,27.3
Paul Tierney,2019-12-04,18,1,2.7,26.0
Paul Tierney,2019-12-15,37,5,2.8,27.7
Paul Tierney,2019-12-28,23,2,2.7,26.5
Paul Tierney,2020-01-02,23,0,2.6,27.1
Paul Tierney,2020-01-11,39,5,3.0,28.3
Paul Tierney,2020-01-18,20,4,3.0,27.1
Paul Tierney,2020-02-01,32,5,3.1,27.0
Paul Tierney,2020-02-22,30,0,2.9,27.3
Paul Tierney,2020-03-07,24,1,2.6,26.9
Paul Tierney,2020-06-21,29,3,2.6,27.5
Paul Tierney,2020-07-05,31,2,2.7,28.8
Paul Tierney,2020-07-09,27,5,2.7,27.8
Paul Tierney,2020-07-15,29,4,2.9,28.4
Paul Tierney,2020-07-22,22,4,3.3,28.3
Paul Tierney,2020-09-20,21,0,2.8,26.5
Paul Tierney,2020-09-27,26,3,2.7,27.1
Paul Tierney,2020-10-18,28,5,2.7,26.7
Paul Tierney,2020-10-23,40,4,3.1,27.7
Paul Tierney,2020-11-07,38,6,3.6,29.1
Paul Tierney,2020-11-29,33,6,3.9,29.5
Paul Tierney,2020-12-06,29,4,4.1,29.3
Paul Tierney,2020-12-16,28,7,4.3,29.4
Paul Tierney,2020-12-27,40,5,4.4,30.5
Paul Tierney,2020-12-30,23,5,4.5,30.6
Paul Tierney,2021-01-13,33,3,4.8,31.8
Paul Tierney,2021-01-17,25,3,4.8,31.7
Paul Tierney,2021-01-27,26,1,4.4,31.5
Paul Tierney,2021-02-02,26,3,4.3,30.1
Paul Tierney,2021-02-13,32,4,4.1,29.5
Paul Tierney,2021-02-21,22,3,3.8,28.4
Paul Tierney,2021-02-28,19,3,3.7,27.4
Paul Tierney,2021-03-06,37,7,3.7,28.3
Paul Tierney,2021-03-12,28,5,3.7,27.1
Paul Tierney,2021-04-10,31,6,3.8,27.9
Paul Tierney,2021-05-03,28,2,3.7,27.4
Paul Tierney,2021-08-14,27,3,3.7,27.6
Paul Tierney,2021-08-22,21,3,3.9,27.1
Paul Tierney,2021-08-28,24,6,4.2,26.9
Paul Tierney,2021-09-11,21,3,4.1,25.8
Paul Tierney,2021-09-19,25,1,3.9,26.1
Paul Tierney,2021-10-03,26,6,4.2,26.8
Paul Tierney,2021-10-24,17,3,3.8,24.8
Paul Tierney,2021-10-30,30,5,3.8,25.0
Paul Tierney,2021-11-20,26,4,3.6,24.5
Paul Tierney,2021-12-01,27,7,4.1,24.4
Paul Tierney,2021-12-04,26,2,4.0,24.3
Paul Tierney,2021-12-14,25,2,3.9,24.7
Paul Tierney,2021-12-19,27,8,4.1,25.0
Paul Tierney,2021-12-28,25,3,4.1,25.4
Paul Tierney,2022-01-02,24,3,4.3,25.3
Paul Tierney,2022-01-15,32,5,4.2,25.9
Paul Tierney,2022-01-23,32,3,4.2,27.4
Paul Tierney,2022-02-09,33,3,4.0,27.7
Paul Tierney,2022-02-20,36,9,4.5,28.7
Paul Tierney,2022-02-26,28,5,4.3,28.8
Paul Tierney,2022-03-12,15,2,4.3,27.7
Paul Tierney,2022-04-04,30,2,4.3,28.2
Paul Tierney,2022-04-17,22,4,3.9,27.7
Paul Tierney,2022-04-30,23,3,3.9,27.5
Paul Tierney,2022-05-12,25,7,4.3,27.6
Paul Tierney,2022-05-19,32,1,3.9,27.6
Paul Tierney,2022-05-22,29,6,4.2,27.3
Peter Bankes,2019-08-31,25,4,4.0,25.0
Peter Bankes,2019-10-19,29,5,4.5,27.0
Peter Bankes,2019-11-30,26,2,3.6666666666666665,26.666666666666668
Peter Bankes,2019-12-14,21,4,3.75,25.25
Peter Bankes,2019-12-21,23,6,4.2,24.8
Peter Bankes,2020-01-11,30,3,4.0,25.666666666666668
Peter Bankes,2020-02-22,30,8,4.571428571428571,26.285714285714285
Peter Bankes,2020-07-01,22,5,4.625,25.75
Peter Bankes,2020-07-05,26,0,4.111111111111111,25.77777777777778
Peter Bankes,2020-07-20,29,3,4.0,26.1
Peter Bankes,2020-07-26,26,1,3.7,26.2
Peter Bankes,2020-09-27,24,5,3.7,25.7
Peter Bankes,2020-10-17,22,2,3.7,25.3
Peter Bankes,2020-11-06,23,3,3.6,25.5
Peter Bankes,2020-11-30,30,2,3.2,26.2
Peter Bankes,2020-12-15,16,5,3.4,24.8
Peter Bankes,2020-12-20,21,6,3.2,23.9
Peter Bankes,2021-01-16,25,5,3.2,24.2
Peter Bankes,2021-01-27,25,2,3.4,24.1
Peter Bankes,2021-01-31,26,3,3.4,23.8
Peter Bankes,2021-02-15,25,0,3.3,23.7
Peter Bankes,2021-02-27,34,5,3.3,24.7
Peter Bankes,2021-03-14,25,2,3.3,25.0
Peter Bankes,2021-04-11,18,2,3.2,24.5
Peter Bankes,2021-04-21,22,4,3.4,23.7
Peter Bankes,2021-05-09,18,3,3.2,23.9
Peter Bankes,2021-05-18,24,3,2.9,24.2
Peter Bankes,2021-08-28,33,6,3.0,25.0
Peter Bankes,2021-09-11,32,6,3.4,25.7
Peter Bankes,2021-10-03,32,5,3.6,26.3
Peter Bankes,2021-10-16,29,8,4.4,26.7
Peter Bankes,2021-10-30,25,4,4.3,25.8
Peter Bankes,2021-12-12,31,5,4.6,26.4
Peter Bankes,2022-01-22,18,5,4.9,26.4
Peter Bankes,2022-02-15,23,4,4.9,26.5
Peter Bankes,2022-03-05,22,2,4.8,26.9
Peter Bankes,2022-04-08,22,2,4.7,26.7
Peter Bankes,2022-04-16,16,3,4.4,25.0
Peter Bankes,2022-05-07,22,4,4.2,24.0
R Jones,2022-08-06,22,2,2.0,22.0
R Jones,2022-08-14,21,5,3.5,21.5
R Jones,2022-08-31,24,5,4.0,22.333333333333332
R Jones,2022-09-03,17,4,4.0,21.0
R Jones,2022-10-03,25,6,4.4,21.8
R Jones,2022-10-16,23,3,4.166666666666667,22.0
R Jones,2022-10-23,19,3,4.0,21.571428571428573
R Jones,2022-10-29,15,0,3.5,20.75
R Jones,2022-11-12,25,5,3.6666666666666665,21.22222222222222
R Jones,2022-12-26,19,3,3.6,21.0
R Jones,2022-12-31,22,4,3.8,21.0
R Jones,2023-01-15,20,4,3.7,20.9
R Jones,2023-01-18,19,3,3.5,20.4
R Jones,2023-02-05,29,6,3.7,21.6
R Jones,2023-02-12,27,3,3.4,21.8
R Jones,2023-03-04,23,6,3.7,21.8
R Jones,2023-03-11,28,4,3.8,22.7
R Jones,2023-03-18,21,5,4.3,23.3
R Jones,2023-04-04,24,5,4.3,23.2
R Jones,2023-04-08,16,2,4.2,22.9
R Jones,2023-04-15,22,4,4.2,22.9
R Jones,2023-04-25,27,9,4.7,23.6
R Jones,2023-05-02,20,2,4.6,23.7
R Jones,2023-05-08,28,3,4.3,23.6
R Jones,2023-05-18,33,6,4.6,24.2
R Jones,2023-05-28,24,3,4.3,24.3
R Jones,2023-08-13,25,5,4.4,24.0
R Jones,2023-08-19,23,6,4.5,24.2
R Jones,2023-08-25,27,5,4.5,24.5
R Jones,2023-09-03,24,4,4.7,25.3
R Jones,2023-09-18,26,5,4.8,25.7
R Jones,2023-09-24,31,7,4.6,26.1
R Jones,2023-10-08,28,4,4.8,26.9
R Jones,2023-10-21,20,4,4.9,26.1
R Jones,2023-11-04,23,5,4.8,25.1
R Jones,2023-11-26,24,4,4.9,25.1
R Jones,2023-12-02,19,3,4.7,24.5
R Jones,2023-12-23,20,3,4.4,24.2
R Jones,2023-12-30,24,1,4.0,23.9
R Jones,2024-01-30,27,4,4.0,24.2
R Jones,2024-02-11,16,5,4.0,23.2
R Jones,2024-03-09,19,6,3.9,22.0
R Jones,2024-03-16,19,5,4.0,21.1
R Jones,2024-03-30,17,2,3.8,20.8
R Jones,2024-04-07,22,6,3.9,20.7
R Jones,2024-05-02,28,1,3.6,21.1
R Jones,2024-05-05,23,3,3.6,21.5
R Jones,2024-05-15,23,6,3.9,21.8
R Jones,2024-08-16,22,5,4.3,21.6
R Jones,2024-08-24,26,2,4.1,21.5
R Jones,2024-09-01,29,8,4.4,22.8
R Jones,2024-09-22,23,7,4.5,23.2
R Jones,2024-10-06,23,6,4.6,23.6
R Jones,2024-10-19,23,2,4.6,24.2
R Jones,2024-11-03,33,8,4.8,25.3
R Jones,2024-11-23,28,3,5.0,25.3
R Jones,2024-11-29,36,6,5.3,26.6
R Jones,2024-12-07,14,1,4.8,25.7
R Jones,2024-12-21,34,4,4.7,26.9
R Jones,2024-12-29,23,4,4.9,26.6
R Jones,2025-01-14,31,5,4.6,26.8
R Jones,2025-01-26,22,6,4.5,26.7
R Jones,2025-02-15,18,3,4.2,26.2
R Jones,2025-02-22,17,4,4.4,25.6
R Jones,2025-03-15,25,0,3.6,24.8
R Jones,2025-04-02,29,3,3.6,24.9
R Jones,2025-04-07,17,2,3.2,23.0
R Jones,2025-04-20,29,5,3.6,24.5
R Jones,2025-05-03,23,5,3.7,23.4
R Jones,2025-05-25,21,4,3.7,23.2
R Jones,2025-08-16,18,1,3.3,21.9
R Jones,2025-08-30,28,4,3.1,22.5
R Jones,2025-09-21,17,3,3.1,22.4
R Jones,2025-09-27,12,4,3.1,21.9
R Jones,2025-10-18,17,0,3.1,21.1
R Jones,2025-11-02,15,3,3.1,19.7
R Jones,2025-11-23,34,6,3.5,21.4
R Jones,2025-11-30,28,5,3.5,21.3
R Jones,2025-12-06,17,7,3.7,20.7
R Jones,2025-12-13,22,4,3.7,20.8
R Jones,2025-12-27,18,3,3.9,20.8
R Jones,2025-12-30,12,3,3.8,19.2
R Jones,2026-01-17,23,6,4.1,19.8
R Jones,2026-02-01,27,6,4.3,21.3
R Jones,2026-02-10,22,8,5.1,21.8
R Jones,2026-04-12,29,6,5.4,23.2
R Jones,2026-05-03,21,2,5.0,21.9
R Jones,2026-05-24,19,4,4.9,21.0
R Madley,2022-10-29,27,6,6.0,27.0
R Madley,2023-09-02,19,3,4.5,23.0
R Welch,2023-12-23,22,3,3.0,22.0
R Welch,2024-02-04,31,5,4.0,26.5
Robert Jones,2019-12-21,22,4,4.0,22.0
Robert Jones,2020-11-07,23,4,4.0,22.5
Robert Jones,2020-12-16,27,1,3.0,24.0
Robert Jones,2020-12-27,27,3,3.0,24.75
Robert Jones,2021-01-03,29,2,2.8,25.6
Robert Jones,2021-02-03,33,4,3.0,26.833333333333332
Robert Jones,2021-03-03,24,1,2.7142857142857144,26.428571428571427
Robert Jones,2021-04-17,31,3,2.75,27.0
Robert Jones,2021-04-30,28,1,2.5555555555555554,27.11111111111111
Robert Jones,2021-05-19,23,2,2.5,26.7
Robert Jones,2021-08-28,21,3,2.4,26.6
Robert Jones,2021-09-18,27,2,2.2,27.0
Robert Jones,2021-10-23,34,5,2.6,27.7
Robert Jones,2021-11-20,28,4,2.7,27.8
Robert Jones,2021-12-01,28,4,2.9,27.7
Robert Jones,2022-01-01,25,1,2.6,26.9
Robert Jones,2022-01-14,24,2,2.7,26.9
Robert Jones,2022-02-19,22,3,2.7,26.0
Robert Jones,2022-03-16,29,4,3.0,26.1
Robert Jones,2022-04-10,32,2,3.0,27.0
Robert Jones,2022-04-24,25,1,2.8,27.4
Robert Jones,2022-05-08,28,2,2.8,27.5
Robert Madley,2017-08-12,24,4,4.0,24.0
Robert Madley,2017-08-21,20,9,6.5,22.0
Robert Madley,2017-09-16,30,6,6.333333333333333,24.666666666666668
Robert Madley,2017-09-25,27,5,6.0,25.25
Robert Madley,2017-10-14,18,4,5.6,23.8
Robert Madley,2017-10-28,38,3,5.166666666666667,26.166666666666668
Robert Madley,2017-11-04,23,0,4.428571428571429,25.714285714285715
Robert Madley,2017-12-10,25,4,4.375,25.625
Robert Madley,2017-12-13,19,2,4.111111111111111,24.88888888888889
Robert Madley,2017-12-23,19,3,4.0,24.3
Robert Madley,2018-01-02,28,4,4.0,24.7
Robert Madley,2018-01-31,31,4,3.5,25.8
Robert Madley,2018-02-10,20,0,2.9,24.8
Robert Madley,2018-02-24,26,1,2.5,24.7
Robert Madley,2018-03-10,15,4,2.5,24.4
Robert Madley,2018-03-31,23,0,2.2,22.9
Robert Madley,2018-04-19,21,1,2.3,22.7
Robert Madley,2018-04-23,29,3,2.2,23.1
Roger East,2017-08-19,22,4,4.0,22.0
Roger East,2017-09-16,21,3,3.5,21.5
Roger East,2017-09-30,27,5,4.0,23.333333333333332
Roger East,2017-10-21,18,5,4.25,22.0
Roger East,2017-11-04,22,8,5.0,22.0
Roger East,2017-11-29,22,1,4.333333333333333,22.0
Roger East,2017-12-09,24,1,3.857142857142857,22.285714285714285
Roger East,2017-12-16,27,4,3.875,22.875
Roger East,2017-12-26,28,2,3.6666666666666665,23.444444444444443
Roger East,2018-01-01,20,0,3.3,23.1
Roger East,2018-01-13,25,5,3.4,23.4
Roger East,2018-02-03,19,4,3.5,23.2
Roger East,2018-02-24,22,5,3.5,22.7
Roger East,2018-03-10,23,1,3.1,23.2
Roger East,2018-04-07,23,5,2.8,23.3
Roger East,2018-04-19,21,0,2.7,23.2
Roger East,2018-04-28,24,2,2.8,23.2
Roger East,2018-05-05,24,3,2.7,22.9
Roger East,2018-09-29,30,3,2.8,23.1
Roger East,2018-11-03,19,5,3.3,23.0
Roger East,2018-12-04,25,6,3.4,23.0
Roger East,2018-12-29,39,3,3.3,25.0
Roger East,2019-01-02,20,5,3.3,24.8
Roger East,2019-01-30,16,1,3.3,24.1
Roger East,2019-02-23,25,10,3.8,24.3
Roger East,2019-04-02,20,5,4.3,24.2
Roger East,2019-04-20,25,4,4.5,24.3
Roger East,2019-05-12,27,3,4.5,24.6
S Allison,2023-12-26,26,5,5.0,26.0
S Allison,2024-03-13,27,3,4.0,26.5
S Allison,2024-04-06,23,3,3.6666666666666665,25.333333333333332
S Allison,2024-09-21,32,8,4.75,27.0
S Attwell,2022-08-13,21,4,4.0,21.0
S Attwell,2022-08-21,31,1,2.5,26.0
S Attwell,2022-08-27,11,1,2.0,21.0
S Attwell,2022-09-03,15,7,3.25,19.5
S Attwell,2022-10-02,35,5,3.6,22.6
S Attwell,2022-10-19,17,0,3.0,21.666666666666668
S Attwell,2022-10-22,18,5,3.2857142857142856,21.142857142857142
S Attwell,2022-11-06,17,1,3.0,20.625
S Attwell,2022-11-12,11,5,3.2222222222222223,19.555555555555557
S Attwell,2022-12-28,25,6,3.5,20.1
S Attwell,2023-01-02,13,4,3.5,19.3
S Attwell,2023-01-14,20,3,3.7,18.2
S Attwell,2023-01-21,15,2,3.8,18.6
S Attwell,2023-02-03,28,5,3.6,19.9
S Attwell,2023-02-11,18,5,3.6,18.2
S Attwell,2023-02-19,18,2,3.8,18.3
S Attwell,2023-02-26,20,5,3.8,18.5
S Attwell,2023-03-04,14,3,4.0,18.2
S Attwell,2023-03-19,18,1,3.6,18.9
S Attwell,2023-04-02,20,0,3.0,18.4
S Attwell,2023-04-08,30,4,3.0,20.1
S Attwell,2023-05-03,18,0,2.7,19.9
S Attwell,2023-05-06,29,6,3.1,21.3
S Attwell,2023-05-25,18,2,2.8,20.3
S Attwell,2023-05-28,23,4,2.7,20.8
S Attwell,2023-08-12,18,2,2.7,20.8
S Attwell,2023-08-26,24,8,3.0,21.2
S Attwell,2023-09-02,31,8,3.5,22.9
S Attwell,2023-09-24,20,3,3.7,23.1
S Attwell,2023-10-07,19,6,4.3,23.0
S Attwell,2023-10-29,18,5,4.4,21.8
S Attwell,2023-11-04,23,6,5.0,22.3
S Attwell,2023-12-03,13,0,4.4,20.7
S Attwell,2023-12-09,27,6,4.8,21.6
S Attwell,2023-12-23,24,5,4.9,21.7
S Attwell,2023-12-30,23,5,5.2,22.2
S Attwell,2024-02-18,8,5,4.9,20.6
S Attwell,2024-04-04,15,1,4.2,19.0
S Attwell,2024-04-14,19,3,4.2,18.9
S Attwell,2024-04-24,27,5,4.1,19.7
S Attwell,2024-04-27,26,2,3.8,20.5
S Attwell,2024-05-11,17,3,3.5,19.9
S Attwell,2024-08-25,17,5,4.0,20.3
S Attwell,2024-08-31,7,3,3.7,18.3
S Attwell,2024-09-14,25,5,3.7,18.4
S Attwell,2024-09-29,24,5,3.7,18.5
S Attwell,2024-11-04,13,3,3.5,19.0
S Attwell,2024-11-09,19,3,3.7,19.4
S Attwell,2024-11-23,23,4,3.8,19.8
S Attwell,2024-12-01,27,4,3.7,19.8
S Attwell,2024-12-08,19,3,3.8,19.1
S Attwell,2024-12-21,16,2,3.7,19.0
S Attwell,2025-01-04,14,2,3.4,18.7
S Attwell,2025-01-18,25,7,3.8,20.5
S Attwell,2025-02-03,21,4,3.7,20.1
S Attwell,2025-02-27,18,0,3.2,19.5
S Attwell,2025-03-08,27,4,3.3,20.9
S Attwell,2025-04-02,27,4,3.4,21.7
S Attwell,2025-04-13,18,4,3.4,21.2
S Attwell,2025-04-20,18,3,3.3,20.3
S Attwell,2025-05-10,31,7,3.7,21.5
S Attwell,2025-08-24,22,7,4.2,22.1
S Attwell,2025-08-31,21,5,4.5,22.8
S Attwell,2025-09-13,22,5,4.3,22.5
S Attwell,2025-09-21,21,3,4.2,22.5
S Attwell,2025-10-04,22,5,4.7,22.9
S Attwell,2025-10-24,23,6,4.9,22.5
S Attwell,2025-11-01,24,5,5.0,22.2
S Attwell,2025-11-09,23,3,4.9,22.7
S Attwell,2025-11-29,18,5,5.1,22.7
S Attwell,2025-12-03,15,2,4.6,21.1
S Attwell,2025-12-06,20,4,4.3,20.9
S Attwell,2025-12-27,24,8,4.6,21.2
S Attwell,2026-01-04,16,5,4.6,20.6
S Attwell,2026-01-07,17,2,4.5,20.2
S Attwell,2026-01-31,17,2,4.2,19.7
S Attwell,2026-02-07,23,6,4.2,19.7
S Attwell,2026-02-28,22,5,4.2,19.5
S Attwell,2026-03-03,34,4,4.3,20.6
S Attwell,2026-03-16,22,6,4.4,21.0
S Attwell,2026-03-20,19,4,4.6,21.4
S Attwell,2026-04-18,28,4,4.6,22.2
S Attwell,2026-04-25,20,7,4.5,21.8
S Attwell,2026-05-09,24,3,4.3,22.6
S Attwell,2026-05-13,17,2,4.3,22.6
S Attwell,2026-05-19,29,7,4.8,23.8
S Barrott,2023-10-07,18,3,3.0,18.0
S Barrott,2023-10-21,23,3,3.0,20.5
S Barrott,2023-10-28,21,5,3.6666666666666665,20.666666666666668
S Barrott,2023-11-11,27,5,4.0,22.25
S Barrott,2023-11-25,18,4,4.0,21.4
S Barrott,2023-12-05,21,3,3.8333333333333335,21.333333333333332
S Barrott,2023-12-09,20,1,3.4285714285714284,21.142857142857142
S Barrott,2023-12-16,19,2,3.25,20.875
S Barrott,2024-01-02,10,1,3.0,19.666666666666668
S Barrott,2024-01-31,16,4,3.1,19.3
S Barrott,2024-02-10,27,5,3.3,20.2
S Barrott,2024-02-24,23,3,3.3,20.2
S Barrott,2024-03-04,15,1,2.9,19.6
S Barrott,2024-03-30,25,3,2.7,19.4
S Barrott,2024-04-13,19,4,2.7,19.5
S Barrott,2024-08-18,21,6,3.0,19.5
S Barrott,2024-08-24,28,6,3.5,20.3
S Barrott,2024-09-14,30,7,4.0,21.4
S Barrott,2024-09-21,26,7,4.6,23.0
S Barrott,2024-09-28,17,6,4.8,23.1
S Barrott,2024-10-19,19,4,4.7,22.3
S Barrott,2024-11-09,22,6,5.0,22.2
S Barrott,2024-11-24,20,7,5.6,22.7
S Barrott,2024-12-04,20,4,5.7,22.2
S Barrott,2024-12-14,18,1,5.4,22.1
S Barrott,2024-12-22,16,3,5.1,21.6
S Barrott,2024-12-26,26,4,4.9,21.4
S Barrott,2025-01-15,27,3,4.5,21.1
S Barrott,2025-01-19,11,1,3.9,19.6
S Barrott,2025-01-25,15,1,3.4,19.4
S Barrott,2025-02-15,19,3,3.3,19.4
S Barrott,2025-02-25,29,4,3.1,20.1
S Barrott,2025-03-08,18,2,2.6,19.9
S Barrott,2025-04-02,18,4,2.6,19.7
S Barrott,2025-04-19,23,7,3.2,20.2
S Barrott,2025-04-26,24,5,3.4,21.0
S Barrott,2025-05-10,18,6,3.6,20.2
S Barrott,2025-05-18,21,9,4.2,19.6
S Barrott,2025-08-16,31,6,4.7,21.6
S Barrott,2025-08-30,18,6,5.2,21.9
S Barrott,2025-09-21,22,3,5.2,22.2
S Barrott,2025-09-29,23,7,5.5,21.6
S Barrott,2025-10-26,24,4,5.7,22.2
S Barrott,2025-11-08,18,6,5.9,22.2
S Barrott,2025-11-22,21,4,5.6,22.0
S Barrott,2025-11-29,14,2,5.3,21.0
S Barrott,2025-12-07,13,0,4.7,20.5
S Barrott,2025-12-14,22,4,4.2,20.6
S Barrott,2025-12-20,9,4,4.0,18.4
S Barrott,2025-12-30,17,2,3.6,18.3
S Barrott,2026-01-18,22,4,3.7,18.3
S Barrott,2026-01-25,21,1,3.1,18.1
S Barrott,2026-02-07,19,3,3.0,17.6
S Barrott,2026-02-21,21,2,2.6,17.9
S Barrott,2026-02-28,18,4,2.6,17.6
S Barrott,2026-03-15,18,5,2.9,18.0
S Barrott,2026-03-21,13,2,3.1,18.0
S Barrott,2026-04-19,22,4,3.1,18.0
S Barrott,2026-04-25,23,4,3.1,19.4
S Barrott,2026-05-03,24,7,3.6,20.1
S Barrott,2026-05-17,12,4,3.6,19.1
S Barrott,2026-05-24,19,1,3.6,18.9
S Hooper,2022-08-06,23,3,3.0,23.0
S Hooper,2022-08-20,18,4,3.5,20.5
S Hooper,2022-08-30,19,3,3.3333333333333335,20.0
S Hooper,2022-09-03,13,2,3.0,18.25
S Hooper,2022-09-17,18,3,3.0,18.2
S Hooper,2022-10-08,16,2,2.8333333333333335,17.833333333333332
S Hooper,2022-10-19,14,1,2.5714285714285716,17.285714285714285
S Hooper,2022-10-22,30,7,3.125,18.875
S Hooper,2022-10-30,17,1,2.888888888888889,18.666666666666668
S Hooper,2022-11-12,16,2,2.8,18.4
S Hooper,2022-12-27,18,0,2.5,17.9
S Hooper,2022-12-31,32,8,2.9,19.3
S Hooper,2023-01-14,17,2,2.8,19.1
S Hooper,2023-01-19,24,3,2.9,20.2
S Hooper,2023-02-08,18,4,3.0,20.2
S Hooper,2023-02-13,24,4,3.2,21.0
S Hooper,2023-02-18,17,3,3.4,21.3
S Hooper,2023-03-04,21,6,3.3,20.4
S Hooper,2023-03-11,23,3,3.5,21.0
S Hooper,2023-03-18,21,2,3.5,21.5
S Hooper,2023-04-01,21,2,3.7,21.8
S Hooper,2023-04-09,19,4,3.3,20.5
S Hooper,2023-04-16,18,4,3.5,20.6
S Hooper,2023-04-21,24,6,3.8,20.6
S Hooper,2023-04-30,19,4,3.8,20.7
S Hooper,2023-05-08,24,6,4.0,20.7
S Hooper,2023-05-13,30,5,4.2,22.0
S Hooper,2023-05-24,27,3,3.9,22.6
S Hooper,2023-05-28,18,2,3.8,22.1
S Hooper,2023-08-14,24,5,4.1,22.4
S Hooper,2023-09-03,19,1,4.0,22.2
S Hooper,2023-09-17,22,2,3.8,22.5
S Hooper,2023-09-30,28,9,4.3,23.5
S Hooper,2023-10-28,19,5,4.2,23.0
S Hooper,2023-11-12,21,7,4.5,23.2
S Hooper,2023-11-25,32,8,4.7,24.0
S Hooper,2023-12-03,28,8,5.0,23.8
S Hooper,2023-12-06,20,5,5.2,23.1
S Hooper,2023-12-09,13,4,5.4,22.6
S Hooper,2023-12-23,28,5,5.4,23.0
S Hooper,2023-12-31,27,6,5.9,23.8
S Hooper,2024-01-30,13,1,5.8,22.9
S Hooper,2024-02-03,22,4,5.3,22.3
S Hooper,2024-02-10,20,5,5.3,22.4
S Hooper,2024-02-26,14,3,4.9,21.7
S Hooper,2024-03-02,26,3,4.4,21.1
S Hooper,2024-03-09,24,3,3.9,20.7
S Hooper,2024-03-30,21,4,3.8,20.8
S Hooper,2024-04-07,23,5,3.9,21.8
S Hooper,2024-04-13,26,3,3.7,21.6
S Hooper,2024-04-23,23,4,3.5,21.2
S Hooper,2024-04-28,14,0,3.4,21.3
S Hooper,2024-05-13,26,2,3.2,21.7
S Hooper,2024-05-19,26,8,3.5,22.3
S Hooper,2024-08-17,16,2,3.4,22.5
S Hooper,2024-08-31,33,7,3.8,23.2
S Hooper,2024-09-28,13,5,4.0,22.1
S Hooper,2024-10-05,22,6,4.2,22.2
S Hooper,2024-10-27,29,9,4.6,22.8
S Hooper,2024-11-23,11,5,4.8,21.3
S Hooper,2024-12-05,23,4,4.8,21.3
S Hooper,2024-12-14,22,2,5.0,22.1
S Hooper,2024-12-21,17,4,5.2,21.2
S Hooper,2024-12-26,15,5,4.9,20.1
S Hooper,2024-12-30,21,2,4.9,20.6
S Hooper,2025-01-15,25,4,4.6,19.8
S Hooper,2025-01-20,22,6,4.7,20.7
S Hooper,2025-02-01,21,4,4.5,20.6
S Hooper,2025-02-16,28,4,4.0,20.5
S Hooper,2025-02-26,9,3,3.8,20.3
S Hooper,2025-03-08,15,7,4.1,19.5
S Hooper,2025-03-15,20,7,4.6,19.3
S Hooper,2025-04-05,22,4,4.6,19.8
S Hooper,2025-04-12,16,4,4.5,19.9
S Hooper,2025-04-19,13,4,4.7,19.1
S Hooper,2025-05-04,21,4,4.7,18.7
S Hooper,2025-05-18,18,6,4.7,18.3
S Hooper,2025-08-17,29,5,4.8,19.1
S Hooper,2025-08-25,32,5,4.9,19.5
S Hooper,2025-08-30,30,6,5.2,21.6
S Hooper,2025-09-13,32,6,5.1,23.3
S Hooper,2025-09-27,25,8,5.2,23.8
S Hooper,2025-10-03,18,1,4.9,23.4
S Hooper,2025-10-19,18,2,4.7,23.6
S Hooper,2025-10-25,17,5,4.8,24.0
S Hooper,2025-12-07,20,4,4.8,23.9
S Hooper,2025-12-15,27,5,4.7,24.8
S Hooper,2025-12-27,18,1,4.3,23.7
S Hooper,2026-01-03,30,3,4.1,23.5
S Hooper,2026-01-26,22,3,3.8,22.7
S Hooper,2026-01-31,18,4,3.6,21.3
S Hooper,2026-02-10,14,2,3.0,20.2
S Singh,2024-03-09,31,5,5.0,31.0
Simon Hooper,2018-01-31,33,3,3.0,33.0
Simon Hooper,2018-09-29,23,0,1.5,28.0
Simon Hooper,2018-11-10,29,5,2.6666666666666665,28.333333333333332
Simon Hooper,2018-12-15,24,3,2.75,27.25
Simon Hooper,2018-12-29,32,2,2.6,28.2
Simon Hooper,2019-01-19,19,1,2.3333333333333335,26.666666666666668
Simon Hooper,2019-02-02,26,1,2.142857142857143,26.571428571428573
Simon Hooper,2019-02-22,24,3,2.25,26.25
Simon Hooper,2019-04-27,24,5,2.5555555555555554,26.0
Simon Hooper,2019-09-21,20,4,2.7,25.4
Simon Hooper,2019-11-02,23,3,2.7,24.4
Simon Hooper,2019-11-23,25,6,3.3,24.6
Simon Hooper,2019-12-08,24,4,3.2,24.1
Simon Hooper,2019-12-21,26,2,3.1,24.3
Simon Hooper,2019-12-28,27,7,3.6,23.8
Simon Hooper,2020-01-21,26,2,3.7,24.5
Simon Hooper,2020-02-15,22,4,4.0,24.1
Simon Hooper,2020-03-07,23,0,3.7,24.0
Simon Hooper,2020-06-29,28,2,3.4,24.4
Simon Hooper,2020-07-20,27,6,3.6,25.1
Simon Hooper,2020-10-03,30,1,3.4,25.8
Simon Hooper,2020-11-02,30,5,3.3,26.3
Simon Hooper,2020-11-30,32,2,3.1,27.1
Simon Hooper,2020-12-16,27,4,3.3,27.2
Simon Hooper,2020-12-27,20,0,2.6,26.5
Simon Hooper,2021-01-23,29,3,2.7,26.8
Simon Hooper,2021-01-30,24,3,2.6,27.0
Simon Hooper,2021-02-15,26,2,2.8,27.3
Simon Hooper,2021-03-13,36,4,3.0,28.1
Simon Hooper,2021-04-12,27,1,2.5,28.1
Simon Hooper,2021-05-01,27,2,2.6,27.8
Simon Hooper,2021-05-08,24,2,2.3,27.2
Simon Hooper,2021-10-02,28,3,2.4,26.8
Simon Hooper,2021-10-24,24,2,2.2,26.5
Simon Hooper,2021-11-20,33,5,2.7,27.8
Simon Hooper,2021-11-27,21,4,2.8,27.0
Simon Hooper,2021-12-04,22,3,2.8,26.8
Simon Hooper,2021-12-15,37,6,3.2,27.9
Simon Hooper,2022-01-12,20,0,2.8,26.3
Simon Hooper,2022-01-22,23,3,3.0,25.9
Simon Hooper,2022-02-12,24,1,2.9,25.6
Simon Hooper,2022-02-25,26,3,3.0,25.8
Simon Hooper,2022-03-10,31,8,3.5,26.1
Simon Hooper,2022-04-02,27,2,3.5,26.4
Simon Hooper,2022-04-16,24,3,3.3,25.5
Simon Hooper,2022-04-30,13,3,3.2,24.7
Simon Hooper,2022-05-11,22,0,2.9,24.7
Stuart Attwell,2017-08-26,22,1,1.0,22.0
Stuart Attwell,2017-09-16,26,4,2.5,24.0
Stuart Attwell,2017-10-14,25,7,4.0,24.333333333333332
Stuart Attwell,2017-10-21,28,6,4.5,25.25
Stuart Attwell,2017-11-25,26,6,4.8,25.4
Stuart Attwell,2017-12-09,19,0,4.0,24.333333333333332
Stuart Attwell,2017-12-16,24,3,3.857142857142857,24.285714285714285
Stuart Attwell,2017-12-26,30,7,4.25,25.0
Stuart Attwell,2018-01-02,23,1,3.888888888888889,24.77777777777778
Stuart Attwell,2018-01-20,28,3,3.8,25.1
Stuart Attwell,2018-02-03,27,6,4.3,25.6
Stuart Attwell,2018-02-24,14,2,4.1,24.4
Stuart Attwell,2018-03-04,31,6,4.0,25.0
Stuart Attwell,2018-04-07,21,4,3.8,24.3
Stuart Attwell,2018-04-21,19,1,3.3,23.6
Stuart Attwell,2018-08-18,24,8,4.1,24.1
Stuart Attwell,2018-09-01,30,6,4.4,24.7
Stuart Attwell,2018-09-15,18,0,3.7,23.5
Stuart Attwell,2018-09-29,23,4,4.0,23.5
Stuart Attwell,2018-10-27,12,0,3.7,21.9
Stuart Attwell,2018-11-11,26,4,3.5,21.8
Stuart Attwell,2018-12-01,14,0,3.3,21.8
Stuart Attwell,2018-12-05,17,1,2.8,20.4
Stuart Attwell,2018-12-16,26,4,2.8,20.9
Stuart Attwell,2018-12-22,23,5,3.2,21.3
Stuart Attwell,2018-12-29,16,5,2.9,20.5
Stuart Attwell,2019-01-19,19,1,2.4,19.4
Stuart Attwell,2019-01-29,24,5,2.9,20.0
Stuart Attwell,2019-02-09,16,2,2.7,19.3
Stuart Attwell,2019-02-27,11,2,2.9,19.2
Stuart Attwell,2019-03-02,20,3,2.8,18.6
Stuart Attwell,2019-03-30,25,3,3.1,19.7
Stuart Attwell,2019-04-06,27,3,3.3,20.7
Stuart Attwell,2019-04-24,22,5,3.4,20.3
Stuart Attwell,2019-05-04,17,2,3.1,19.7
Stuart Attwell,2019-08-17,25,4,3.0,20.6
Stuart Attwell,2019-08-31,18,1,3.0,20.5
Stuart Attwell,2019-09-22,16,6,3.1,19.7
Stuart Attwell,2019-09-28,20,4,3.3,20.1
Stuart Attwell,2019-10-27,30,4,3.5,22.0
Stuart Attwell,2019-11-02,19,3,3.5,21.9
Stuart Attwell,2019-11-23,42,8,4.0,23.6
Stuart Attwell,2019-12-05,18,2,3.9,22.7
Stuart Attwell,2019-12-15,25,8,4.2,23.0
Stuart Attwell,2019-12-26,23,8,4.8,23.6
Stuart Attwell,2020-01-01,26,5,4.9,23.7
Stuart Attwell,2020-01-21,22,3,5.1,24.1
Stuart Attwell,2020-02-15,16,3,4.8,24.1
Stuart Attwell,2020-02-23,26,4,4.8,24.7
Stuart Attwell,2020-03-01,33,5,4.9,25.0
Stuart Attwell,2020-06-20,35,5,5.1,26.6
Stuart Attwell,2020-06-25,18,2,4.5,24.2
Stuart Attwell,2020-07-04,27,4,4.7,25.1
Stuart Attwell,2020-07-12,30,3,4.2,25.6
Stuart Attwell,2020-07-20,32,4,3.8,26.5
Stuart Attwell,2020-07-26,30,5,3.8,26.9
Stuart Attwell,2020-09-12,25,4,3.9,27.2
Stuart Attwell,2020-09-28,38,9,4.5,29.4
Stuart Attwell,2020-10-18,27,5,4.6,29.5
Stuart Attwell,2020-11-01,23,6,4.7,28.5
Stuart Attwell,2020-11-28,24,3,4.5,27.4
Stuart Attwell,2020-12-06,27,4,4.7,28.3
Stuart Attwell,2020-12-15,32,4,4.7,28.8
Stuart Attwell,2020-12-28,26,4,4.8,28.4
Stuart Attwell,2021-01-02,32,4,4.8,28.4
Stuart Attwell,2021-01-16,27,4,4.7,28.1
Stuart Attwell,2021-01-26,22,0,4.3,27.8
Stuart Attwell,2021-01-30,26,7,4.1,26.6
Stuart Attwell,2021-02-07,32,3,3.9,27.1
Stuart Attwell,2021-02-14,29,2,3.5,27.7
Stuart Attwell,2021-02-28,31,3,3.5,28.4
Stuart Attwell,2021-03-07,30,5,3.6,28.7
Stuart Attwell,2021-03-14,23,0,3.2,27.8
Stuart Attwell,2021-04-03,25,2,3.0,27.7
Stuart Attwell,2021-04-20,25,5,3.1,27.0
Stuart Attwell,2021-04-25,29,2,2.9,27.2
Stuart Attwell,2021-05-09,23,3,3.2,27.3
Stuart Attwell,2021-05-18,28,6,3.1,27.5
Stuart Attwell,2021-05-23,31,7,3.5,27.4
Stuart Attwell,2021-08-22,18,5,3.8,26.3
Stuart Attwell,2021-08-28,19,1,3.6,25.1
Stuart Attwell,2021-09-11,25,5,3.6,24.6
Stuart Attwell,2021-09-19,23,3,3.9,24.6
Stuart Attwell,2021-09-25,19,2,3.9,24.0
Stuart Attwell,2021-10-17,9,2,3.6,22.4
Stuart Attwell,2021-10-30,29,5,3.9,22.4
Stuart Attwell,2021-11-21,16,2,3.8,21.7
Stuart Attwell,2021-11-27,25,4,3.6,21.4
Stuart Attwell,2021-12-11,26,3,3.2,20.9
Stuart Attwell,2022-01-01,18,8,3.5,20.9
Stuart Attwell,2022-01-11,19,1,3.5,20.9
Stuart Attwell,2022-02-12,29,4,3.4,21.3
Stuart Attwell,2022-03-07,35,2,3.3,22.5
Stuart Attwell,2022-03-13,30,4,3.5,23.6
Stuart Attwell,2022-04-02,21,2,3.5,24.8
Stuart Attwell,2022-04-21,17,4,3.4,23.6
Stuart Attwell,2022-04-24,22,7,3.9,24.2
Stuart Attwell,2022-05-08,22,4,3.9,23.9
Stuart Attwell,2022-05-19,25,5,4.1,23.8
T Bramall,2022-08-30,20,3,3.0,20.0
T Bramall,2022-10-01,21,3,3.0,20.5
T Bramall,2022-10-15,30,4,3.3333333333333335,23.666666666666668
T Bramall,2023-01-04,31,4,3.5,25.5
T Bramall,2023-01-21,18,1,3.0,24.0
T Bramall,2023-04-25,24,5,3.3333333333333335,24.0
T Bramall,2023-05-13,29,2,3.142857142857143,24.714285714285715
T Bramall,2023-05-28,22,2,3.0,24.375
T Bramall,2023-08-19,24,4,3.111111111111111,24.333333333333332
T Bramall,2023-09-30,22,4,3.2,24.1
T Bramall,2023-11-04,26,5,3.4,24.7
T Bramall,2023-12-03,28,8,3.9,25.4
T Bramall,2023-12-30,23,5,4.0,24.7
T Bramall,2024-01-30,19,3,3.9,23.5
T Bramall,2024-02-03,29,4,4.2,24.6
T Bramall,2024-02-17,28,8,4.5,25.0
T Bramall,2024-04-02,22,2,4.5,24.3
T Bramall,2024-04-24,25,6,4.9,24.6
T Bramall,2024-05-11,25,5,5.0,24.7
T Bramall,2024-11-09,26,5,5.1,25.1
T Bramall,2024-12-14,23,6,5.2,24.8
T Bramall,2024-12-26,25,4,4.8,24.5
T Bramall,2025-01-18,23,1,4.4,24.5
T Bramall,2025-02-15,21,0,4.1,24.7
T Bramall,2025-02-25,15,3,4.0,23.3
T Bramall,2025-03-16,12,2,3.4,21.7
T Bramall,2025-04-12,15,4,3.6,21.0
T Bramall,2025-04-27,25,3,3.3,21.0
T Bramall,2025-05-20,20,4,3.2,20.5
T Bramall,2025-05-25,20,4,3.1,19.9
T Bramall,2025-08-23,29,6,3.1,20.5
T Bramall,2025-09-13,18,2,2.9,19.8
T Bramall,2025-09-20,23,2,3.0,19.8
T Bramall,2025-10-04,22,5,3.5,19.9
T Bramall,2025-10-26,17,0,3.2,20.1
T Bramall,2025-11-03,22,5,3.5,21.1
T Bramall,2025-11-22,19,5,3.6,21.5
T Bramall,2025-12-02,17,3,3.6,20.7
T Bramall,2025-12-13,24,1,3.3,21.1
T Bramall,2025-12-20,15,4,3.3,20.6
T Bramall,2025-12-30,21,2,2.9,19.8
T Bramall,2026-01-07,22,7,3.4,20.2
T Bramall,2026-01-24,25,6,3.8,20.4
T Bramall,2026-02-08,21,4,3.7,20.3
T Bramall,2026-02-21,25,7,4.4,21.1
T Bramall,2026-03-01,25,6,4.5,21.4
T Bramall,2026-03-03,23,3,4.3,21.8
T Bramall,2026-03-15,23,3,4.3,22.4
T Bramall,2026-04-11,18,3,4.5,21.8
T Bramall,2026-04-18,23,6,4.7,22.6
T Bramall,2026-05-01,23,7,5.2,22.8
T Bramall,2026-05-10,18,2,4.7,22.4
T Harrington,2022-08-13,22,4,4.0,22.0
T Harrington,2022-09-04,14,2,3.0,18.0
T Harrington,2022-09-16,26,4,3.3333333333333335,20.666666666666668
T Harrington,2022-10-08,23,3,3.25,21.25
T Harrington,2022-10-19,21,6,3.8,21.2
T Harrington,2022-11-05,26,4,3.8333333333333335,22.0
T Harrington,2023-09-23,18,3,3.7142857142857144,21.428571428571427
T Harrington,2024-01-12,19,1,3.375,21.125
T Harrington,2024-01-30,26,5,3.5555555555555554,21.666666666666668
T Harrington,2024-02-24,23,5,3.7,21.8
T Harrington,2024-03-09,18,4,3.7,21.4
T Harrington,2024-04-02,23,3,3.8,22.3
T Harrington,2024-04-06,22,7,4.1,21.9
T Harrington,2024-04-13,27,4,4.2,22.3
T Harrington,2024-04-27,19,0,3.6,22.1
T Harrington,2024-05-11,22,5,3.7,21.7
T Harrington,2024-08-17,29,3,3.7,22.8
T Harrington,2024-09-14,26,3,3.9,23.5
T Harrington,2024-09-21,22,5,3.9,23.1
T Harrington,2024-10-05,19,3,3.7,22.7
T Harrington,2024-10-26,18,4,3.7,22.7
T Harrington,2024-11-02,28,2,3.6,23.2
T Harrington,2024-11-30,21,4,3.3,23.1
T Harrington,2024-12-04,21,1,3.0,22.5
T Harrington,2024-12-14,17,7,3.7,22.3
T Harrington,2024-12-26,24,4,3.6,22.5
T Harrington,2024-12-29,23,5,3.8,21.9
T Harrington,2025-01-16,27,4,3.9,22.0
T Harrington,2025-01-26,19,4,3.8,21.7
T Harrington,2025-02-21,20,4,3.9,21.8
T Harrington,2025-04-01,28,6,4.1,22.8
T Harrington,2025-04-26,22,2,4.1,22.2
T Harrington,2025-05-11,22,6,4.3,22.3
T Harrington,2025-05-25,21,5,4.7,22.3
T Harrington,2025-08-23,20,3,4.3,22.6
T Harrington,2025-09-20,20,6,4.5,22.2
T Harrington,2025-09-27,17,6,4.6,21.6
T Harrington,2025-10-18,22,2,4.4,21.1
T Harrington,2025-10-26,19,1,4.1,21.1
T Harrington,2025-11-24,21,2,3.9,21.2
T Harrington,2025-12-03,16,1,3.4,20.0
T Harrington,2025-12-28,16,1,3.3,19.4
T Harrington,2026-01-01,17,5,3.2,18.9
T Harrington,2026-01-06,24,3,3.0,19.2
T Harrington,2026-01-18,28,3,3.0,20.0
T Kirk,2025-12-03,17,0,0.0,17.0
T Kirk,2026-01-07,28,4,2.0,22.5
T Kirk,2026-02-22,32,6,3.3333333333333335,25.666666666666668
T Kirk,2026-03-14,19,3,3.25,24.0
T Kirk,2026-04-19,20,2,3.0,23.2
T Kirk,2026-05-17,28,1,2.6666666666666665,24.0
T Robinson,2023-03-04,29,2,2.0,29.0
T Robinson,2023-04-01,28,7,4.5,28.5
T Robinson,2023-08-26,29,4,4.333333333333333,28.666666666666668
T Robinson,2023-09-02,19,7,5.0,26.25
T Robinson,2023-10-02,27,5,5.0,26.4
T Robinson,2023-10-21,19,5,5.0,25.166666666666668
T Robinson,2023-10-28,22,3,4.714285714285714,24.714285714285715
T Robinson,2023-11-04,20,6,4.875,24.125
T Robinson,2023-11-11,34,7,5.111111111111111,25.22222222222222
T Robinson,2023-11-25,16,2,4.8,24.3
T Robinson,2023-12-07,26,3,4.9,24.0
T Robinson,2023-12-10,22,3,4.5,23.4
T Robinson,2023-12-17,20,4,4.5,22.5
T Robinson,2023-12-26,20,2,4.0,22.6
T Robinson,2023-12-30,20,6,4.1,21.9
T Robinson,2024-02-01,24,4,4.0,22.4
T Robinson,2024-02-04,26,5,4.2,22.8
T Robinson,2024-02-10,24,5,4.1,23.2
T Robinson,2024-03-02,19,1,3.5,21.7
T Robinson,2024-03-30,23,5,3.8,22.4
T Robinson,2024-04-13,26,4,3.9,22.4
T Robinson,2024-04-21,22,4,4.0,22.4
T Robinson,2024-05-03,26,4,4.0,23.0
T Robinson,2024-08-17,27,4,4.2,23.7
T Robinson,2024-09-14,33,5,4.1,25.0
T Robinson,2024-09-21,27,9,4.6,25.3
T Robinson,2024-10-21,21,5,4.6,24.8
T Robinson,2024-11-02,21,6,4.7,24.5
T Robinson,2024-11-23,21,5,5.1,24.7
T Robinson,2024-12-07,17,3,4.9,24.1
T Robinson,2024-12-22,23,4,4.9,23.8
T Robinson,2025-01-04,21,2,4.7,23.7
T Robinson,2025-01-25,19,7,5.0,23.0
T Robinson,2025-02-22,29,3,4.9,23.2
T Robinson,2025-03-09,25,1,4.5,22.4
T Robinson,2025-04-05,26,4,4.0,22.3
T Robinson,2025-04-19,18,6,4.1,22.0
T Robinson,2025-05-10,17,2,3.7,21.6
T Robinson,2025-05-25,19,2,3.4,21.4
T Robinson,2025-10-18,17,3,3.4,21.4
T Robinson,2025-11-09,22,5,3.5,21.3
T Robinson,2025-11-29,27,10,4.3,21.9
T Robinson,2025-12-03,30,4,4.0,23.0
T Robinson,2026-01-03,24,4,4.1,22.5
T Robinson,2026-02-01,16,3,4.3,21.6
T Robinson,2026-02-11,25,2,4.1,21.5
T Robinson,2026-02-28,23,4,3.9,22.0
T Robinson,2026-03-03,22,1,3.8,22.5
Tim Robinson,2019-12-14,29,2,2.0,29.0
Tony Harrington,2021-12-15,30,2,2.0,30.0
Tony Harrington,2022-04-20,29,2,2.0,29.5
Tony Harrington,2022-05-15,17,3,2.3333333333333335,25.333333333333332
