home_team,away_team,date,referee,home_fouls,away_fouls,home_yellow,away_yellow,total_fouls,total_yellows
Brentford,Arsenal,"Friday August 13, 2021",Michael Oliver,15,8,0,0,23,0
Manchester United,Leeds United,"Saturday August 14, 2021",Paul Tierney,15,12,1,2,27,3
Watford,Aston Villa,"Saturday August 14, 2021",Mike Dean,21,15,3,1,36,4
Chelsea,Crystal Palace,"Saturday August 14, 2021",Jonathan Moss,16,17,0,0,33,0
Everton,Southampton,"Saturday August 14, 2021",Andy Madley,13,18,2,0,31,2
Burnley,Brighton & Hove Albion,"Saturday August 14, 2021",David Coote,14,7,2,1,21,3
Leicester City,Wolverhampton Wanderers,"Saturday August 14, 2021",Craig Pawson,6,13,1,2,19,3
Norwich City,Liverpool,"Saturday August 14, 2021",Andre Marriner,4,17,1,1,21,2
Newcastle United,West Ham United,"Sunday August 15, 2021",Martin Atkinson,7,4,1,0,11,1
Tottenham Hotspur,Manchester City,"Sunday August 15, 2021",Anthony Taylor,12,12,2,1,24,3
Liverpool,Burnley,"Saturday August 21, 2021",Mike Dean,7,15,0,0,22,0
Leeds United,Everton,"Saturday August 21, 2021",Darren England,6,14,2,4,20,6
Aston Villa,Newcastle United,"Saturday August 21, 2021",David Coote,8,18,3,4,26,7
Crystal Palace,Brentford,"Saturday August 21, 2021",Martin Atkinson,14,13,3,1,27,4
Manchester City,Norwich City,"Saturday August 21, 2021",Graham Scott,14,7,1,0,21,1
Brighton & Hove Albion,Watford,"Saturday August 21, 2021",Anthony Taylor,10,8,4,0,18,4
Southampton,Manchester United,"Sunday August 22, 2021",Craig Pawson,14,15,2,3,29,5
Wolverhampton Wanderers,Tottenham Hotspur,"Sunday August 22, 2021",Stuart Attwell,10,8,1,4,18,5
Arsenal,Chelsea,"Sunday August 22, 2021",Paul Tierney,15,6,3,0,21,3
West Ham United,Leicester City,"Monday August 23, 2021",Michael Oliver,9,8,0,1,17,1
Manchester City,Arsenal,"Saturday August 28, 2021",Martin Atkinson,6,6,1,2,12,3
West Ham United,Crystal Palace,"Saturday August 28, 2021",Stuart Attwell,10,9,1,0,19,1
Norwich City,Leicester City,"Saturday August 28, 2021",Robert Jones,12,9,2,1,21,3
Brighton & Hove Albion,Everton,"Saturday August 28, 2021",Jonathan Moss,12,14,1,2,26,3
Newcastle United,Southampton,"Saturday August 28, 2021",Paul Tierney,19,5,3,3,24,6
Aston Villa,Brentford,"Saturday August 28, 2021",Peter Bankes,16,17,3,3,33,6
Liverpool,Chelsea,"Saturday August 28, 2021",Anthony Taylor,14,6,0,2,20,2
Burnley,Leeds United,"Sunday August 29, 2021",Michael Oliver,14,11,4,3,25,7
Tottenham Hotspur,Watford,"Sunday August 29, 2021",Andre Marriner,10,17,3,3,27,6
Wolverhampton Wanderers,Manchester United,"Sunday August 29, 2021",Mike Dean,10,13,3,4,23,7
Crystal Palace,Tottenham Hotspur,"Saturday September 11, 2021",Jonathan Moss,17,18,2,4,35,6
Southampton,West Ham United,"Saturday September 11, 2021",David Coote,16,14,3,4,30,7
Manchester United,Newcastle United,"Saturday September 11, 2021",Anthony Taylor,12,5,1,0,17,1
Arsenal,Norwich City,"Saturday September 11, 2021",Michael Oliver,12,14,2,2,26,4
Leicester City,Manchester City,"Saturday September 11, 2021",Paul Tierney,6,15,1,2,21,3
Watford,Wolverhampton Wanderers,"Saturday September 11, 2021",Peter Bankes,17,15,3,3,32,6
Brentford,Brighton & Hove Albion,"Saturday September 11, 2021",Graham Scott,11,13,3,2,24,5
Chelsea,Aston Villa,"Saturday September 11, 2021",Stuart Attwell,13,12,1,4,25,5
Leeds United,Liverpool,"Sunday September 12, 2021",Craig Pawson,11,8,2,1,19,3
Everton,Burnley,"Monday September 13, 2021",Martin Atkinson,3,7,1,1,10,2
Newcastle United,Leeds United,"Friday September 17, 2021",Mike Dean,11,13,2,2,24,4
Wolverhampton Wanderers,Brentford,"Saturday September 18, 2021",Darren England,13,8,4,5,21,9
Liverpool,Crystal Palace,"Saturday September 18, 2021",Andy Madley,16,11,3,1,27,4
Norwich City,Watford,"Saturday September 18, 2021",Robert Jones,13,14,1,1,27,2
Manchester City,Southampton,"Saturday September 18, 2021",Jonathan Moss,10,19,0,2,29,2
Burnley,Arsenal,"Saturday September 18, 2021",Anthony Taylor,9,11,2,1,20,3
Aston Villa,Everton,"Saturday September 18, 2021",Craig Pawson,10,13,1,1,23,2
West Ham United,Manchester United,"Sunday September 19, 2021",Martin Atkinson,7,10,0,0,17,0
Brighton & Hove Albion,Leicester City,"Sunday September 19, 2021",Stuart Attwell,12,11,2,1,23,3
Tottenham Hotspur,Chelsea,"Sunday September 19, 2021",Paul Tierney,7,18,0,1,25,1
Chelsea,Manchester City,"Saturday September 25, 2021",Michael Oliver,17,13,3,2,30,5
Manchester United,Aston Villa,"Saturday September 25, 2021",Mike Dean,11,17,2,2,28,4
Everton,Norwich City,"Saturday September 25, 2021",David Coote,13,13,2,3,26,5
Leeds United,West Ham United,"Saturday September 25, 2021",Kevin Friend,12,9,3,2,21,5
Watford,Newcastle United,"Saturday September 25, 2021",Jarred Gillett,20,12,4,3,32,7
Leicester City,Burnley,"Saturday September 25, 2021",Chris Kavanagh,11,11,2,4,22,6
Brentford,Liverpool,"Saturday September 25, 2021",Stuart Attwell,11,8,1,1,19,2
Southampton,Wolverhampton Wanderers,"Sunday September 26, 2021",Andy Madley,15,11,0,0,26,0
Arsenal,Tottenham Hotspur,"Sunday September 26, 2021",Craig Pawson,15,13,2,1,28,3
Crystal Palace,Brighton & Hove Albion,"Monday September 27, 2021",Andre Marriner,13,12,2,4,25,6
Manchester United,Everton,"Saturday October 2, 2021",Michael Oliver,14,9,1,1,23,2
Leeds United,Watford,"Saturday October 2, 2021",Simon Hooper,10,18,0,3,28,3
Wolverhampton Wanderers,Newcastle United,"Saturday October 2, 2021",Graham Scott,19,9,0,2,28,2
Burnley,Norwich City,"Saturday October 2, 2021",Kevin Friend,15,6,5,2,21,7
Chelsea,Southampton,"Saturday October 2, 2021",Martin Atkinson,11,20,1,3,31,4
Brighton & Hove Albion,Arsenal,"Saturday October 2, 2021",Jonathan Moss,10,6,2,1,16,3
Crystal Palace,Leicester City,"Sunday October 3, 2021",Anthony Taylor,16,15,2,3,31,5
West Ham United,Brentford,"Sunday October 3, 2021",Peter Bankes,16,16,2,3,32,5
Tottenham Hotspur,Aston Villa,"Sunday October 3, 2021",Chris Kavanagh,12,20,2,1,32,3
Liverpool,Manchester City,"Sunday October 3, 2021",Paul Tierney,14,12,3,3,26,6
Watford,Liverpool,"Saturday October 16, 2021",Jonathan Moss,7,11,0,0,18,0
Leicester City,Manchester United,"Saturday October 16, 2021",Craig Pawson,9,20,0,3,29,3
Southampton,Leeds United,"Saturday October 16, 2021",David Coote,18,16,2,3,34,5
Manchester City,Burnley,"Saturday October 16, 2021",Martin Atkinson,12,9,1,0,21,1
Aston Villa,Wolverhampton Wanderers,"Saturday October 16, 2021",Michael Oliver,12,21,2,2,33,4
Norwich City,Brighton & Hove Albion,"Saturday October 16, 2021",Peter Bankes,8,21,3,5,29,8
Brentford,Chelsea,"Saturday October 16, 2021",Anthony Taylor,16,8,1,1,24,2
Everton,West Ham United,"Sunday October 17, 2021",Stuart Attwell,6,3,0,2,9,2
Newcastle United,Tottenham Hotspur,"Sunday October 17, 2021",Andre Marriner,15,7,7,1,22,8
Arsenal,Crystal Palace,"Monday October 18, 2021",Mike Dean,7,9,1,1,16,2
Arsenal,Aston Villa,"Friday October 22, 2021",Craig Pawson,21,13,2,5,34,7
Chelsea,Norwich City,"Saturday October 23, 2021",Andy Madley,16,18,0,5,34,5
Southampton,Burnley,"Saturday October 23, 2021",Chris Kavanagh,12,14,1,3,26,4
Crystal Palace,Newcastle United,"Saturday October 23, 2021",Darren England,15,15,3,4,30,7
Everton,Watford,"Saturday October 23, 2021",Graham Scott,9,14,4,3,23,7
Leeds United,Wolverhampton Wanderers,"Saturday October 23, 2021",Robert Jones,16,18,2,3,34,5
Brighton & Hove Albion,Manchester City,"Saturday October 23, 2021",Kevin Friend,13,7,2,3,20,5
West Ham United,Tottenham Hotspur,"Sunday October 24, 2021",Paul Tierney,13,4,2,1,17,3
Brentford,Leicester City,"Sunday October 24, 2021",Simon Hooper,15,9,1,1,24,2
Manchester United,Liverpool,"Sunday October 24, 2021",Anthony Taylor,10,10,6,0,20,6
Leicester City,Arsenal,"Saturday October 30, 2021",Michael Oliver,13,13,2,0,26,2
Watford,Southampton,"Saturday October 30, 2021",Peter Bankes,19,6,2,2,25,4
Newcastle United,Chelsea,"Saturday October 30, 2021",Paul Tierney,17,13,3,2,30,5
Liverpool,Brighton & Hove Albion,"Saturday October 30, 2021",Mike Dean,12,6,2,2,18,4
Burnley,Brentford,"Saturday October 30, 2021",Jonathan Moss,12,15,1,1,27,2
Manchester City,Crystal Palace,"Saturday October 30, 2021",Andre Marriner,11,14,2,3,25,5
Tottenham Hotspur,Manchester United,"Saturday October 30, 2021",Stuart Attwell,13,16,2,3,29,5
Norwich City,Leeds United,"Sunday October 31, 2021",Anthony Taylor,17,27,1,4,44,5
Aston Villa,West Ham United,"Sunday October 31, 2021",Chris Kavanagh,7,13,1,2,20,3
Wolverhampton Wanderers,Everton,"Monday November 1, 2021",Martin Atkinson,11,8,1,1,19,2
Southampton,Aston Villa,"Friday November 5, 2021",Andy Madley,15,12,2,2,27,4
Manchester United,Manchester City,"Saturday November 6, 2021",Michael Oliver,15,13,1,2,28,3
Crystal Palace,Wolverhampton Wanderers,"Saturday November 6, 2021",Graham Scott,17,14,2,1,31,3
Chelsea,Burnley,"Saturday November 6, 2021",Andre Marriner,6,12,1,4,18,5
Brentford,Norwich City,"Saturday November 6, 2021",Jarred Gillett,13,15,2,3,28,5
Brighton & Hove Albion,Newcastle United,"Saturday November 6, 2021",David Coote,16,13,3,4,29,7
Leeds United,Leicester City,"Sunday November 7, 2021",Darren England,12,11,1,1,23,2
Everton,Tottenham Hotspur,"Sunday November 7, 2021",Chris Kavanagh,14,18,2,4,32,6
Arsenal,Watford,"Sunday November 7, 2021",Kevin Friend,7,20,4,5,27,9
West Ham United,Liverpool,"Sunday November 7, 2021",Craig Pawson,14,7,1,1,21,2
Leicester City,Chelsea,"Saturday November 20, 2021",Paul Tierney,18,8,3,1,26,4
Newcastle United,Brentford,"Saturday November 20, 2021",Robert Jones,13,15,2,2,28,4
Aston Villa,Brighton & Hove Albion,"Saturday November 20, 2021",Anthony Taylor,10,14,3,3,24,6
Watford,Manchester United,"Saturday November 20, 2021",Jonathan Moss,10,5,2,4,15,6
Norwich City,Southampton,"Saturday November 20, 2021",Martin Atkinson,12,10,3,2,22,5
Wolverhampton Wanderers,West Ham United,"Saturday November 20, 2021",Mike Dean,8,11,1,1,19,2
Burnley,Crystal Palace,"Saturday November 20, 2021",Simon Hooper,16,17,2,3,33,5
Liverpool,Arsenal,"Saturday November 20, 2021",Michael Oliver,15,13,2,0,28,2
Manchester City,Everton,"Sunday November 21, 2021",Stuart Attwell,7,9,1,1,16,2
Tottenham Hotspur,Leeds United,"Sunday November 21, 2021",Andre Marriner,13,13,1,4,26,5
Arsenal,Newcastle United,"Saturday November 27, 2021",Stuart Attwell,8,17,1,3,25,4
Crystal Palace,Aston Villa,"Saturday November 27, 2021",Michael Salisbury,14,11,3,3,25,6
Norwich City,Wolverhampton Wanderers,"Saturday November 27, 2021",Simon Hooper,11,10,2,2,21,4
Liverpool,Southampton,"Saturday November 27, 2021",Andre Marriner,7,15,0,1,22,1
Brighton & Hove Albion,Leeds United,"Saturday November 27, 2021",Craig Pawson,16,16,1,3,32,4
Brentford,Everton,"Sunday November 28, 2021",Darren England,8,12,4,3,20,7
Leicester City,Watford,"Sunday November 28, 2021",Andy Madley,6,20,0,0,26,0
Manchester City,West Ham United,"Sunday November 28, 2021",Michael Oliver,8,8,2,0,16,2
Chelsea,Manchester United,"Sunday November 28, 2021",Anthony Taylor,14,15,2,5,29,7
Newcastle United,Norwich City,"Tuesday November 30, 2021",Andy Madley,7,13,0,0,20,0
Leeds United,Crystal Palace,"Tuesday November 30, 2021",Kevin Friend,19,15,5,3,34,8
Wolverhampton Wanderers,Burnley,"Wednesday December 1, 2021",John Brooks,5,10,2,3,15,5
Southampton,Leicester City,"Wednesday December 1, 2021",Robert Jones,16,12,1,3,28,4
Watford,Chelsea,"Wednesday December 1, 2021",David Coote,25,19,4,3,44,7
West Ham United,Brighton & Hove Albion,"Wednesday December 1, 2021",Chris Kavanagh,11,10,1,1,21,2
Everton,Liverpool,"Wednesday December 1, 2021",Paul Tierney,9,18,4,3,27,7
Aston Villa,Manchester City,"Wednesday December 1, 2021",Mike Dean,11,15,0,0,26,0
Tottenham Hotspur,Brentford,"Thursday December 2, 2021",Jonathan Moss,16,15,0,0,31,0
Manchester United,Arsenal,"Thursday December 2, 2021",Martin Atkinson,10,12,1,0,22,1
West Ham United,Chelsea,"Saturday December 4, 2021",Andre Marriner,10,11,1,3,21,4
Wolverhampton Wanderers,Liverpool,"Saturday December 4, 2021",Chris Kavanagh,7,9,2,2,16,4
Southampton,Brighton & Hove Albion,"Saturday December 4, 2021",Anthony Taylor,19,16,4,2,35,6
Newcastle United,Burnley,"Saturday December 4, 2021",Paul Tierney,13,13,1,1,26,2
Watford,Manchester City,"Saturday December 4, 2021",Simon Hooper,15,7,3,0,22,3
Tottenham Hotspur,Norwich City,"Sunday December 5, 2021",Jarred Gillett,12,7,1,2,19,3
Manchester United,Crystal Palace,"Sunday December 5, 2021",Craig Pawson,19,11,2,2,30,4
Leeds United,Brentford,"Sunday December 5, 2021",David Coote,13,10,5,3,23,8
Aston Villa,Leicester City,"Sunday December 5, 2021",Michael Oliver,15,28,1,1,43,2
Everton,Arsenal,"Monday December 6, 2021",Mike Dean,8,13,2,2,21,4
Brentford,Watford,"Friday December 10, 2021",Michael Oliver,14,22,4,0,36,4
Manchester City,Wolverhampton Wanderers,"Saturday December 11, 2021",Jonathan Moss,14,8,3,5,22,8
Liverpool,Aston Villa,"Saturday December 11, 2021",Stuart Attwell,16,10,1,2,26,3
Chelsea,Leeds United,"Saturday December 11, 2021",Chris Kavanagh,11,18,2,5,29,7
Arsenal,Southampton,"Saturday December 11, 2021",Jarred Gillett,6,11,2,0,17,2
Norwich City,Manchester United,"Saturday December 11, 2021",Darren England,8,17,1,1,25,2
Burnley,West Ham United,"Sunday December 12, 2021",Graham Scott,14,12,2,1,26,3
Leicester City,Newcastle United,"Sunday December 12, 2021",Peter Bankes,14,17,2,3,31,5
Crystal Palace,Everton,"Sunday December 12, 2021",Andy Madley,15,15,0,2,30,2
Norwich City,Aston Villa,"Tuesday December 14, 2021",David Coote,19,11,3,1,30,4
Manchester City,Leeds United,"Tuesday December 14, 2021",Paul Tierney,7,18,1,1,25,2
Crystal Palace,Southampton,"Wednesday December 15, 2021",Simon Hooper,16,21,2,4,37,6
Brighton & Hove Albion,Wolverhampton Wanderers,"Wednesday December 15, 2021",Tony Harrington,13,17,2,0,30,2
Arsenal,West Ham United,"Wednesday December 15, 2021",Anthony Taylor,10,8,2,3,18,5
Chelsea,Everton,"Thursday December 16, 2021",Michael Oliver,11,12,2,3,23,5
Liverpool,Newcastle United,"Thursday December 16, 2021",Mike Dean,11,12,1,3,23,4
Leeds United,Arsenal,"Saturday December 18, 2021",Andre Marriner,12,11,3,1,23,4
Wolverhampton Wanderers,Chelsea,"Sunday December 19, 2021",David Coote,12,10,0,2,22,2
Newcastle United,Manchester City,"Sunday December 19, 2021",Martin Atkinson,10,7,1,2,17,3
Tottenham Hotspur,Liverpool,"Sunday December 19, 2021",Paul Tierney,14,13,4,4,27,8
West Ham United,Southampton,"Sunday December 26, 2021",Kevin Friend,10,12,3,3,22,6
Manchester City,Leicester City,"Sunday December 26, 2021",Chris Kavanagh,14,12,1,2,26,3
Norwich City,Arsenal,"Sunday December 26, 2021",Graham Scott,15,10,1,2,25,3
Tottenham Hotspur,Crystal Palace,"Sunday December 26, 2021",Jonathan Moss,17,15,1,4,32,5
Aston Villa,Chelsea,"Sunday December 26, 2021",Martin Atkinson,11,15,3,1,26,4
Brighton & Hove Albion,Brentford,"Sunday December 26, 2021",Darren England,10,10,1,3,20,4
Newcastle United,Manchester United,"Monday December 27, 2021",Craig Pawson,11,10,3,3,21,6
Southampton,Tottenham Hotspur,"Tuesday December 28, 2021",Anthony Taylor,17,6,5,2,23,7
Crystal Palace,Norwich City,"Tuesday December 28, 2021",Paul Tierney,9,16,1,2,25,3
Watford,West Ham United,"Tuesday December 28, 2021",Darren England,13,13,0,1,26,1
Leicester City,Liverpool,"Tuesday December 28, 2021",Michael Oliver,9,14,0,1,23,1
Chelsea,Brighton & Hove Albion,"Wednesday December 29, 2021",Mike Dean,16,10,4,1,26,5
Brentford,Manchester City,"Wednesday December 29, 2021",David Coote,14,11,0,0,25,0
Manchester United,Burnley,"Thursday December 30, 2021",Jonathan Moss,6,12,0,0,18,0
Arsenal,Manchester City,"Saturday January 1, 2022",Stuart Attwell,12,6,6,2,18,8
Watford,Tottenham Hotspur,"Saturday January 1, 2022",Robert Jones,15,10,0,1,25,1
Crystal Palace,West Ham United,"Saturday January 1, 2022",Darren England,8,17,0,2,25,2
Leeds United,Burnley,"Sunday January 2, 2022",Paul Tierney,15,9,2,1,24,3
Everton,Brighton & Hove Albion,"Sunday January 2, 2022",John Brooks,5,14,1,1,19,2
Brentford,Aston Villa,"Sunday January 2, 2022",Craig Pawson,17,14,2,2,31,4
Chelsea,Liverpool,"Sunday January 2, 2022",Anthony Taylor,9,16,1,2,25,3
Manchester United,Wolverhampton Wanderers,"Monday January 3, 2022",Mike Dean,11,11,3,1,22,4
Southampton,Brentford,"Tuesday January 11, 2022",Stuart Attwell,11,8,0,1,19,1
West Ham United,Norwich City,"Wednesday January 12, 2022",Simon Hooper,9,11,0,0,20,0
Brighton & Hove Albion,Crystal Palace,"Friday January 14, 2022",Robert Jones,13,11,0,2,24,2
Manchester City,Chelsea,"Saturday January 15, 2022",Craig Pawson,14,11,0,2,25,2
Newcastle United,Watford,"Saturday January 15, 2022",Paul Tierney,16,16,3,2,32,5
Wolverhampton Wanderers,Southampton,"Saturday January 15, 2022",Michael Salisbury,13,15,2,3,28,5
Norwich City,Everton,"Saturday January 15, 2022",Andy Madley,13,18,3,1,31,4
Aston Villa,Manchester United,"Saturday January 15, 2022",David Coote,11,15,1,2,26,3
West Ham United,Leeds United,"Sunday January 16, 2022",Mike Dean,7,12,3,2,19,5
Liverpool,Brentford,"Sunday January 16, 2022",Jonathan Moss,6,11,0,1,17,1
Brighton & Hove Albion,Chelsea,"Tuesday January 18, 2022",Kevin Friend,10,9,1,2,19,3
Leicester City,Tottenham Hotspur,"Wednesday January 19, 2022",Jonathan Moss,9,16,1,2,25,3
Brentford,Manchester United,"Wednesday January 19, 2022",Andre Marriner,10,10,0,0,20,0
Watford,Norwich City,"Friday January 21, 2022",Mike Dean,16,12,3,1,28,4
Everton,Aston Villa,"Saturday January 22, 2022",Craig Pawson,18,18,5,4,36,9
Manchester United,West Ham United,"Saturday January 22, 2022",Jonathan Moss,10,10,1,1,20,2
Brentford,Wolverhampton Wanderers,"Saturday January 22, 2022",Peter Bankes,9,9,2,3,18,5
Leeds United,Newcastle United,"Saturday January 22, 2022",Chris Kavanagh,11,12,4,2,23,6
Southampton,Manchester City,"Saturday January 22, 2022",Simon Hooper,16,7,3,0,23,3
Leicester City,Brighton & Hove Albion,"Sunday January 23, 2022",Martin Atkinson,6,11,0,1,17,1
Crystal Palace,Liverpool,"Sunday January 23, 2022",Kevin Friend,16,12,4,1,28,5
Arsenal,Burnley,"Sunday January 23, 2022",David Coote,12,19,0,2,31,2
Chelsea,Tottenham Hotspur,"Sunday January 23, 2022",Paul Tierney,18,14,2,1,32,3
Burnley,Watford,"Saturday February 5, 2022",Craig Pawson,17,13,1,2,30,3
Newcastle United,Everton,"Tuesday February 8, 2022",Anthony Taylor,15,17,2,3,32,5
West Ham United,Watford,"Tuesday February 8, 2022",Martin Atkinson,3,7,1,0,10,1
Burnley,Manchester United,"Tuesday February 8, 2022",Mike Dean,13,12,2,1,25,3
Tottenham Hotspur,Southampton,"Wednesday February 9, 2022",David Coote,9,15,2,3,24,5
Manchester City,Brentford,"Wednesday February 9, 2022",Darren England,7,13,0,0,20,0
Norwich City,Crystal Palace,"Wednesday February 9, 2022",Paul Tierney,17,16,1,2,33,3
Aston Villa,Leeds United,"Wednesday February 9, 2022",Jarred Gillett,10,14,4,3,24,7
Wolverhampton Wanderers,Arsenal,"Thursday February 10, 2022",Michael Oliver,15,14,2,6,29,8
Liverpool,Leicester City,"Thursday February 10, 2022",Chris Kavanagh,11,9,1,0,20,1
Manchester United,Southampton,"Saturday February 12, 2022",Stuart Attwell,13,16,4,0,29,4
Brentford,Crystal Palace,"Saturday February 12, 2022",Simon Hooper,13,11,1,0,24,1
Everton,Leeds United,"Saturday February 12, 2022",Graham Scott,12,10,1,1,22,2
Watford,Brighton & Hove Albion,"Saturday February 12, 2022",Jonathan Moss,16,9,3,2,25,5
Norwich City,Manchester City,"Saturday February 12, 2022",Andre Marriner,11,8,0,2,19,2
Tottenham Hotspur,Wolverhampton Wanderers,"Sunday February 13, 2022",Kevin Friend,14,17,3,1,31,4
Burnley,Liverpool,"Sunday February 13, 2022",Martin Atkinson,8,8,0,1,16,1
Newcastle United,Aston Villa,"Sunday February 13, 2022",Craig Pawson,26,19,3,4,45,7
Leicester City,West Ham United,"Sunday February 13, 2022",Michael Oliver,15,10,1,2,25,3
Manchester United,Brighton & Hove Albion,"Tuesday February 15, 2022",Peter Bankes,9,14,3,1,23,4
West Ham United,Newcastle United,"Saturday February 19, 2022",Chris Kavanagh,5,13,3,3,18,6
Aston Villa,Watford,"Saturday February 19, 2022",Robert Jones,13,9,1,2,22,3
Liverpool,Norwich City,"Saturday February 19, 2022",Mike Dean,8,15,0,1,23,1
Crystal Palace,Chelsea,"Saturday February 19, 2022",David Coote,6,24,1,3,30,4
Arsenal,Brentford,"Saturday February 19, 2022",Jonathan Moss,12,8,1,1,20,2
Southampton,Everton,"Saturday February 19, 2022",Andy Madley,8,11,0,2,19,2
Brighton & Hove Albion,Burnley,"Saturday February 19, 2022",Kevin Friend,12,14,1,4,26,5
Manchester City,Tottenham Hotspur,"Saturday February 19, 2022",Anthony Taylor,6,11,0,3,17,3
Leeds United,Manchester United,"Sunday February 20, 2022",Paul Tierney,15,21,6,3,36,9
Wolverhampton Wanderers,Leicester City,"Sunday February 20, 2022",Craig Pawson,17,13,4,4,30,8
Burnley,Tottenham Hotspur,"Wednesday February 23, 2022",Graham Scott,8,12,0,0,20,0
Watford,Crystal Palace,"Wednesday February 23, 2022",Andre Marriner,14,11,2,1,25,3
Liverpool,Leeds United,"Wednesday February 23, 2022",Michael Oliver,6,18,0,3,24,3
Arsenal,Wolverhampton Wanderers,"Thursday February 24, 2022",Martin Atkinson,11,11,1,1,22,2
Southampton,Norwich City,"Friday February 25, 2022",Simon Hooper,13,13,1,2,26,3
Leeds United,Tottenham Hotspur,"Saturday February 26, 2022",Craig Pawson,19,13,4,2,32,6
Crystal Palace,Burnley,"Saturday February 26, 2022",Jonathan Moss,10,20,0,2,30,2
Brighton & Hove Albion,Aston Villa,"Saturday February 26, 2022",John Brooks,18,12,4,5,30,9
Manchester United,Watford,"Saturday February 26, 2022",Kevin Friend,4,7,0,0,11,0
Brentford,Newcastle United,"Saturday February 26, 2022",Mike Dean,8,8,3,1,16,4
Everton,Manchester City,"Saturday February 26, 2022",Paul Tierney,12,16,3,2,28,5
West Ham United,Wolverhampton Wanderers,"Sunday February 27, 2022",Anthony Taylor,9,3,1,0,12,1
Burnley,Leicester City,"Tuesday March 1, 2022",Chris Kavanagh,11,13,1,1,24,2
Leicester City,Leeds United,"Saturday March 5, 2022",David Coote,12,15,1,2,27,3
Wolverhampton Wanderers,Crystal Palace,"Saturday March 5, 2022",Andy Madley,13,12,0,3,25,3
Aston Villa,Southampton,"Saturday March 5, 2022",Peter Bankes,14,8,1,1,22,2
Newcastle United,Brighton & Hove Albion,"Saturday March 5, 2022",Martin Atkinson,14,10,1,1,24,2
Norwich City,Brentford,"Saturday March 5, 2022",Anthony Taylor,16,22,2,5,38,7
Burnley,Chelsea,"Saturday March 5, 2022",Andre Marriner,15,7,2,0,22,2
Liverpool,West Ham United,"Saturday March 5, 2022",Jonathan Moss,9,10,2,1,19,3
Watford,Arsenal,"Sunday March 6, 2022",Craig Pawson,7,10,1,2,17,3
Manchester City,Manchester United,"Sunday March 6, 2022",Michael Oliver,10,15,0,1,25,1
Tottenham Hotspur,Everton,"Monday March 7, 2022",Stuart Attwell,21,14,2,0,35,2
Wolverhampton Wanderers,Watford,"Thursday March 10, 2022",Darren England,11,13,2,2,24,4
Southampton,Newcastle United,"Thursday March 10, 2022",Kevin Friend,9,10,1,1,19,2
Norwich City,Chelsea,"Thursday March 10, 2022",Martin Atkinson,10,18,0,2,28,2
Leeds United,Aston Villa,"Thursday March 10, 2022",Simon Hooper,19,12,5,3,31,8
Brighton & Hove Albion,Liverpool,"Saturday March 12, 2022",Mike Dean,14,17,3,1,31,4
Brentford,Burnley,"Saturday March 12, 2022",Paul Tierney,6,9,1,1,15,2
Manchester United,Tottenham Hotspur,"Saturday March 12, 2022",Jonathan Moss,11,13,2,1,24,3
Leeds United,Norwich City,"Sunday March 13, 2022",Stuart Attwell,20,10,3,1,30,4
Chelsea,Newcastle United,"Sunday March 13, 2022",David Coote,18,21,4,3,39,7
West Ham United,Aston Villa,"Sunday March 13, 2022",Jarred Gillett,10,4,1,0,14,1
Southampton,Watford,"Sunday March 13, 2022",Graham Scott,10,14,3,2,24,5
Everton,Wolverhampton Wanderers,"Sunday March 13, 2022",Michael Oliver,16,13,5,1,29,6
Arsenal,Leicester City,"Sunday March 13, 2022",Anthony Taylor,10,13,0,3,23,3
Crystal Palace,Manchester City,"Monday March 14, 2022",Martin Atkinson,7,11,3,1,18,4
Brighton & Hove Albion,Tottenham Hotspur,"Wednesday March 16, 2022",Robert Jones,14,15,2,2,29,4
Arsenal,Liverpool,"Wednesday March 16, 2022",Andre Marriner,9,13,0,1,22,1
Everton,Newcastle United,"Thursday March 17, 2022",Craig Pawson,19,14,2,1,33,3
Wolverhampton Wanderers,Leeds United,"Friday March 18, 2022",Kevin Friend,14,14,4,5,28,9
Aston Villa,Arsenal,"Saturday March 19, 2022",Andy Madley,15,17,3,3,32,6
Leicester City,Brentford,"Sunday March 20, 2022",Darren England,15,11,1,2,26,3
Tottenham Hotspur,West Ham United,"Sunday March 20, 2022",Anthony Taylor,14,8,0,1,22,1
Liverpool,Watford,"Saturday April 2, 2022",Stuart Attwell,9,12,1,1,21,2
Leeds United,Southampton,"Saturday April 2, 2022",Anthony Taylor,16,9,1,1,25,2
Burnley,Manchester City,"Saturday April 2, 2022",Craig Pawson,14,6,1,0,20,1
Wolverhampton Wanderers,Aston Villa,"Saturday April 2, 2022",Darren England,18,9,4,3,27,7
Chelsea,Brentford,"Saturday April 2, 2022",Andy Madley,13,7,0,0,20,0
Brighton & Hove Albion,Norwich City,"Saturday April 2, 2022",Simon Hooper,14,13,1,1,27,2
Manchester United,Leicester City,"Saturday April 2, 2022",Andre Marriner,15,13,2,2,28,4
West Ham United,Everton,"Sunday April 3, 2022",Michael Oliver,10,14,1,5,24,6
Tottenham Hotspur,Newcastle United,"Sunday April 3, 2022",Martin Atkinson,10,8,2,3,18,5
Crystal Palace,Arsenal,"Monday April 4, 2022",Paul Tierney,13,17,0,2,30,2
Burnley,Everton,"Wednesday April 6, 2022",Mike Dean,14,17,2,2,31,4
Newcastle United,Wolverhampton Wanderers,"Friday April 8, 2022",Peter Bankes,6,16,1,1,22,2
Everton,Manchester United,"Saturday April 9, 2022",Jonathan Moss,5,11,2,2,16,4
Arsenal,Brighton & Hove Albion,"Saturday April 9, 2022",David Coote,13,19,3,4,32,7
Southampton,Chelsea,"Saturday April 9, 2022",Kevin Friend,13,13,1,0,26,1
Watford,Leeds United,"Saturday April 9, 2022",Andre Marriner,13,14,2,0,27,2
Aston Villa,Tottenham Hotspur,"Saturday April 9, 2022",Graham Scott,21,18,2,3,39,5
Norwich City,Burnley,"Sunday April 10, 2022",Michael Oliver,18,11,1,1,29,2
Brentford,West Ham United,"Sunday April 10, 2022",Martin Atkinson,4,8,0,1,12,1
Leicester City,Crystal Palace,"Sunday April 10, 2022",Robert Jones,14,18,1,1,32,2
Manchester City,Liverpool,"Sunday April 10, 2022",Anthony Taylor,10,13,1,4,23,5
Tottenham Hotspur,Brighton & Hove Albion,"Saturday April 16, 2022",Craig Pawson,19,14,3,3,33,6
Manchester United,Norwich City,"Saturday April 16, 2022",Andy Madley,7,11,0,0,18,0
Southampton,Arsenal,"Saturday April 16, 2022",Peter Bankes,9,7,2,1,16,3
Watford,Brentford,"Saturday April 16, 2022",Simon Hooper,14,10,2,1,24,3
West Ham United,Burnley,"Sunday April 17, 2022",Paul Tierney,10,12,2,2,22,4
Newcastle United,Leicester City,"Sunday April 17, 2022",Jarred Gillett,12,13,2,2,25,4
Liverpool,Manchester United,"Tuesday April 19, 2022",Martin Atkinson,5,9,1,2,14,3
Everton,Leicester City,"Wednesday April 20, 2022",David Coote,10,18,4,2,28,6
Chelsea,Arsenal,"Wednesday April 20, 2022",Jonathan Moss,10,8,3,1,18,4
Newcastle United,Crystal Palace,"Wednesday April 20, 2022",Tony Harrington,14,15,1,1,29,2
Manchester City,Brighton & Hove Albion,"Wednesday April 20, 2022",Mike Dean,12,11,0,3,23,3
Burnley,Southampton,"Thursday April 21, 2022",Stuart Attwell,9,8,2,2,17,4
Arsenal,Manchester United,"Saturday April 23, 2022",Craig Pawson,11,12,3,4,23,7
Manchester City,Watford,"Saturday April 23, 2022",Kevin Friend,11,9,1,0,20,1
Leicester City,Aston Villa,"Saturday April 23, 2022",Andy Madley,19,20,3,2,39,5
Norwich City,Newcastle United,"Saturday April 23, 2022",Chris Kavanagh,13,11,0,2,24,2
Brentford,Tottenham Hotspur,"Saturday April 23, 2022",Martin Atkinson,9,10,2,1,19,3
Chelsea,West Ham United,"Sunday April 24, 2022",Michael Oliver,12,11,1,0,23,1
Burnley,Wolverhampton Wanderers,"Sunday April 24, 2022",Anthony Taylor,8,9,3,1,17,4
Brighton & Hove Albion,Southampton,"Sunday April 24, 2022",Robert Jones,14,11,1,0,25,1
Liverpool,Everton,"Sunday April 24, 2022",Stuart Attwell,8,14,2,5,22,7
Crystal Palace,Leeds United,"Monday April 25, 2022",Darren England,12,19,2,2,31,4
Manchester United,Chelsea,"Thursday April 28, 2022",Mike Dean,13,14,0,1,27,1
Newcastle United,Liverpool,"Saturday April 30, 2022",Andre Marriner,18,11,1,3,29,4
Watford,Burnley,"Saturday April 30, 2022",Craig Pawson,15,9,1,2,24,3
Southampton,Crystal Palace,"Saturday April 30, 2022",Jarred Gillett,15,13,1,3,28,4
Wolverhampton Wanderers,Brighton & Hove Albion,"Saturday April 30, 2022",Simon Hooper,9,4,2,1,13,3
Aston Villa,Norwich City,"Saturday April 30, 2022",John Brooks,16,11,4,1,27,5
Leeds United,Manchester City,"Saturday April 30, 2022",Paul Tierney,18,5,1,2,23,3
Tottenham Hotspur,Leicester City,"Sunday May 1, 2022",Jonathan Moss,17,10,2,3,27,5
Everton,Chelsea,"Sunday May 1, 2022",Kevin Friend,15,13,3,5,28,8
West Ham United,Arsenal,"Sunday May 1, 2022",Mike Dean,7,10,2,2,17,4
Manchester United,Brentford,"Monday May 2, 2022",Chris Kavanagh,5,9,1,0,14,1
Chelsea,Wolverhampton Wanderers,"Saturday May 7, 2022",Peter Bankes,9,13,1,3,22,4
Brentford,Southampton,"Saturday May 7, 2022",Michael Salisbury,13,11,0,1,24,1
Crystal Palace,Watford,"Saturday May 7, 2022",Graham Scott,12,17,2,4,29,6
Burnley,Aston Villa,"Saturday May 7, 2022",David Coote,15,13,1,2,28,3
Brighton & Hove Albion,Manchester United,"Saturday May 7, 2022",Andy Madley,15,14,0,2,29,2
Liverpool,Tottenham Hotspur,"Saturday May 7, 2022",Michael Oliver,13,12,3,2,25,5
Norwich City,West Ham United,"Sunday May 8, 2022",Robert Jones,15,13,1,1,28,2
Arsenal,Leeds United,"Sunday May 8, 2022",Chris Kavanagh,14,16,2,2,30,4
Leicester City,Everton,"Sunday May 8, 2022",Craig Pawson,16,7,3,0,23,3
Manchester City,Newcastle United,"Sunday May 8, 2022",Stuart Attwell,6,16,1,3,22,4
Aston Villa,Liverpool,"Tuesday May 10, 2022",Jonathan Moss,13,14,0,0,27,0
Leeds United,Chelsea,"Wednesday May 11, 2022",Anthony Taylor,13,14,1,0,27,1
Leicester City,Norwich City,"Wednesday May 11, 2022",Simon Hooper,12,10,0,0,22,0
Watford,Everton,"Wednesday May 11, 2022",Mike Dean,11,14,1,2,25,3
Wolverhampton Wanderers,Manchester City,"Wednesday May 11, 2022",Martin Atkinson,4,12,0,1,16,1
Tottenham Hotspur,Arsenal,"Thursday May 12, 2022",Paul Tierney,10,15,1,6,25,7
Tottenham Hotspur,Burnley,"Sunday May 15, 2022",Kevin Friend,12,11,3,2,23,5
Watford,Leicester City,"Sunday May 15, 2022",Jarred Gillett,4,9,0,1,13,1
West Ham United,Manchester City,"Sunday May 15, 2022",Anthony Taylor,11,5,3,1,16,4
Leeds United,Brighton & Hove Albion,"Sunday May 15, 2022",Mike Dean,18,9,3,2,27,5
Wolverhampton Wanderers,Norwich City,"Sunday May 15, 2022",Tony Harrington,6,11,0,3,17,3
Aston Villa,Crystal Palace,"Sunday May 15, 2022",Chris Kavanagh,14,17,1,3,31,4
Everton,Brentford,"Sunday May 15, 2022",Michael Oliver,9,10,0,3,19,3
Newcastle United,Arsenal,"Monday May 16, 2022",Darren England,11,11,0,3,22,3
Southampton,Liverpool,"Tuesday May 17, 2022",Martin Atkinson,9,10,2,0,19,2
Everton,Crystal Palace,"Thursday May 19, 2022",Anthony Taylor,10,14,2,3,24,5
Aston Villa,Burnley,"Thursday May 19, 2022",Paul Tierney,13,19,0,1,32,1
Chelsea,Leicester City,"Thursday May 19, 2022",Stuart Attwell,15,10,4,1,25,5
Brighton & Hove Albion,West Ham United,"Sunday May 22, 2022",Kevin Friend,8,10,1,1,18,2
Brentford,Leeds United,"Sunday May 22, 2022",Paul Tierney,13,16,5,1,29,6
Leicester City,Southampton,"Sunday May 22, 2022",Jonathan Moss,10,10,0,1,20,1
Arsenal,Everton,"Sunday May 22, 2022",Andre Marriner,8,12,0,1,20,1
Crystal Palace,Manchester United,"Sunday May 22, 2022",Martin Atkinson,15,24,2,4,39,6
Norwich City,Tottenham Hotspur,"Sunday May 22, 2022",Chris Kavanagh,17,9,3,1,26,4
Burnley,Newcastle United,"Sunday May 22, 2022",Craig Pawson,11,10,1,0,21,1
Liverpool,Wolverhampton Wanderers,"Sunday May 22, 2022",Anthony Taylor,6,5,1,0,11,1
Manchester City,Aston Villa,"Sunday May 22, 2022",Michael Oliver,6,12,0,2,18,2
Chelsea,Watford,"Sunday May 22, 2022",Mike Dean,13,14,0,0,27,0
Fulham,Arsenal,"Saturday September 12, 2020",Chris Kavanagh,14,13,2,2,27,4
Crystal Palace,Southampton,"Saturday September 12, 2020",Jonathan Moss,16,11,2,1,27,3
Liverpool,Leeds United,"Saturday September 12, 2020",Michael Oliver,9,8,1,0,17,1
West Ham United,Newcastle United,"Saturday September 12, 2020",Stuart Attwell,14,11,2,2,25,4
West Bromwich Albion,Leicester City,"Sunday September 13, 2020",Anthony Taylor,12,11,1,1,23,2
Tottenham Hotspur,Everton,"Sunday September 13, 2020",Martin Atkinson,17,10,1,0,27,1
Sheffield United,Wolverhampton Wanderers,"Monday September 14, 2020",Mike Dean,17,10,2,1,27,3
Brighton & Hove Albion,Chelsea,"Monday September 14, 2020",Craig Pawson,10,13,1,0,23,1
Everton,West Bromwich Albion,"Saturday September 19, 2020",Mike Dean,12,12,1,0,24,1
Leeds United,Fulham,"Saturday September 19, 2020",Anthony Taylor,15,18,1,2,33,3
Manchester United,Crystal Palace,"Saturday September 19, 2020",Martin Atkinson,14,10,2,1,24,3
Arsenal,West Ham United,"Saturday September 19, 2020",Michael Oliver,12,16,0,1,28,1
Southampton,Tottenham Hotspur,"Sunday September 20, 2020",David Coote,24,20,4,3,44,7
Newcastle United,Brighton & Hove Albion,"Sunday September 20, 2020",Kevin Friend,18,15,3,0,33,3
Chelsea,Liverpool,"Sunday September 20, 2020",Paul Tierney,13,8,0,0,21,0
Leicester City,Burnley,"Sunday September 20, 2020",Lee Mason,12,18,1,2,30,3
Aston Villa,Sheffield United,"Monday September 21, 2020",Graham Scott,12,13,3,1,25,4
Wolverhampton Wanderers,Manchester City,"Monday September 21, 2020",Andre Marriner,10,8,0,3,18,3
Brighton & Hove Albion,Manchester United,"Saturday September 26, 2020",Chris Kavanagh,19,19,4,2,38,6
Crystal Palace,Everton,"Saturday September 26, 2020",Kevin Friend,18,20,3,1,38,4
West Bromwich Albion,Chelsea,"Saturday September 26, 2020",Jonathan Moss,9,17,1,3,26,4
Burnley,Southampton,"Saturday September 26, 2020",Andre Marriner,10,11,1,0,21,1
Sheffield United,Leeds United,"Sunday September 27, 2020",Paul Tierney,19,7,2,1,26,3
Tottenham Hotspur,Newcastle United,"Sunday September 27, 2020",Peter Bankes,15,9,1,4,24,5
Manchester City,Leicester City,"Sunday September 27, 2020",Michael Oliver,13,11,1,3,24,4
West Ham United,Wolverhampton Wanderers,"Sunday September 27, 2020",Martin Atkinson,8,12,0,1,20,1
Fulham,Aston Villa,"Monday September 28, 2020",Stuart Attwell,20,18,6,3,38,9
Liverpool,Arsenal,"Monday September 28, 2020",Craig Pawson,13,11,2,2,24,4
Chelsea,Crystal Palace,"Saturday October 3, 2020",Michael Oliver,18,15,2,0,33,2
Everton,Brighton & Hove Albion,"Saturday October 3, 2020",Simon Hooper,14,16,0,1,30,1
Leeds United,Manchester City,"Saturday October 3, 2020",Mike Dean,16,15,2,1,31,3
Newcastle United,Burnley,"Saturday October 3, 2020",David Coote,14,17,2,3,31,5
Leicester City,West Ham United,"Sunday October 4, 2020",Andy Madley,12,13,2,2,25,4
Southampton,West Bromwich Albion,"Sunday October 4, 2020",Chris Kavanagh,20,12,2,1,32,3
Arsenal,Sheffield United,"Sunday October 4, 2020",Lee Mason,3,10,0,1,13,1
Wolverhampton Wanderers,Fulham,"Sunday October 4, 2020",Darren England,16,9,1,1,25,2
Manchester United,Tottenham Hotspur,"Sunday October 4, 2020",Anthony Taylor,16,17,2,1,33,3
Aston Villa,Liverpool,"Sunday October 4, 2020",Martin Atkinson,9,11,2,1,20,3
Everton,Liverpool,"Saturday October 17, 2020",Michael Oliver,20,11,3,2,31,5
Chelsea,Southampton,"Saturday October 17, 2020",Peter Bankes,11,11,1,1,22,2
Manchester City,Arsenal,"Saturday October 17, 2020",Chris Kavanagh,17,14,4,1,31,5
Newcastle United,Manchester United,"Saturday October 17, 2020",Craig Pawson,15,16,1,1,31,2
Sheffield United,Fulham,"Sunday October 18, 2020",Andre Marriner,12,12,0,2,24,2
Crystal Palace,Brighton & Hove Albion,"Sunday October 18, 2020",Stuart Attwell,14,13,3,2,27,5
Tottenham Hotspur,West Ham United,"Sunday October 18, 2020",Paul Tierney,13,15,0,5,28,5
Leicester City,Aston Villa,"Sunday October 18, 2020",Jonathan Moss,22,19,4,3,41,7
West Bromwich Albion,Burnley,"Monday October 19, 2020",Anthony Taylor,21,18,2,2,39,4
Leeds United,Wolverhampton Wanderers,"Monday October 19, 2020",David Coote,15,13,2,1,28,3
Aston Villa,Leeds United,"Friday October 23, 2020",Paul Tierney,17,23,2,2,40,4
West Ham United,Manchester City,"Saturday October 24, 2020",Anthony Taylor,15,8,2,0,23,2
Fulham,Crystal Palace,"Saturday October 24, 2020",Graham Scott,12,12,0,1,24,1
Manchester United,Chelsea,"Saturday October 24, 2020",Martin Atkinson,9,7,3,1,16,4
Liverpool,Sheffield United,"Saturday October 24, 2020",Mike Dean,8,23,0,3,31,3
Southampton,Everton,"Sunday October 25, 2020",Kevin Friend,14,11,1,2,25,3
Wolverhampton Wanderers,Newcastle United,"Sunday October 25, 2020",Lee Mason,11,10,0,1,21,1
Arsenal,Leicester City,"Sunday October 25, 2020",Craig Pawson,14,10,3,5,24,8
Brighton & Hove Albion,West Bromwich Albion,"Monday October 26, 2020",Jonathan Moss,19,12,2,0,31,2
Burnley,Tottenham Hotspur,"Monday October 26, 2020",Michael Oliver,12,9,2,0,21,2
Wolverhampton Wanderers,Crystal Palace,"Friday October 30, 2020",Martin Atkinson,14,5,0,2,19,2
Sheffield United,Manchester City,"Saturday October 31, 2020",Michael Oliver,19,7,0,0,26,0
Burnley,Chelsea,"Saturday October 31, 2020",David Coote,10,17,1,0,27,1
Liverpool,West Ham United,"Saturday October 31, 2020",Kevin Friend,16,15,0,1,31,1
Aston Villa,Southampton,"Sunday November 1, 2020",Darren England,12,18,1,2,30,3
Newcastle United,Everton,"Sunday November 1, 2020",Stuart Attwell,10,13,2,4,23,6
Manchester United,Arsenal,"Sunday November 1, 2020",Mike Dean,16,15,3,3,31,6
Tottenham Hotspur,Brighton & Hove Albion,"Sunday November 1, 2020",Graham Scott,14,13,2,1,27,3
Fulham,West Bromwich Albion,"Monday November 2, 2020",Simon Hooper,15,15,3,2,30,5
Leeds United,Leicester City,"Monday November 2, 2020",Andre Marriner,10,10,1,1,20,2
Brighton & Hove Albion,Burnley,"Friday November 6, 2020",Mike Dean,11,5,1,0,16,1
Southampton,Newcastle United,"Friday November 6, 2020",Peter Bankes,12,11,1,2,23,3
Everton,Manchester United,"Saturday November 7, 2020",Paul Tierney,16,22,4,2,38,6
Crystal Palace,Leeds United,"Saturday November 7, 2020",Chris Kavanagh,10,19,0,2,29,2
Chelsea,Sheffield United,"Saturday November 7, 2020",Jonathan Moss,6,18,0,2,24,2
West Ham United,Fulham,"Saturday November 7, 2020",Robert Jones,13,10,2,2,23,4
West Bromwich Albion,Tottenham Hotspur,"Sunday November 8, 2020",Andy Madley,19,12,1,0,31,1
Leicester City,Wolverhampton Wanderers,"Sunday November 8, 2020",Anthony Taylor,15,10,2,3,25,5
Manchester City,Liverpool,"Sunday November 8, 2020",Craig Pawson,21,11,3,1,32,4
Arsenal,Aston Villa,"Sunday November 8, 2020",Martin Atkinson,14,15,0,0,29,0
Newcastle United,Chelsea,"Saturday November 21, 2020",Craig Pawson,13,14,2,0,27,2
Aston Villa,Brighton & Hove Albion,"Saturday November 21, 2020",Michael Oliver,7,19,2,4,26,6
Tottenham Hotspur,Manchester City,"Saturday November 21, 2020",Mike Dean,17,20,2,2,37,4
Manchester United,West Bromwich Albion,"Saturday November 21, 2020",David Coote,15,19,1,1,34,2
Fulham,Everton,"Sunday November 22, 2020",Andy Madley,16,12,2,0,28,2
Sheffield United,West Ham United,"Sunday November 22, 2020",Martin Atkinson,9,9,0,0,18,0
Leeds United,Arsenal,"Sunday November 22, 2020",Anthony Taylor,14,10,3,0,24,3
Liverpool,Leicester City,"Sunday November 22, 2020",Chris Kavanagh,20,8,0,2,28,2
Burnley,Crystal Palace,"Monday November 23, 2020",Kevin Friend,15,10,2,0,25,2
Wolverhampton Wanderers,Southampton,"Monday November 23, 2020",Andre Marriner,17,17,2,0,34,2
Crystal Palace,Newcastle United,"Friday November 27, 2020",Graham Scott,11,11,2,2,22,4
Brighton & Hove Albion,Liverpool,"Saturday November 28, 2020",Stuart Attwell,9,15,2,1,24,3
Manchester City,Burnley,"Saturday November 28, 2020",Lee Mason,13,5,0,0,18,0
Everton,Leeds United,"Saturday November 28, 2020",Chris Kavanagh,10,19,1,2,29,3
West Bromwich Albion,Sheffield United,"Saturday November 28, 2020",Mike Dean,11,14,2,3,25,5
Southampton,Manchester United,"Sunday November 29, 2020",Jonathan Moss,13,13,1,0,26,1
Chelsea,Tottenham Hotspur,"Sunday November 29, 2020",Paul Tierney,22,11,4,2,33,6
Arsenal,Wolverhampton Wanderers,"Sunday November 29, 2020",Michael Oliver,16,14,3,4,30,7
Leicester City,Fulham,"Monday November 30, 2020",Simon Hooper,9,23,0,2,32,2
West Ham United,Aston Villa,"Monday November 30, 2020",Peter Bankes,22,8,1,1,30,2
Burnley,Everton,"Saturday December 5, 2020",Anthony Taylor,12,10,0,0,22,0
Manchester City,Fulham,"Saturday December 5, 2020",Jonathan Moss,10,10,0,0,20,0
West Ham United,Manchester United,"Saturday December 5, 2020",Andre Marriner,11,12,0,0,23,0
Chelsea,Leeds United,"Saturday December 5, 2020",Kevin Friend,15,10,0,2,25,2
West Bromwich Albion,Crystal Palace,"Sunday December 6, 2020",Paul Tierney,11,18,2,2,29,4
Sheffield United,Leicester City,"Sunday December 6, 2020",Stuart Attwell,18,9,1,3,27,4
Tottenham Hotspur,Arsenal,"Sunday December 6, 2020",Martin Atkinson,18,14,1,2,32,3
Liverpool,Wolverhampton Wanderers,"Sunday December 6, 2020",Craig Pawson,8,16,1,1,24,2
Brighton & Hove Albion,Southampton,"Monday December 7, 2020",David Coote,14,13,3,3,27,6
Leeds United,West Ham United,"Friday December 11, 2020",Michael Oliver,18,10,1,2,28,3
Wolverhampton Wanderers,Aston Villa,"Saturday December 12, 2020",Mike Dean,22,17,5,8,39,13
Newcastle United,West Bromwich Albion,"Saturday December 12, 2020",Darren England,12,15,2,3,27,5
Manchester United,Manchester City,"Saturday December 12, 2020",Chris Kavanagh,16,10,1,1,26,2
Everton,Chelsea,"Saturday December 12, 2020",Jonathan Moss,12,12,2,3,24,5
Southampton,Sheffield United,"Sunday December 13, 2020",Andy Madley,9,17,0,1,26,1
Crystal Palace,Tottenham Hotspur,"Sunday December 13, 2020",Kevin Friend,17,13,1,1,30,2
Fulham,Liverpool,"Sunday December 13, 2020",Andre Marriner,12,6,3,1,18,4
Leicester City,Brighton & Hove Albion,"Sunday December 13, 2020",Martin Atkinson,13,14,2,1,27,3
Arsenal,Burnley,"Sunday December 13, 2020",Graham Scott,7,12,2,1,19,3
Wolverhampton Wanderers,Chelsea,"Tuesday December 15, 2020",Stuart Attwell,16,16,2,2,32,4
Manchester City,West Bromwich Albion,"Tuesday December 15, 2020",Peter Bankes,5,11,2,3,16,5
Leeds United,Newcastle United,"Wednesday December 16, 2020",Simon Hooper,12,15,3,1,27,4
Arsenal,Southampton,"Wednesday December 16, 2020",Paul Tierney,14,14,4,3,28,7
Leicester City,Everton,"Wednesday December 16, 2020",Lee Mason,16,10,2,3,26,5
Liverpool,Tottenham Hotspur,"Wednesday December 16, 2020",Anthony Taylor,9,11,0,2,20,2
West Ham United,Crystal Palace,"Wednesday December 16, 2020",David Coote,9,14,0,4,23,4
Fulham,Brighton & Hove Albion,"Wednesday December 16, 2020",Robert Jones,15,12,1,0,27,1
Aston Villa,Burnley,"Thursday December 17, 2020",Craig Pawson,18,26,1,1,44,2
Sheffield United,Manchester United,"Thursday December 17, 2020",Michael Oliver,22,11,3,2,33,5
Crystal Palace,Liverpool,"Saturday December 19, 2020",Jonathan Moss,8,16,1,0,24,1
Southampton,Manchester City,"Saturday December 19, 2020",Mike Dean,12,13,2,2,25,4
Everton,Arsenal,"Saturday December 19, 2020",Andre Marriner,10,11,1,3,21,4
Newcastle United,Fulham,"Saturday December 19, 2020",Graham Scott,9,16,1,3,25,4
Brighton & Hove Albion,Sheffield United,"Sunday December 20, 2020",Peter Bankes,9,12,1,5,21,6
Tottenham Hotspur,Leicester City,"Sunday December 20, 2020",Craig Pawson,16,19,2,2,35,4
Manchester United,Leeds United,"Sunday December 20, 2020",Anthony Taylor,7,10,1,0,17,1
West Bromwich Albion,Aston Villa,"Sunday December 20, 2020",Martin Atkinson,15,10,1,2,25,3
Burnley,Wolverhampton Wanderers,"Monday December 21, 2020",Lee Mason,15,16,2,1,31,3
Chelsea,West Ham United,"Monday December 21, 2020",Chris Kavanagh,14,7,0,0,21,0
Leicester City,Manchester United,"Saturday December 26, 2020",Mike Dean,15,21,2,1,36,3
Fulham,Southampton,"Saturday December 26, 2020",Darren England,15,12,2,0,27,2
Aston Villa,Crystal Palace,"Saturday December 26, 2020",Anthony Taylor,16,18,4,4,34,8
Arsenal,Chelsea,"Saturday December 26, 2020",Michael Oliver,16,15,2,1,31,3
Sheffield United,Everton,"Saturday December 26, 2020",David Coote,15,13,2,4,28,6
Manchester City,Newcastle United,"Saturday December 26, 2020",Andre Marriner,6,14,2,2,20,4
Leeds United,Burnley,"Sunday December 27, 2020",Robert Jones,12,15,0,3,27,3
West Ham United,Brighton & Hove Albion,"Sunday December 27, 2020",Simon Hooper,9,11,0,0,20,0
Liverpool,West Bromwich Albion,"Sunday December 27, 2020",Kevin Friend,9,7,0,1,16,1
Wolverhampton Wanderers,Tottenham Hotspur,"Sunday December 27, 2020",Paul Tierney,24,16,4,1,40,5
Crystal Palace,Leicester City,"Monday December 28, 2020",Graham Scott,16,7,0,1,23,1
Chelsea,Aston Villa,"Monday December 28, 2020",Stuart Attwell,21,5,3,1,26,4
Burnley,Sheffield United,"Tuesday December 29, 2020",Chris Kavanagh,15,19,1,2,34,3
West Bromwich Albion,Leeds United,"Tuesday December 29, 2020",Lee Mason,11,10,0,1,21,1
Brighton & Hove Albion,Arsenal,"Tuesday December 29, 2020",Martin Atkinson,12,6,2,0,18,2
Southampton,West Ham United,"Tuesday December 29, 2020",Andy Madley,18,18,3,1,36,4
Manchester United,Wolverhampton Wanderers,"Tuesday December 29, 2020",Jonathan Moss,13,14,1,1,27,2
Newcastle United,Liverpool,"Wednesday December 30, 2020",Paul Tierney,10,13,2,3,23,5
Everton,West Ham United,"Friday January 1, 2021",Kevin Friend,14,9,2,0,23,2
Manchester United,Aston Villa,"Friday January 1, 2021",Michael Oliver,28,13,4,0,41,4
Tottenham Hotspur,Leeds United,"Saturday January 2, 2021",David Coote,19,16,5,1,35,6
Crystal Palace,Sheffield United,"Saturday January 2, 2021",Stuart Attwell,10,22,1,3,32,4
Brighton & Hove Albion,Wolverhampton Wanderers,"Saturday January 2, 2021",Andy Madley,18,12,2,1,30,3
West Bromwich Albion,Arsenal,"Saturday January 2, 2021",Martin Atkinson,8,5,1,2,13,3
Newcastle United,Leicester City,"Sunday January 3, 2021",Robert Jones,15,14,0,2,29,2
Chelsea,Manchester City,"Sunday January 3, 2021",Anthony Taylor,14,12,3,1,26,4
Southampton,Liverpool,"Monday January 4, 2021",Andre Marriner,8,15,1,3,23,4
Sheffield United,Newcastle United,"Tuesday January 12, 2021",Andy Madley,14,14,2,6,28,8
Burnley,Manchester United,"Tuesday January 12, 2021",Kevin Friend,20,13,1,2,33,3
Wolverhampton Wanderers,Everton,"Tuesday January 12, 2021",Martin Atkinson,8,12,2,2,20,4
Manchester City,Brighton & Hove Albion,"Wednesday January 13, 2021",Darren England,5,14,0,2,19,2
Tottenham Hotspur,Fulham,"Wednesday January 13, 2021",Paul Tierney,14,19,1,2,33,3
Arsenal,Crystal Palace,"Thursday January 14, 2021",Andre Marriner,11,12,1,1,23,2
Wolverhampton Wanderers,West Bromwich Albion,"Saturday January 16, 2021",Michael Oliver,11,21,2,1,32,3
Leeds United,Brighton & Hove Albion,"Saturday January 16, 2021",Kevin Friend,9,11,1,1,20,2
West Ham United,Burnley,"Saturday January 16, 2021",Chris Kavanagh,16,11,2,1,27,3
Fulham,Chelsea,"Saturday January 16, 2021",Peter Bankes,12,13,2,3,25,5
Leicester City,Southampton,"Saturday January 16, 2021",Stuart Attwell,11,16,2,2,27,4
Sheffield United,Tottenham Hotspur,"Sunday January 17, 2021",Andre Marriner,20,5,4,0,25,4
Liverpool,Manchester United,"Sunday January 17, 2021",Paul Tierney,15,10,2,1,25,3
Manchester City,Crystal Palace,"Sunday January 17, 2021",Lee Mason,11,8,0,0,19,0
Arsenal,Newcastle United,"Monday January 18, 2021",David Coote,11,10,0,0,21,0
West Ham United,West Bromwich Albion,"Tuesday January 19, 2021",Graham Scott,11,11,0,1,22,1
Leicester City,Chelsea,"Tuesday January 19, 2021",Craig Pawson,12,20,1,3,32,4
Manchester City,Aston Villa,"Wednesday January 20, 2021",Jonathan Moss,11,12,0,2,23,2
Fulham,Manchester United,"Wednesday January 20, 2021",Martin Atkinson,10,12,3,1,22,4
Liverpool,Burnley,"Thursday January 21, 2021",Mike Dean,11,10,2,1,21,3
Aston Villa,Newcastle United,"Saturday January 23, 2021",Simon Hooper,9,20,0,3,29,3
Newcastle United,Leeds United,"Tuesday January 26, 2021",Anthony Taylor,11,17,1,3,28,4
Crystal Palace,West Ham United,"Tuesday January 26, 2021",Stuart Attwell,13,9,0,0,22,0
Southampton,Arsenal,"Tuesday January 26, 2021",Kevin Friend,14,7,1,2,21,3
West Bromwich Albion,Manchester City,"Tuesday January 26, 2021",Chris Kavanagh,11,8,2,0,19,2
Burnley,Aston Villa,"Wednesday January 27, 2021",Paul Tierney,18,8,1,0,26,1
Chelsea,Wolverhampton Wanderers,"Wednesday January 27, 2021",Andy Madley,15,11,1,1,26,2
Brighton & Hove Albion,Fulham,"Wednesday January 27, 2021",Craig Pawson,11,18,2,1,29,3
Everton,Leicester City,"Wednesday January 27, 2021",Mike Dean,16,13,1,1,29,2
Manchester United,Sheffield United,"Wednesday January 27, 2021",Peter Bankes,10,15,1,1,25,2
Tottenham Hotspur,Liverpool,"Thursday January 28, 2021",Martin Atkinson,13,11,1,2,24,3
Everton,Newcastle United,"Saturday January 30, 2021",Stuart Attwell,15,11,3,4,26,7
West Bromwich Albion,Fulham,"Saturday January 30, 2021",Anthony Taylor,13,11,1,0,24,1
Manchester City,Sheffield United,"Saturday January 30, 2021",David Coote,10,12,0,3,22,3
Crystal Palace,Wolverhampton Wanderers,"Saturday January 30, 2021",Simon Hooper,10,14,1,2,24,3
Arsenal,Manchester United,"Saturday January 30, 2021",Michael Oliver,12,18,1,3,30,4
Southampton,Aston Villa,"Saturday January 30, 2021",Lee Mason,13,12,1,0,25,1
Chelsea,Burnley,"Sunday January 31, 2021",Graham Scott,9,10,0,1,19,1
Leicester City,Leeds United,"Sunday January 31, 2021",Chris Kavanagh,17,17,0,3,34,3
West Ham United,Liverpool,"Sunday January 31, 2021",Jonathan Moss,10,8,2,0,18,2
Brighton & Hove Albion,Tottenham Hotspur,"Sunday January 31, 2021",Peter Bankes,13,13,2,1,26,3
Wolverhampton Wanderers,Arsenal,"Tuesday February 2, 2021",Craig Pawson,12,7,3,2,19,5
Sheffield United,West Bromwich Albion,"Tuesday February 2, 2021",Paul Tierney,12,14,2,1,26,3
Manchester United,Southampton,"Tuesday February 2, 2021",Mike Dean,11,6,2,3,17,5
Newcastle United,Crystal Palace,"Tuesday February 2, 2021",Darren England,15,11,1,3,26,4
Burnley,Manchester City,"Wednesday February 3, 2021",Martin Atkinson,12,5,2,1,17,3
Fulham,Leicester City,"Wednesday February 3, 2021",Robert Jones,18,15,3,1,33,4
Leeds United,Everton,"Wednesday February 3, 2021",Michael Oliver,12,12,2,3,24,5
Liverpool,Brighton & Hove Albion,"Wednesday February 3, 2021",Kevin Friend,12,7,1,0,19,1
Aston Villa,West Ham United,"Wednesday February 3, 2021",Andy Madley,15,19,1,1,34,2
Tottenham Hotspur,Chelsea,"Thursday February 4, 2021",Andre Marriner,22,18,2,3,40,5
Aston Villa,Arsenal,"Saturday February 6, 2021",Chris Kavanagh,14,15,3,2,29,5
Newcastle United,Southampton,"Saturday February 6, 2021",Craig Pawson,16,15,5,1,31,6
Burnley,Brighton & Hove Albion,"Saturday February 6, 2021",Anthony Taylor,8,11,2,0,19,2
Fulham,West Ham United,"Saturday February 6, 2021",Mike Dean,11,12,1,3,23,4
Manchester United,Everton,"Saturday February 6, 2021",Jonathan Moss,15,14,2,1,29,3
Tottenham Hotspur,West Bromwich Albion,"Sunday February 7, 2021",Stuart Attwell,17,15,1,2,32,3
Wolverhampton Wanderers,Leicester City,"Sunday February 7, 2021",Martin Atkinson,13,19,1,3,32,4
Liverpool,Manchester City,"Sunday February 7, 2021",Michael Oliver,15,8,2,1,23,3
Sheffield United,Chelsea,"Sunday February 7, 2021",Kevin Friend,13,10,1,0,23,1
Leeds United,Crystal Palace,"Monday February 8, 2021",Andre Marriner,7,9,0,2,16,2
Leicester City,Liverpool,"Saturday February 13, 2021",Anthony Taylor,10,7,1,2,17,3
Crystal Palace,Burnley,"Saturday February 13, 2021",Michael Oliver,20,18,0,0,38,0
Manchester City,Tottenham Hotspur,"Saturday February 13, 2021",Paul Tierney,16,16,1,3,32,4
Brighton & Hove Albion,Aston Villa,"Saturday February 13, 2021",Darren England,16,14,2,3,30,5
Southampton,Wolverhampton Wanderers,"Sunday February 14, 2021",Graham Scott,10,9,2,2,19,4
West Bromwich Albion,Manchester United,"Sunday February 14, 2021",Craig Pawson,16,11,5,0,27,5
Arsenal,Leeds United,"Sunday February 14, 2021",Stuart Attwell,9,20,0,2,29,2
Everton,Fulham,"Sunday February 14, 2021",Andy Madley,8,17,1,1,25,2
West Ham United,Sheffield United,"Monday February 15, 2021",Simon Hooper,12,14,0,2,26,2
Chelsea,Newcastle United,"Monday February 15, 2021",Peter Bankes,10,15,0,0,25,0
Burnley,Fulham,"Wednesday February 17, 2021",Jonathan Moss,8,15,1,1,23,2
Everton,Manchester City,"Wednesday February 17, 2021",Andre Marriner,9,10,2,1,19,3
Wolverhampton Wanderers,Leeds United,"Friday February 19, 2021",David Coote,15,9,1,0,24,1
Southampton,Chelsea,"Saturday February 20, 2021",Anthony Taylor,18,10,1,1,28,2
Burnley,West Bromwich Albion,"Saturday February 20, 2021",Mike Dean,19,12,3,0,31,3
Liverpool,Everton,"Saturday February 20, 2021",Chris Kavanagh,10,14,2,1,24,3
Fulham,Sheffield United,"Saturday February 20, 2021",Martin Atkinson,11,16,1,2,27,3
West Ham United,Tottenham Hotspur,"Sunday February 21, 2021",Craig Pawson,16,8,4,3,24,7
Aston Villa,Leicester City,"Sunday February 21, 2021",Michael Oliver,15,14,2,1,29,3
Arsenal,Manchester City,"Sunday February 21, 2021",Jonathan Moss,18,12,2,2,30,4
Manchester United,Newcastle United,"Sunday February 21, 2021",Paul Tierney,10,12,1,2,22,3
Brighton & Hove Albion,Crystal Palace,"Monday February 22, 2021",Kevin Friend,12,7,2,0,19,2
Leeds United,Southampton,"Tuesday February 23, 2021",Andre Marriner,16,15,1,2,31,3
Manchester City,West Ham United,"Saturday February 27, 2021",Michael Oliver,8,13,1,1,21,2
West Bromwich Albion,Brighton & Hove Albion,"Saturday February 27, 2021",Lee Mason,12,15,0,0,27,0
Leeds United,Aston Villa,"Saturday February 27, 2021",Peter Bankes,17,17,3,2,34,5
Newcastle United,Wolverhampton Wanderers,"Saturday February 27, 2021",Mike Dean,13,13,2,0,26,2
Crystal Palace,Fulham,"Sunday February 28, 2021",Anthony Taylor,13,16,1,1,29,2
Leicester City,Arsenal,"Sunday February 28, 2021",Paul Tierney,16,3,2,1,19,3
Tottenham Hotspur,Burnley,"Sunday February 28, 2021",Kevin Friend,7,15,0,0,22,0
Chelsea,Manchester United,"Sunday February 28, 2021",Stuart Attwell,17,14,1,2,31,3
Sheffield United,Liverpool,"Sunday February 28, 2021",Jonathan Moss,14,11,0,0,25,0
Everton,Southampton,"Monday March 1, 2021",Martin Atkinson,13,10,0,2,23,2
Manchester City,Wolverhampton Wanderers,"Tuesday March 2, 2021",Chris Kavanagh,9,6,0,1,15,1
Burnley,Leicester City,"Wednesday March 3, 2021",Andy Madley,6,12,0,2,18,2
Sheffield United,Aston Villa,"Wednesday March 3, 2021",Robert Jones,18,6,1,0,24,1
Crystal Palace,Manchester United,"Wednesday March 3, 2021",Andre Marriner,6,14,1,0,20,1
West Bromwich Albion,Everton,"Thursday March 4, 2021",Darren England,11,8,3,1,19,4
Fulham,Tottenham Hotspur,"Thursday March 4, 2021",David Coote,14,12,2,1,26,3
Liverpool,Chelsea,"Thursday March 4, 2021",Martin Atkinson,9,11,0,0,20,0
Burnley,Arsenal,"Saturday March 6, 2021",Andre Marriner,6,13,1,1,19,2
Sheffield United,Southampton,"Saturday March 6, 2021",Paul Tierney,22,15,4,3,37,7
Aston Villa,Wolverhampton Wanderers,"Saturday March 6, 2021",Andy Madley,15,16,1,0,31,1
Brighton & Hove Albion,Leicester City,"Saturday March 6, 2021",Michael Oliver,16,10,0,1,26,1
West Bromwich Albion,Newcastle United,"Sunday March 7, 2021",Martin Atkinson,16,13,0,0,29,0
Liverpool,Fulham,"Sunday March 7, 2021",Kevin Friend,13,9,2,3,22,5
Manchester City,Manchester United,"Sunday March 7, 2021",Anthony Taylor,12,14,0,3,26,3
Tottenham Hotspur,Crystal Palace,"Sunday March 7, 2021",Stuart Attwell,11,19,2,3,30,5
Chelsea,Everton,"Monday March 8, 2021",David Coote,15,21,0,3,36,3
West Ham United,Leeds United,"Monday March 8, 2021",Mike Dean,11,14,1,1,25,2
Manchester City,Southampton,"Wednesday March 10, 2021",Jonathan Moss,9,6,1,0,15,1
Newcastle United,Aston Villa,"Friday March 12, 2021",Paul Tierney,15,13,2,3,28,5
Leeds United,Chelsea,"Saturday March 13, 2021",Kevin Friend,17,7,3,0,24,3
Crystal Palace,West Bromwich Albion,"Saturday March 13, 2021",Simon Hooper,18,18,3,1,36,4
Everton,Burnley,"Saturday March 13, 2021",Jonathan Moss,10,12,0,4,22,4
Fulham,Manchester City,"Saturday March 13, 2021",Andre Marriner,20,16,0,0,36,0
Southampton,Brighton & Hove Albion,"Sunday March 14, 2021",Stuart Attwell,11,12,0,0,23,0
Leicester City,Sheffield United,"Sunday March 14, 2021",Peter Bankes,11,14,0,2,25,2
Arsenal,Tottenham Hotspur,"Sunday March 14, 2021",Michael Oliver,16,17,1,5,33,6
Manchester United,West Ham United,"Sunday March 14, 2021",Martin Atkinson,12,6,4,0,18,4
Wolverhampton Wanderers,Liverpool,"Monday March 15, 2021",Craig Pawson,19,12,2,1,31,3
Fulham,Leeds United,"Friday March 19, 2021",David Coote,15,17,2,2,32,4
Brighton & Hove Albion,Newcastle United,"Saturday March 20, 2021",Anthony Taylor,14,8,0,1,22,1
West Ham United,Arsenal,"Sunday March 21, 2021",Jonathan Moss,19,9,3,1,28,4
Aston Villa,Tottenham Hotspur,"Sunday March 21, 2021",Mike Dean,20,15,3,2,35,5
Chelsea,West Bromwich Albion,"Saturday April 3, 2021",David Coote,11,8,4,1,19,5
Leeds United,Sheffield United,"Saturday April 3, 2021",Graham Scott,14,16,1,2,30,3
Leicester City,Manchester City,"Saturday April 3, 2021",Anthony Taylor,13,12,2,3,25,5
Arsenal,Liverpool,"Saturday April 3, 2021",Stuart Attwell,13,12,1,1,25,2
Southampton,Burnley,"Sunday April 4, 2021",Andre Marriner,17,13,0,0,30,0
Newcastle United,Tottenham Hotspur,"Sunday April 4, 2021",Craig Pawson,17,16,3,2,33,5
Aston Villa,Fulham,"Sunday April 4, 2021",Andy Madley,17,27,1,2,44,3
Manchester United,Brighton & Hove Albion,"Sunday April 4, 2021",Mike Dean,14,7,2,2,21,4
Everton,Crystal Palace,"Monday April 5, 2021",Kevin Friend,13,12,2,0,25,2
Wolverhampton Wanderers,West Ham United,"Monday April 5, 2021",Michael Oliver,12,14,1,4,26,5
Fulham,Wolverhampton Wanderers,"Friday April 9, 2021",Jonathan Moss,16,9,0,0,25,0
Manchester City,Leeds United,"Saturday April 10, 2021",Andre Marriner,12,17,3,1,29,4
Liverpool,Aston Villa,"Saturday April 10, 2021",Paul Tierney,17,14,2,4,31,6
Crystal Palace,Chelsea,"Saturday April 10, 2021",Michael Oliver,11,14,1,0,25,1
Burnley,Newcastle United,"Sunday April 11, 2021",Anthony Taylor,12,13,1,0,25,1
West Ham United,Leicester City,"Sunday April 11, 2021",Mike Dean,7,13,3,3,20,6
Tottenham Hotspur,Manchester United,"Sunday April 11, 2021",Chris Kavanagh,13,18,1,5,31,6
Sheffield United,Arsenal,"Sunday April 11, 2021",Peter Bankes,11,7,1,1,18,2
West Bromwich Albion,Southampton,"Monday April 12, 2021",Simon Hooper,16,11,0,1,27,1
Brighton & Hove Albion,Everton,"Monday April 12, 2021",Darren England,13,8,1,2,21,3
Everton,Tottenham Hotspur,"Friday April 16, 2021",Michael Oliver,9,7,1,1,16,2
Newcastle United,West Ham United,"Saturday April 17, 2021",Kevin Friend,10,13,2,3,23,5
Wolverhampton Wanderers,Sheffield United,"Saturday April 17, 2021",Robert Jones,10,21,1,2,31,3
Arsenal,Fulham,"Sunday April 18, 2021",Craig Pawson,10,16,0,3,26,3
Manchester United,Burnley,"Sunday April 18, 2021",Jonathan Moss,11,15,1,2,26,3
Leeds United,Liverpool,"Monday April 19, 2021",Anthony Taylor,12,15,2,1,27,3
Chelsea,Brighton & Hove Albion,"Tuesday April 20, 2021",Stuart Attwell,11,14,2,3,25,5
Tottenham Hotspur,Southampton,"Wednesday April 21, 2021",David Coote,12,15,2,1,27,3
Aston Villa,Manchester City,"Wednesday April 21, 2021",Peter Bankes,13,9,3,1,22,4
Leicester City,West Bromwich Albion,"Thursday April 22, 2021",Andy Madley,16,14,0,2,30,2
Arsenal,Everton,"Friday April 23, 2021",Jonathan Moss,13,12,1,3,25,4
Liverpool,Newcastle United,"Saturday April 24, 2021",Andre Marriner,10,7,2,1,17,3
West Ham United,Chelsea,"Saturday April 24, 2021",Chris Kavanagh,8,14,0,4,22,4
Sheffield United,Brighton & Hove Albion,"Saturday April 24, 2021",Kevin Friend,18,12,3,0,30,3
Wolverhampton Wanderers,Burnley,"Sunday April 25, 2021",Darren England,11,9,1,2,20,3
Leeds United,Manchester United,"Sunday April 25, 2021",Craig Pawson,29,16,4,1,45,5
Aston Villa,West Bromwich Albion,"Sunday April 25, 2021",Stuart Attwell,15,14,0,2,29,2
Leicester City,Crystal Palace,"Monday April 26, 2021",Graham Scott,13,15,0,1,28,1
Southampton,Leicester City,"Friday April 30, 2021",Robert Jones,12,16,1,0,28,1
Crystal Palace,Manchester City,"Saturday May 1, 2021",David Coote,10,13,2,0,23,2
Brighton & Hove Albion,Leeds United,"Saturday May 1, 2021",Chris Kavanagh,19,8,1,1,27,2
Chelsea,Fulham,"Saturday May 1, 2021",Kevin Friend,19,11,1,1,30,2
Everton,Aston Villa,"Saturday May 1, 2021",Simon Hooper,11,16,0,2,27,2
Newcastle United,Arsenal,"Sunday May 2, 2021",Mike Dean,11,10,2,1,21,3
Tottenham Hotspur,Sheffield United,"Sunday May 2, 2021",Andre Marriner,8,14,1,1,22,2
West Bromwich Albion,Wolverhampton Wanderers,"Monday May 3, 2021",Paul Tierney,17,11,2,0,28,2
Burnley,West Ham United,"Monday May 3, 2021",Anthony Taylor,7,9,2,1,16,3
Leicester City,Newcastle United,"Friday May 7, 2021",Darren England,13,12,1,1,25,2
Leeds United,Tottenham Hotspur,"Saturday May 8, 2021",Michael Oliver,16,13,1,2,29,3
Sheffield United,Crystal Palace,"Saturday May 8, 2021",Simon Hooper,15,9,1,1,24,2
Manchester City,Chelsea,"Saturday May 8, 2021",Anthony Taylor,15,12,2,0,27,2
Liverpool,Southampton,"Saturday May 8, 2021",Kevin Friend,12,6,0,1,18,1
Wolverhampton Wanderers,Brighton & Hove Albion,"Sunday May 9, 2021",Jonathan Moss,13,10,2,2,23,4
Aston Villa,Manchester United,"Sunday May 9, 2021",Chris Kavanagh,13,18,4,1,31,5
West Ham United,Everton,"Sunday May 9, 2021",Stuart Attwell,11,12,2,1,23,3
Arsenal,West Bromwich Albion,"Sunday May 9, 2021",Peter Bankes,7,11,1,2,18,3
Fulham,Burnley,"Monday May 10, 2021",David Coote,13,13,2,0,26,2
Manchester United,Leicester City,"Tuesday May 11, 2021",Craig Pawson,13,13,0,0,26,0
Southampton,Crystal Palace,"Tuesday May 11, 2021",Andy Madley,23,14,2,3,37,5
Chelsea,Arsenal,"Wednesday May 12, 2021",Andre Marriner,8,7,0,1,15,1
Aston Villa,Everton,"Thursday May 13, 2021",Martin Atkinson,9,17,2,1,26,3
Manchester United,Liverpool,"Thursday May 13, 2021",Anthony Taylor,13,14,3,0,27,3
Newcastle United,Manchester City,"Friday May 14, 2021",Kevin Friend,11,10,2,2,21,4
Burnley,Leeds United,"Saturday May 15, 2021",Graham Scott,13,13,1,1,26,2
Southampton,Fulham,"Saturday May 15, 2021",Craig Pawson,11,20,0,1,31,1
Brighton & Hove Albion,West Ham United,"Saturday May 15, 2021",Andre Marriner,11,6,1,0,17,1
Crystal Palace,Aston Villa,"Sunday May 16, 2021",David Coote,26,18,3,2,44,5
Tottenham Hotspur,Wolverhampton Wanderers,"Sunday May 16, 2021",Martin Atkinson,11,12,1,0,23,1
West Bromwich Albion,Liverpool,"Sunday May 16, 2021",Mike Dean,11,15,0,0,26,0
Everton,Sheffield United,"Sunday May 16, 2021",Jonathan Moss,9,13,1,3,22,4
Manchester United,Fulham,"Tuesday May 18, 2021",Lee Mason,13,20,2,3,33,5
Southampton,Leeds United,"Tuesday May 18, 2021",Peter Bankes,11,13,0,3,24,3
Brighton & Hove Albion,Manchester City,"Tuesday May 18, 2021",Stuart Attwell,14,14,3,3,28,6
Chelsea,Leicester City,"Tuesday May 18, 2021",Mike Dean,15,16,2,5,31,7
Tottenham Hotspur,Aston Villa,"Wednesday May 19, 2021",Craig Pawson,16,17,1,1,33,2
Everton,Wolverhampton Wanderers,"Wednesday May 19, 2021",Andy Madley,16,13,0,2,29,2
Newcastle United,Sheffield United,"Wednesday May 19, 2021",Robert Jones,10,13,0,2,23,2
Crystal Palace,Arsenal,"Wednesday May 19, 2021",Anthony Taylor,11,9,2,1,20,3
Burnley,Liverpool,"Wednesday May 19, 2021",Chris Kavanagh,14,10,0,0,24,0
West Bromwich Albion,West Ham United,"Wednesday May 19, 2021",Michael Oliver,12,14,2,2,26,4
Leicester City,Tottenham Hotspur,"Sunday May 23, 2021",Anthony Taylor,12,10,0,2,22,2
Manchester City,Everton,"Sunday May 23, 2021",Michael Oliver,9,13,2,2,22,4
Liverpool,Crystal Palace,"Sunday May 23, 2021",Craig Pawson,11,13,2,2,24,4
Sheffield United,Burnley,"Sunday May 23, 2021",Kevin Friend,13,3,3,1,16,4
Wolverhampton Wanderers,Manchester United,"Sunday May 23, 2021",Mike Dean,15,5,4,1,20,5
Arsenal,Brighton & Hove Albion,"Sunday May 23, 2021",Jonathan Moss,10,15,0,0,25,0
Leeds United,West Bromwich Albion,"Sunday May 23, 2021",David Coote,16,13,2,1,29,3
Fulham,Newcastle United,"Sunday May 23, 2021",Chris Kavanagh,14,6,1,0,20,1
Aston Villa,Chelsea,"Sunday May 23, 2021",Stuart Attwell,18,13,3,4,31,7
West Ham United,Southampton,"Sunday May 23, 2021",Martin Atkinson,7,14,0,3,21,3
Liverpool,Norwich City,"Friday August 9, 2019",Michael Oliver,10,12,0,2,22,2
West Ham United,Manchester City,"Saturday August 10, 2019",Mike Dean,11,15,2,2,26,4
Crystal Palace,Everton,"Saturday August 10, 2019",Jonathan Moss,18,13,2,4,31,6
Bournemouth,Sheffield United,"Saturday August 10, 2019",Kevin Friend,10,21,2,1,31,3
Burnley,Southampton,"Saturday August 10, 2019",Graham Scott,6,14,0,0,20,0
Watford,Brighton & Hove Albion,"Saturday August 10, 2019",Craig Pawson,15,11,0,1,26,1
Tottenham Hotspur,Aston Villa,"Saturday August 10, 2019",Chris Kavanagh,14,11,1,0,25,1
Leicester City,Wolverhampton Wanderers,"Sunday August 11, 2019",Andre Marriner,6,14,0,2,20,2
Newcastle United,Arsenal,"Sunday August 11, 2019",Martin Atkinson,13,7,1,3,20,4
Manchester United,Chelsea,"Sunday August 11, 2019",Anthony Taylor,18,16,3,4,34,7
Arsenal,Burnley,"Saturday August 17, 2019",Mike Dean,13,17,2,1,30,3
Brighton & Hove Albion,West Ham United,"Saturday August 17, 2019",Anthony Taylor,16,12,0,2,28,2
Norwich City,Newcastle United,"Saturday August 17, 2019",Stuart Attwell,11,14,1,3,25,4
Aston Villa,Bournemouth,"Saturday August 17, 2019",Martin Atkinson,11,16,0,2,27,2
Everton,Watford,"Saturday August 17, 2019",Lee Mason,13,11,2,3,24,5
Southampton,Liverpool,"Saturday August 17, 2019",Andre Marriner,12,9,2,1,21,3
Manchester City,Tottenham Hotspur,"Saturday August 17, 2019",Michael Oliver,16,6,1,0,22,1
Sheffield United,Crystal Palace,"Sunday August 18, 2019",David Coote,18,11,3,1,29,4
Chelsea,Leicester City,"Sunday August 18, 2019",Oliver Langford,11,15,1,0,26,1
Wolverhampton Wanderers,Manchester United,"Monday August 19, 2019",Jonathan Moss,19,9,2,2,28,4
Aston Villa,Everton,"Friday August 23, 2019",Michael Oliver,10,21,2,3,31,5
Norwich City,Chelsea,"Saturday August 24, 2019",Martin Atkinson,11,8,1,1,19,2
Brighton & Hove Albion,Southampton,"Saturday August 24, 2019",Kevin Friend,12,13,1,3,25,4
Watford,West Ham United,"Saturday August 24, 2019",Chris Kavanagh,18,16,1,1,34,2
Manchester United,Crystal Palace,"Saturday August 24, 2019",Paul Tierney,11,22,2,4,33,6
Sheffield United,Leicester City,"Saturday August 24, 2019",Andy Madley,11,6,1,0,17,1
Liverpool,Arsenal,"Saturday August 24, 2019",Anthony Taylor,11,6,1,1,17,2
Bournemouth,Manchester City,"Sunday August 25, 2019",Andre Marriner,8,14,1,3,22,4
Tottenham Hotspur,Newcastle United,"Sunday August 25, 2019",Mike Dean,11,10,2,2,21,4
Wolverhampton Wanderers,Burnley,"Sunday August 25, 2019",Craig Pawson,10,16,0,2,26,2
Southampton,Manchester United,"Saturday August 31, 2019",Mike Dean,20,9,4,2,29,6
Leicester City,Bournemouth,"Saturday August 31, 2019",Peter Bankes,12,13,1,3,25,4
Crystal Palace,Aston Villa,"Saturday August 31, 2019",Kevin Friend,19,15,2,7,34,9
Manchester City,Brighton & Hove Albion,"Saturday August 31, 2019",Jonathan Moss,9,9,1,1,18,2
Chelsea,Sheffield United,"Saturday August 31, 2019",Stuart Attwell,6,12,0,1,18,1
West Ham United,Norwich City,"Saturday August 31, 2019",Paul Tierney,18,13,2,1,31,3
Newcastle United,Watford,"Saturday August 31, 2019",Graham Scott,6,13,2,3,19,5
Burnley,Liverpool,"Saturday August 31, 2019",Chris Kavanagh,14,16,0,0,30,0
Everton,Wolverhampton Wanderers,"Sunday September 1, 2019",Anthony Taylor,12,11,1,7,23,8
Arsenal,Tottenham Hotspur,"Sunday September 1, 2019",Martin Atkinson,13,22,3,5,35,8
Liverpool,Newcastle United,"Saturday September 14, 2019",Andre Marriner,5,8,0,0,13,0
Wolverhampton Wanderers,Chelsea,"Saturday September 14, 2019",Graham Scott,9,14,1,2,23,3
Tottenham Hotspur,Crystal Palace,"Saturday September 14, 2019",Craig Pawson,18,12,4,3,30,7
Brighton & Hove Albion,Burnley,"Saturday September 14, 2019",Michael Oliver,16,10,0,2,26,2
Sheffield United,Southampton,"Saturday September 14, 2019",Lee Mason,13,8,1,1,21,2
Manchester United,Leicester City,"Saturday September 14, 2019",Martin Atkinson,14,16,1,2,30,3
Norwich City,Manchester City,"Saturday September 14, 2019",Kevin Friend,14,8,3,1,22,4
Bournemouth,Everton,"Sunday September 15, 2019",Paul Tierney,5,15,0,4,20,4
Watford,Arsenal,"Sunday September 15, 2019",Anthony Taylor,17,8,3,3,25,6
Aston Villa,West Ham United,"Monday September 16, 2019",Mike Dean,14,13,2,4,27,6
Southampton,Bournemouth,"Friday September 20, 2019",Chris Kavanagh,15,11,1,3,26,4
Leicester City,Tottenham Hotspur,"Saturday September 21, 2019",Paul Tierney,19,16,1,2,35,3
Burnley,Norwich City,"Saturday September 21, 2019",David Coote,12,11,0,1,23,1
Manchester City,Watford,"Saturday September 21, 2019",Mike Dean,5,12,2,2,17,4
Everton,Sheffield United,"Saturday September 21, 2019",Simon Hooper,10,10,1,3,20,4
Newcastle United,Brighton & Hove Albion,"Saturday September 21, 2019",Martin Atkinson,13,10,2,1,23,3
Crystal Palace,Wolverhampton Wanderers,"Sunday September 22, 2019",Stuart Attwell,7,9,2,4,16,6
West Ham United,Manchester United,"Sunday September 22, 2019",Anthony Taylor,9,12,2,2,21,4
Arsenal,Aston Villa,"Sunday September 22, 2019",Jonathan Moss,13,15,8,1,28,9
Chelsea,Liverpool,"Sunday September 22, 2019",Michael Oliver,10,12,3,3,22,6
Sheffield United,Liverpool,"Saturday September 28, 2019",Anthony Taylor,9,4,1,1,13,2
Bournemouth,West Ham United,"Saturday September 28, 2019",Stuart Attwell,10,10,3,1,20,4
Wolverhampton Wanderers,Watford,"Saturday September 28, 2019",Paul Tierney,6,11,0,1,17,1
Aston Villa,Burnley,"Saturday September 28, 2019",Lee Mason,10,18,1,4,28,5
Tottenham Hotspur,Southampton,"Saturday September 28, 2019",Graham Scott,4,16,3,2,20,5
Crystal Palace,Norwich City,"Saturday September 28, 2019",Jonathan Moss,17,11,3,1,28,4
Chelsea,Brighton & Hove Albion,"Saturday September 28, 2019",Chris Kavanagh,6,19,2,3,25,5
Everton,Manchester City,"Saturday September 28, 2019",Michael Oliver,9,10,2,2,19,4
Leicester City,Newcastle United,"Sunday September 29, 2019",Craig Pawson,15,9,1,1,24,2
Manchester United,Arsenal,"Monday September 30, 2019",Kevin Friend,24,13,4,2,37,6
Brighton & Hove Albion,Tottenham Hotspur,"Saturday October 5, 2019",Jonathan Moss,16,10,2,1,26,3
Watford,Sheffield United,"Saturday October 5, 2019",Andre Marriner,8,7,0,2,15,2
Liverpool,Leicester City,"Saturday October 5, 2019",Chris Kavanagh,10,22,1,4,32,5
Norwich City,Aston Villa,"Saturday October 5, 2019",Andy Madley,15,18,1,3,33,4
Burnley,Everton,"Saturday October 5, 2019",Graham Scott,6,11,2,4,17,6
West Ham United,Crystal Palace,"Saturday October 5, 2019",Michael Oliver,12,10,3,2,22,5
Manchester City,Wolverhampton Wanderers,"Sunday October 6, 2019",Craig Pawson,13,18,5,2,31,7
Arsenal,Bournemouth,"Sunday October 6, 2019",Martin Atkinson,16,10,1,2,26,3
Southampton,Chelsea,"Sunday October 6, 2019",Paul Tierney,12,15,0,1,27,1
Newcastle United,Manchester United,"Sunday October 6, 2019",Mike Dean,13,13,3,3,26,6
Everton,West Ham United,"Saturday October 19, 2019",Paul Tierney,16,16,2,2,32,4
Wolverhampton Wanderers,Southampton,"Saturday October 19, 2019",Peter Bankes,11,18,3,2,29,5
Chelsea,Newcastle United,"Saturday October 19, 2019",Andre Marriner,9,13,2,1,22,3
Aston Villa,Brighton & Hove Albion,"Saturday October 19, 2019",David Coote,9,20,1,5,29,6
Leicester City,Burnley,"Saturday October 19, 2019",Jonathan Moss,4,12,0,3,16,3
Bournemouth,Norwich City,"Saturday October 19, 2019",Lee Mason,11,12,1,3,23,4
Tottenham Hotspur,Watford,"Saturday October 19, 2019",Chris Kavanagh,6,9,4,3,15,7
Crystal Palace,Manchester City,"Saturday October 19, 2019",Anthony Taylor,10,12,1,1,22,2
Manchester United,Liverpool,"Sunday October 20, 2019",Martin Atkinson,8,15,0,1,23,1
Sheffield United,Arsenal,"Monday October 21, 2019",Mike Dean,12,13,4,4,25,8
Southampton,Leicester City,"Friday October 25, 2019",Andre Marriner,6,14,0,0,20,0
Manchester City,Aston Villa,"Saturday October 26, 2019",Graham Scott,11,6,4,1,17,5
West Ham United,Sheffield United,"Saturday October 26, 2019",David Coote,11,11,2,2,22,4
Watford,Bournemouth,"Saturday October 26, 2019",Mike Dean,17,10,5,3,27,8
Brighton & Hove Albion,Everton,"Saturday October 26, 2019",Andy Madley,15,15,2,1,30,3
Burnley,Chelsea,"Saturday October 26, 2019",Michael Oliver,10,10,3,2,20,5
Newcastle United,Wolverhampton Wanderers,"Sunday October 27, 2019",Kevin Friend,9,18,2,2,27,4
Arsenal,Crystal Palace,"Sunday October 27, 2019",Martin Atkinson,19,9,2,0,28,2
Liverpool,Tottenham Hotspur,"Sunday October 27, 2019",Anthony Taylor,11,12,3,3,23,6
Norwich City,Manchester United,"Sunday October 27, 2019",Stuart Attwell,19,11,2,2,30,4
Bournemouth,Manchester United,"Saturday November 2, 2019",Chris Kavanagh,17,13,4,3,30,7
Sheffield United,Burnley,"Saturday November 2, 2019",Simon Hooper,10,13,1,2,23,3
Manchester City,Southampton,"Saturday November 2, 2019",Lee Mason,13,10,3,1,23,4
Arsenal,Wolverhampton Wanderers,"Saturday November 2, 2019",Michael Oliver,8,20,0,2,28,2
Brighton & Hove Albion,Norwich City,"Saturday November 2, 2019",Kevin Friend,11,11,0,1,22,1
Aston Villa,Liverpool,"Saturday November 2, 2019",Jonathan Moss,14,10,1,2,24,3
West Ham United,Newcastle United,"Saturday November 2, 2019",Stuart Attwell,10,9,2,1,19,3
Watford,Chelsea,"Saturday November 2, 2019",Anthony Taylor,11,7,4,2,18,6
Crystal Palace,Leicester City,"Sunday November 3, 2019",Paul Tierney,16,17,2,2,33,4
Everton,Tottenham Hotspur,"Sunday November 3, 2019",Martin Atkinson,8,10,1,2,18,3
Norwich City,Watford,"Friday November 8, 2019",Andre Marriner,12,16,1,5,28,6
Chelsea,Crystal Palace,"Saturday November 9, 2019",Mike Dean,12,17,3,2,29,5
Southampton,Everton,"Saturday November 9, 2019",Paul Tierney,13,14,1,1,27,2
Newcastle United,Bournemouth,"Saturday November 9, 2019",Martin Atkinson,12,7,2,0,19,2
Burnley,West Ham United,"Saturday November 9, 2019",Kevin Friend,18,11,2,1,29,3
Tottenham Hotspur,Sheffield United,"Saturday November 9, 2019",Graham Scott,7,13,2,2,20,4
Leicester City,Arsenal,"Saturday November 9, 2019",Chris Kavanagh,12,16,1,1,28,2
Manchester United,Brighton & Hove Albion,"Sunday November 10, 2019",Jonathan Moss,10,16,2,5,26,7
Wolverhampton Wanderers,Aston Villa,"Sunday November 10, 2019",Anthony Taylor,19,12,4,3,31,7
Liverpool,Manchester City,"Sunday November 10, 2019",Michael Oliver,14,4,0,2,18,2
West Ham United,Tottenham Hotspur,"Saturday November 23, 2019",Michael Oliver,13,18,3,2,31,5
Brighton & Hove Albion,Leicester City,"Saturday November 23, 2019",Mike Dean,10,4,2,0,14,2
Watford,Burnley,"Saturday November 23, 2019",Paul Tierney,14,14,1,3,28,4
Crystal Palace,Liverpool,"Saturday November 23, 2019",Kevin Friend,10,9,0,1,19,1
Arsenal,Southampton,"Saturday November 23, 2019",Stuart Attwell,18,24,6,2,42,8
Everton,Norwich City,"Saturday November 23, 2019",Anthony Taylor,14,11,3,5,25,8
Bournemouth,Wolverhampton Wanderers,"Saturday November 23, 2019",Simon Hooper,12,13,5,1,25,6
Manchester City,Chelsea,"Saturday November 23, 2019",Martin Atkinson,10,11,1,1,21,2
Sheffield United,Manchester United,"Sunday November 24, 2019",Andre Marriner,15,11,1,2,26,3
Aston Villa,Newcastle United,"Monday November 25, 2019",Lee Mason,11,10,1,1,21,2
Newcastle United,Manchester City,"Saturday November 30, 2019",Chris Kavanagh,6,7,1,2,13,3
Tottenham Hotspur,Bournemouth,"Saturday November 30, 2019",Lee Mason,11,15,0,2,26,2
Burnley,Crystal Palace,"Saturday November 30, 2019",Peter Bankes,15,11,2,0,26,2
Liverpool,Brighton & Hove Albion,"Saturday November 30, 2019",Martin Atkinson,2,11,0,0,13,0
Chelsea,West Ham United,"Saturday November 30, 2019",Jonathan Moss,3,23,0,3,26,3
Southampton,Watford,"Saturday November 30, 2019",Michael Oliver,7,13,1,0,20,1
Wolverhampton Wanderers,Sheffield United,"Sunday December 1, 2019",David Coote,13,19,1,5,32,6
Norwich City,Arsenal,"Sunday December 1, 2019",Paul Tierney,9,14,2,1,23,3
Leicester City,Everton,"Sunday December 1, 2019",Graham Scott,8,10,0,1,18,1
Manchester United,Aston Villa,"Sunday December 1, 2019",Craig Pawson,19,11,4,1,30,5
Crystal Palace,Bournemouth,"Tuesday December 3, 2019",Anthony Taylor,7,17,3,3,24,6
Burnley,Manchester City,"Tuesday December 3, 2019",Jonathan Moss,18,6,1,1,24,2
Wolverhampton Wanderers,West Ham United,"Wednesday December 4, 2019",Andre Marriner,11,13,1,2,24,3
Southampton,Norwich City,"Wednesday December 4, 2019",Kevin Friend,14,8,1,1,22,2
Leicester City,Watford,"Wednesday December 4, 2019",Craig Pawson,13,20,3,2,33,5
Chelsea,Aston Villa,"Wednesday December 4, 2019",Chris Kavanagh,19,11,2,1,30,3
Manchester United,Tottenham Hotspur,"Wednesday December 4, 2019",Paul Tierney,9,9,0,1,18,1
Liverpool,Everton,"Wednesday December 4, 2019",Mike Dean,14,21,1,2,35,3
Sheffield United,Newcastle United,"Thursday December 5, 2019",Stuart Attwell,10,8,2,0,18,2
Arsenal,Brighton & Hove Albion,"Thursday December 5, 2019",Graham Scott,12,11,3,1,23,4
Everton,Chelsea,"Saturday December 7, 2019",Craig Pawson,18,10,3,0,28,3
Watford,Crystal Palace,"Saturday December 7, 2019",Martin Atkinson,15,17,4,2,32,6
Bournemouth,Liverpool,"Saturday December 7, 2019",Chris Kavanagh,7,6,0,1,13,1
Tottenham Hotspur,Burnley,"Saturday December 7, 2019",Kevin Friend,15,11,1,1,26,2
Manchester City,Manchester United,"Saturday December 7, 2019",Anthony Taylor,11,12,3,2,23,5
Norwich City,Sheffield United,"Sunday December 8, 2019",Simon Hooper,8,16,0,4,24,4
Aston Villa,Leicester City,"Sunday December 8, 2019",Michael Oliver,24,14,6,2,38,8
Newcastle United,Southampton,"Sunday December 8, 2019",David Coote,12,18,1,3,30,4
Brighton & Hove Albion,Wolverhampton Wanderers,"Sunday December 8, 2019",Jonathan Moss,12,10,3,0,22,3
West Ham United,Arsenal,"Monday December 9, 2019",Mike Dean,15,6,2,0,21,2
Liverpool,Watford,"Saturday December 14, 2019",Andre Marriner,10,10,2,1,20,3
Burnley,Newcastle United,"Saturday December 14, 2019",Tim Robinson,17,12,0,2,29,2
Chelsea,Bournemouth,"Saturday December 14, 2019",Graham Scott,9,14,1,2,23,3
Sheffield United,Aston Villa,"Saturday December 14, 2019",Peter Bankes,12,9,2,2,21,4
Leicester City,Norwich City,"Saturday December 14, 2019",Andy Madley,13,15,0,5,28,5
Southampton,West Ham United,"Saturday December 14, 2019",Martin Atkinson,11,15,1,3,26,4
Wolverhampton Wanderers,Tottenham Hotspur,"Sunday December 15, 2019",Stuart Attwell,15,10,4,4,25,8
Manchester United,Everton,"Sunday December 15, 2019",Michael Oliver,10,13,1,2,23,3
Arsenal,Manchester City,"Sunday December 15, 2019",Paul Tierney,13,24,1,4,37,5
Crystal Palace,Brighton & Hove Albion,"Monday December 16, 2019",Craig Pawson,10,15,1,1,25,2
Everton,Arsenal,"Saturday December 21, 2019",Kevin Friend,12,14,2,3,26,5
Newcastle United,Crystal Palace,"Saturday December 21, 2019",Simon Hooper,15,11,2,0,26,2
Aston Villa,Southampton,"Saturday December 21, 2019",Craig Pawson,18,18,2,1,36,3
Brighton & Hove Albion,Sheffield United,"Saturday December 21, 2019",Robert Jones,8,14,1,3,22,4
Norwich City,Wolverhampton Wanderers,"Saturday December 21, 2019",Peter Bankes,8,15,2,4,23,6
Bournemouth,Burnley,"Saturday December 21, 2019",Martin Atkinson,13,22,2,4,35,6
Manchester City,Leicester City,"Saturday December 21, 2019",Mike Dean,16,10,2,2,26,4
Watford,Manchester United,"Sunday December 22, 2019",Lee Mason,19,11,3,1,30,4
Tottenham Hotspur,Chelsea,"Sunday December 22, 2019",Anthony Taylor,11,12,4,3,23,7
Tottenham Hotspur,Brighton & Hove Albion,"Thursday December 26, 2019",Graham Scott,10,10,4,2,20,6
Chelsea,Southampton,"Thursday December 26, 2019",Jonathan Moss,10,13,3,2,23,5
Crystal Palace,West Ham United,"Thursday December 26, 2019",Andre Marriner,7,15,0,2,22,2
Aston Villa,Norwich City,"Thursday December 26, 2019",Chris Kavanagh,16,13,2,3,29,5
Everton,Burnley,"Thursday December 26, 2019",Anthony Taylor,15,15,0,0,30,0
Bournemouth,Arsenal,"Thursday December 26, 2019",Stuart Attwell,7,16,4,4,23,8
Sheffield United,Watford,"Thursday December 26, 2019",David Coote,13,9,0,3,22,3
Manchester United,Newcastle United,"Thursday December 26, 2019",Kevin Friend,11,9,2,2,20,4
Leicester City,Liverpool,"Thursday December 26, 2019",Michael Oliver,8,9,1,1,17,2
Wolverhampton Wanderers,Manchester City,"Friday December 27, 2019",Martin Atkinson,8,14,0,1,22,1
Brighton & Hove Albion,Bournemouth,"Saturday December 28, 2019",Paul Tierney,10,13,0,2,23,2
Newcastle United,Everton,"Saturday December 28, 2019",Lee Mason,13,16,2,2,29,4
Southampton,Crystal Palace,"Saturday December 28, 2019",Andy Madley,17,12,1,2,29,3
Watford,Aston Villa,"Saturday December 28, 2019",Simon Hooper,15,12,6,1,27,7
West Ham United,Leicester City,"Saturday December 28, 2019",David Coote,23,4,4,1,27,5
Norwich City,Tottenham Hotspur,"Saturday December 28, 2019",Kevin Friend,16,10,3,3,26,6
Burnley,Manchester United,"Saturday December 28, 2019",Mike Dean,19,11,4,3,30,7
Arsenal,Chelsea,"Sunday December 29, 2019",Craig Pawson,16,20,5,4,36,9
Liverpool,Wolverhampton Wanderers,"Sunday December 29, 2019",Anthony Taylor,8,6,1,0,14,1
Manchester City,Sheffield United,"Sunday December 29, 2019",Chris Kavanagh,8,8,1,1,16,2
Burnley,Aston Villa,"Wednesday January 1, 2020",Michael Oliver,14,16,1,1,30,2
Brighton & Hove Albion,Chelsea,"Wednesday January 1, 2020",Stuart Attwell,9,17,2,3,26,5
Southampton,Tottenham Hotspur,"Wednesday January 1, 2020",Mike Dean,24,9,3,4,33,7
Watford,Wolverhampton Wanderers,"Wednesday January 1, 2020",Andy Madley,10,8,3,1,18,4
Newcastle United,Leicester City,"Wednesday January 1, 2020",Martin Atkinson,9,13,1,1,22,2
Norwich City,Crystal Palace,"Wednesday January 1, 2020",Jonathan Moss,17,12,5,0,29,5
Manchester City,Everton,"Wednesday January 1, 2020",Andre Marriner,11,15,0,4,26,4
West Ham United,Bournemouth,"Wednesday January 1, 2020",Graham Scott,4,12,1,2,16,3
Arsenal,Manchester United,"Wednesday January 1, 2020",Chris Kavanagh,15,16,2,0,31,2
Liverpool,Sheffield United,"Thursday January 2, 2020",Paul Tierney,6,17,0,0,23,0
Sheffield United,West Ham United,"Friday January 10, 2020",Michael Oliver,14,7,1,0,21,1
Crystal Palace,Arsenal,"Saturday January 11, 2020",Paul Tierney,15,24,2,3,39,5
Leicester City,Southampton,"Saturday January 11, 2020",Lee Mason,10,18,0,3,28,3
Everton,Brighton & Hove Albion,"Saturday January 11, 2020",David Coote,8,10,2,1,18,3
Chelsea,Burnley,"Saturday January 11, 2020",Kevin Friend,8,6,0,3,14,3
Wolverhampton Wanderers,Newcastle United,"Saturday January 11, 2020",Peter Bankes,16,14,0,3,30,3
Manchester United,Norwich City,"Saturday January 11, 2020",Anthony Taylor,19,11,0,0,30,0
Tottenham Hotspur,Liverpool,"Saturday January 11, 2020",Martin Atkinson,9,8,0,2,17,2
Bournemouth,Watford,"Sunday January 12, 2020",Mike Dean,5,19,1,1,24,2
Aston Villa,Manchester City,"Sunday January 12, 2020",Jonathan Moss,8,12,2,1,20,3
Watford,Tottenham Hotspur,"Saturday January 18, 2020",Michael Oliver,19,14,2,3,33,5
Manchester City,Crystal Palace,"Saturday January 18, 2020",Graham Scott,9,8,1,2,17,3
Norwich City,Bournemouth,"Saturday January 18, 2020",Paul Tierney,9,11,2,2,20,4
Arsenal,Sheffield United,"Saturday January 18, 2020",Mike Dean,11,18,1,2,29,3
Southampton,Wolverhampton Wanderers,"Saturday January 18, 2020",Darren England,15,13,2,1,28,3
West Ham United,Everton,"Saturday January 18, 2020",Andre Marriner,12,16,1,0,28,1
Brighton & Hove Albion,Aston Villa,"Saturday January 18, 2020",Andy Madley,13,15,3,3,28,6
Newcastle United,Chelsea,"Saturday January 18, 2020",Chris Kavanagh,13,15,1,1,28,2
Burnley,Leicester City,"Sunday January 19, 2020",Anthony Taylor,16,10,1,0,26,1
Liverpool,Manchester United,"Sunday January 19, 2020",Craig Pawson,9,12,1,3,21,4
Crystal Palace,Southampton,"Tuesday January 21, 2020",Andre Marriner,16,13,1,2,29,3
Aston Villa,Watford,"Tuesday January 21, 2020",Martin Atkinson,14,21,2,2,35,4
Everton,Newcastle United,"Tuesday January 21, 2020",Simon Hooper,15,11,1,1,26,2
Bournemouth,Brighton & Hove Albion,"Tuesday January 21, 2020",Kevin Friend,10,14,1,1,24,2
Sheffield United,Manchester City,"Tuesday January 21, 2020",Lee Mason,14,15,4,3,29,7
Chelsea,Arsenal,"Tuesday January 21, 2020",Stuart Attwell,14,8,2,1,22,3
Tottenham Hotspur,Norwich City,"Wednesday January 22, 2020",Chris Kavanagh,12,9,0,1,21,1
Leicester City,West Ham United,"Wednesday January 22, 2020",David Coote,12,20,1,1,32,2
Manchester United,Burnley,"Wednesday January 22, 2020",Jonathan Moss,11,10,0,2,21,2
Wolverhampton Wanderers,Liverpool,"Thursday January 23, 2020",Michael Oliver,8,14,0,1,22,1
West Ham United,Liverpool,"Wednesday January 29, 2020",Jonathan Moss,6,6,2,0,12,2
Leicester City,Chelsea,"Saturday February 1, 2020",Lee Mason,19,14,2,2,33,4
West Ham United,Brighton & Hove Albion,"Saturday February 1, 2020",Michael Oliver,10,10,1,1,20,2
Newcastle United,Norwich City,"Saturday February 1, 2020",Martin Atkinson,13,18,2,1,31,3
Crystal Palace,Sheffield United,"Saturday February 1, 2020",Andy Madley,8,17,3,2,25,5
Watford,Everton,"Saturday February 1, 2020",Craig Pawson,20,14,2,5,34,7
Bournemouth,Aston Villa,"Saturday February 1, 2020",Anthony Taylor,9,17,4,3,26,7
Liverpool,Southampton,"Saturday February 1, 2020",Kevin Friend,8,16,0,2,24,2
Manchester United,Wolverhampton Wanderers,"Saturday February 1, 2020",Paul Tierney,16,16,3,2,32,5
Burnley,Arsenal,"Sunday February 2, 2020",Chris Kavanagh,9,13,1,3,22,4
Tottenham Hotspur,Manchester City,"Sunday February 2, 2020",Mike Dean,9,16,2,6,25,8
Everton,Crystal Palace,"Saturday February 8, 2020",David Coote,14,14,0,1,28,1
Brighton & Hove Albion,Watford,"Saturday February 8, 2020",Kevin Friend,9,14,2,2,23,4
Sheffield United,Bournemouth,"Sunday February 9, 2020",Jonathan Moss,12,10,2,3,22,5
Wolverhampton Wanderers,Leicester City,"Friday February 14, 2020",Mike Dean,16,14,2,5,30,7
Southampton,Burnley,"Saturday February 15, 2020",Simon Hooper,9,13,2,2,22,4
Norwich City,Liverpool,"Saturday February 15, 2020",Stuart Attwell,5,11,1,2,16,3
Aston Villa,Tottenham Hotspur,"Sunday February 16, 2020",Martin Atkinson,15,12,2,0,27,2
Arsenal,Newcastle United,"Sunday February 16, 2020",Lee Mason,17,13,2,0,30,2
Chelsea,Manchester United,"Monday February 17, 2020",Anthony Taylor,14,13,4,3,27,7
Manchester City,West Ham United,"Wednesday February 19, 2020",Kevin Friend,5,9,0,1,14,1
Chelsea,Tottenham Hotspur,"Saturday February 22, 2020",Michael Oliver,19,18,1,2,37,3
Southampton,Aston Villa,"Saturday February 22, 2020",Craig Pawson,13,18,1,4,31,5
Crystal Palace,Newcastle United,"Saturday February 22, 2020",Peter Bankes,16,14,2,6,30,8
Burnley,Bournemouth,"Saturday February 22, 2020",Mike Dean,12,11,4,3,23,7
Sheffield United,Brighton & Hove Albion,"Saturday February 22, 2020",Graham Scott,4,10,0,2,14,2
Leicester City,Manchester City,"Saturday February 22, 2020",Paul Tierney,16,14,0,0,30,0
Manchester United,Watford,"Sunday February 23, 2020",Martin Atkinson,7,19,0,1,26,1
Wolverhampton Wanderers,Norwich City,"Sunday February 23, 2020",Chris Kavanagh,14,7,2,3,21,5
Arsenal,Everton,"Sunday February 23, 2020",Stuart Attwell,12,14,0,4,26,4
Liverpool,West Ham United,"Monday February 24, 2020",Jonathan Moss,5,11,0,3,16,3
Norwich City,Leicester City,"Friday February 28, 2020",Craig Pawson,16,20,1,2,36,3
Brighton & Hove Albion,Crystal Palace,"Saturday February 29, 2020",Martin Atkinson,8,14,2,1,22,3
Bournemouth,Chelsea,"Saturday February 29, 2020",Andre Marriner,12,7,2,2,19,4
West Ham United,Southampton,"Saturday February 29, 2020",Anthony Taylor,10,12,1,1,22,2
Newcastle United,Burnley,"Saturday February 29, 2020",Andy Madley,14,13,4,3,27,7
Watford,Liverpool,"Saturday February 29, 2020",Michael Oliver,9,8,0,0,17,0
Tottenham Hotspur,Wolverhampton Wanderers,"Sunday March 1, 2020",Stuart Attwell,18,15,3,2,33,5
Everton,Manchester United,"Sunday March 1, 2020",Chris Kavanagh,12,11,3,4,23,7
Liverpool,Bournemouth,"Saturday March 7, 2020",Paul Tierney,9,15,0,1,24,1
Southampton,Newcastle United,"Saturday March 7, 2020",Graham Scott,17,15,0,3,32,3
Arsenal,West Ham United,"Saturday March 7, 2020",Martin Atkinson,11,10,1,2,21,3
Sheffield United,Norwich City,"Saturday March 7, 2020",Simon Hooper,12,11,0,0,23,0
Wolverhampton Wanderers,Brighton & Hove Albion,"Saturday March 7, 2020",Andre Marriner,5,10,1,3,15,4
Crystal Palace,Watford,"Saturday March 7, 2020",Anthony Taylor,12,19,4,4,31,8
Burnley,Tottenham Hotspur,"Saturday March 7, 2020",Jonathan Moss,19,14,5,4,33,9
Chelsea,Everton,"Sunday March 8, 2020",Kevin Friend,8,13,1,2,21,3
Manchester United,Manchester City,"Sunday March 8, 2020",Mike Dean,13,11,2,4,24,6
Leicester City,Aston Villa,"Monday March 9, 2020",Michael Oliver,17,13,2,1,30,3
Aston Villa,Sheffield United,"Wednesday June 17, 2020",Michael Oliver,13,18,1,1,31,2
Manchester City,Arsenal,"Wednesday June 17, 2020",Anthony Taylor,9,6,1,1,15,2
Norwich City,Southampton,"Friday June 19, 2020",Kevin Friend,14,16,1,1,30,2
Tottenham Hotspur,Manchester United,"Friday June 19, 2020",Jonathan Moss,22,20,0,1,42,1
Watford,Leicester City,"Saturday June 20, 2020",Craig Pawson,17,12,0,1,29,1
Brighton & Hove Albion,Arsenal,"Saturday June 20, 2020",Martin Atkinson,16,8,2,1,24,3
West Ham United,Wolverhampton Wanderers,"Saturday June 20, 2020",Anthony Taylor,12,7,1,1,19,2
Bournemouth,Crystal Palace,"Saturday June 20, 2020",Stuart Attwell,15,20,3,2,35,5
Newcastle United,Sheffield United,"Sunday June 21, 2020",David Coote,10,11,2,3,21,5
Aston Villa,Chelsea,"Sunday June 21, 2020",Paul Tierney,12,17,2,1,29,3
Everton,Liverpool,"Sunday June 21, 2020",Mike Dean,20,13,2,2,33,4
Manchester City,Burnley,"Monday June 22, 2020",Andre Marriner,8,11,1,1,19,2
Leicester City,Brighton & Hove Albion,"Tuesday June 23, 2020",Lee Mason,12,17,2,2,29,4
Tottenham Hotspur,West Ham United,"Tuesday June 23, 2020",Craig Pawson,14,11,2,2,25,4
Newcastle United,Aston Villa,"Wednesday June 24, 2020",Chris Kavanagh,16,17,2,2,33,4
Norwich City,Everton,"Wednesday June 24, 2020",Andy Madley,11,14,0,1,25,1
Wolverhampton Wanderers,Bournemouth,"Wednesday June 24, 2020",Michael Oliver,16,15,3,3,31,6
Manchester United,Sheffield United,"Wednesday June 24, 2020",Anthony Taylor,11,11,1,0,22,1
Liverpool,Crystal Palace,"Wednesday June 24, 2020",Martin Atkinson,9,7,0,0,16,0
Southampton,Arsenal,"Thursday June 25, 2020",Graham Scott,11,15,0,2,26,2
Burnley,Watford,"Thursday June 25, 2020",Mike Dean,17,16,1,0,33,1
Chelsea,Manchester City,"Thursday June 25, 2020",Stuart Attwell,14,4,1,1,18,2
Aston Villa,Wolverhampton Wanderers,"Saturday June 27, 2020",Craig Pawson,19,17,1,1,36,2
Watford,Southampton,"Sunday June 28, 2020",Michael Oliver,21,10,3,0,31,3
Crystal Palace,Burnley,"Monday June 29, 2020",Simon Hooper,14,14,1,1,28,2
Brighton & Hove Albion,Manchester United,"Tuesday June 30, 2020",Andre Marriner,12,10,0,1,22,1
Arsenal,Norwich City,"Wednesday July 1, 2020",Peter Bankes,11,11,1,4,22,5
Bournemouth,Newcastle United,"Wednesday July 1, 2020",Kevin Friend,12,12,2,0,24,2
Everton,Leicester City,"Wednesday July 1, 2020",David Coote,13,10,1,1,23,2
West Ham United,Chelsea,"Wednesday July 1, 2020",Martin Atkinson,10,9,2,1,19,3
Sheffield United,Tottenham Hotspur,"Thursday July 2, 2020",Chris Kavanagh,17,15,2,0,32,2
Manchester City,Liverpool,"Thursday July 2, 2020",Anthony Taylor,10,8,2,2,18,4
Norwich City,Brighton & Hove Albion,"Saturday July 4, 2020",Stuart Attwell,13,14,2,2,27,4
Manchester United,Bournemouth,"Saturday July 4, 2020",Mike Dean,5,18,0,1,23,1
Leicester City,Crystal Palace,"Saturday July 4, 2020",Jonathan Moss,20,10,2,1,30,3
Wolverhampton Wanderers,Arsenal,"Saturday July 4, 2020",Michael Oliver,7,13,2,4,20,6
Chelsea,Watford,"Saturday July 4, 2020",Kevin Friend,13,14,0,2,27,2
Burnley,Sheffield United,"Sunday July 5, 2020",Peter Bankes,8,18,0,0,26,0
Newcastle United,West Ham United,"Sunday July 5, 2020",Craig Pawson,9,11,1,0,20,1
Liverpool,Aston Villa,"Sunday July 5, 2020",Paul Tierney,20,11,1,1,31,2
Southampton,Manchester City,"Sunday July 5, 2020",Andre Marriner,9,8,1,2,17,3
Tottenham Hotspur,Everton,"Monday July 6, 2020",Graham Scott,16,19,3,2,35,5
Watford,Norwich City,"Tuesday July 7, 2020",Anthony Taylor,15,17,2,4,32,6
Crystal Palace,Chelsea,"Tuesday July 7, 2020",David Coote,15,11,1,0,26,1
Arsenal,Leicester City,"Tuesday July 7, 2020",Chris Kavanagh,12,16,1,0,28,1
Sheffield United,Wolverhampton Wanderers,"Wednesday July 8, 2020",Martin Atkinson,7,10,2,0,17,2
West Ham United,Burnley,"Wednesday July 8, 2020",Michael Oliver,7,9,1,1,16,2
Manchester City,Newcastle United,"Wednesday July 8, 2020",Andy Madley,13,9,0,0,22,0
Brighton & Hove Albion,Liverpool,"Wednesday July 8, 2020",Craig Pawson,8,18,1,4,26,5
Everton,Southampton,"Thursday July 9, 2020",Lee Mason,15,15,3,3,30,6
Bournemouth,Tottenham Hotspur,"Thursday July 9, 2020",Paul Tierney,11,16,3,2,27,5
Aston Villa,Manchester United,"Thursday July 9, 2020",Jonathan Moss,11,17,2,3,28,5
Norwich City,West Ham United,"Saturday July 11, 2020",Kevin Friend,13,10,1,0,23,1
Watford,Newcastle United,"Saturday July 11, 2020",Craig Pawson,25,17,1,4,42,5
Liverpool,Burnley,"Saturday July 11, 2020",David Coote,9,8,1,2,17,3
Sheffield United,Chelsea,"Saturday July 11, 2020",Andre Marriner,9,6,1,0,15,1
Brighton & Hove Albion,Manchester City,"Saturday July 11, 2020",Graham Scott,10,3,1,0,13,1
Wolverhampton Wanderers,Everton,"Sunday July 12, 2020",Anthony Taylor,10,10,0,2,20,2
Aston Villa,Crystal Palace,"Sunday July 12, 2020",Martin Atkinson,27,24,2,4,51,6
Tottenham Hotspur,Arsenal,"Sunday July 12, 2020",Michael Oliver,22,15,5,3,37,8
Bournemouth,Leicester City,"Sunday July 12, 2020",Stuart Attwell,15,15,2,1,30,3
Manchester United,Southampton,"Monday July 13, 2020",Chris Kavanagh,18,19,1,3,37,4
Chelsea,Norwich City,"Tuesday July 14, 2020",Jonathan Moss,12,13,2,2,25,4
Burnley,Wolverhampton Wanderers,"Wednesday July 15, 2020",Mike Dean,11,10,0,0,21,0
Newcastle United,Tottenham Hotspur,"Wednesday July 15, 2020",David Coote,8,13,2,3,21,5
Manchester City,Bournemouth,"Wednesday July 15, 2020",Lee Mason,10,11,1,1,21,2
Arsenal,Liverpool,"Wednesday July 15, 2020",Paul Tierney,19,10,3,1,29,4
Leicester City,Sheffield United,"Thursday July 16, 2020",Michael Oliver,12,14,1,2,26,3
Everton,Aston Villa,"Thursday July 16, 2020",Anthony Taylor,16,14,2,1,30,3
Southampton,Brighton & Hove Albion,"Thursday July 16, 2020",Andre Marriner,8,14,1,0,22,1
Crystal Palace,Manchester United,"Thursday July 16, 2020",Graham Scott,13,16,1,2,29,3
West Ham United,Watford,"Friday July 17, 2020",Martin Atkinson,12,12,0,2,24,2
Norwich City,Burnley,"Saturday July 18, 2020",Kevin Friend,7,17,0,0,24,0
Bournemouth,Southampton,"Sunday July 19, 2020",Craig Pawson,14,12,2,2,26,4
Tottenham Hotspur,Leicester City,"Sunday July 19, 2020",Anthony Taylor,16,11,2,1,27,3
Sheffield United,Everton,"Monday July 20, 2020",Stuart Attwell,13,19,1,3,32,4
Brighton & Hove Albion,Newcastle United,"Monday July 20, 2020",Simon Hooper,14,13,4,2,27,6
Wolverhampton Wanderers,Crystal Palace,"Monday July 20, 2020",Peter Bankes,12,17,2,1,29,3
Watford,Manchester City,"Tuesday July 21, 2020",Michael Oliver,16,12,2,0,28,2
Aston Villa,Arsenal,"Tuesday July 21, 2020",Chris Kavanagh,15,20,2,4,35,6
Manchester United,West Ham United,"Wednesday July 22, 2020",Paul Tierney,12,10,3,1,22,4
Liverpool,Chelsea,"Wednesday July 22, 2020",Andre Marriner,12,14,1,0,26,1
Burnley,Brighton & Hove Albion,"Sunday July 26, 2020",Jonathan Moss,13,10,3,0,23,3
West Ham United,Aston Villa,"Sunday July 26, 2020",Michael Oliver,17,15,2,1,32,3
Arsenal,Watford,"Sunday July 26, 2020",Mike Dean,11,16,3,3,27,6
Crystal Palace,Tottenham Hotspur,"Sunday July 26, 2020",Andre Marriner,12,17,3,2,29,5
Everton,Bournemouth,"Sunday July 26, 2020",Chris Kavanagh,14,10,1,0,24,1
Chelsea,Wolverhampton Wanderers,"Sunday July 26, 2020",Stuart Attwell,12,18,2,3,30,5
Newcastle United,Liverpool,"Sunday July 26, 2020",Anthony Taylor,14,5,1,0,19,1
Leicester City,Manchester United,"Sunday July 26, 2020",Martin Atkinson,12,12,1,5,24,6
Manchester City,Norwich City,"Sunday July 26, 2020",Craig Pawson,7,6,1,1,13,2
Southampton,Sheffield United,"Sunday July 26, 2020",Peter Bankes,10,16,0,1,26,1
Manchester United,Leicester City,"Friday August 10, 2018",Andre Marriner,19,8,2,1,27,3
Newcastle United,Tottenham Hotspur,"Saturday August 11, 2018",Martin Atkinson,12,14,2,2,26,4
Bournemouth,Cardiff City,"Saturday August 11, 2018",Kevin Friend,12,13,1,1,25,2
Fulham,Crystal Palace,"Saturday August 11, 2018",Mike Dean,14,12,1,2,26,3
Huddersfield Town,Chelsea,"Saturday August 11, 2018",Chris Kavanagh,13,13,2,1,26,3
Watford,Brighton & Hove Albion,"Saturday August 11, 2018",Jonathan Moss,11,19,2,2,30,4
Wolverhampton Wanderers,Everton,"Saturday August 11, 2018",Craig Pawson,9,6,0,1,15,1
Southampton,Burnley,"Sunday August 12, 2018",Graham Scott,10,10,0,1,20,1
Liverpool,West Ham United,"Sunday August 12, 2018",Anthony Taylor,15,13,1,2,28,3
Arsenal,Manchester City,"Sunday August 12, 2018",Michael Oliver,15,16,2,2,31,4
Cardiff City,Newcastle United,"Saturday August 18, 2018",Craig Pawson,15,21,2,2,36,4
Everton,Southampton,"Saturday August 18, 2018",Lee Mason,8,24,0,5,32,5
West Ham United,Bournemouth,"Saturday August 18, 2018",Stuart Attwell,14,10,6,2,24,8
Leicester City,Wolverhampton Wanderers,"Saturday August 18, 2018",Mike Dean,11,10,2,1,21,3
Tottenham Hotspur,Fulham,"Saturday August 18, 2018",Anthony Taylor,9,9,0,0,18,0
Chelsea,Arsenal,"Saturday August 18, 2018",Martin Atkinson,12,12,0,2,24,2
Manchester City,Huddersfield Town,"Sunday August 19, 2018",Andre Marriner,9,8,0,2,17,2
Burnley,Watford,"Sunday August 19, 2018",Paul Tierney,11,20,1,2,31,3
Brighton & Hove Albion,Manchester United,"Sunday August 19, 2018",Kevin Friend,18,13,1,1,31,2
Crystal Palace,Liverpool,"Monday August 20, 2018",Michael Oliver,8,14,1,1,22,2
Wolverhampton Wanderers,Manchester City,"Saturday August 25, 2018",Martin Atkinson,16,9,1,2,25,3
Arsenal,West Ham United,"Saturday August 25, 2018",Graham Scott,17,13,1,3,30,4
Huddersfield Town,Cardiff City,"Saturday August 25, 2018",Michael Oliver,12,12,0,1,24,1
Southampton,Leicester City,"Saturday August 25, 2018",Jonathan Moss,14,14,4,1,28,5
Bournemouth,Everton,"Saturday August 25, 2018",Lee Probert,12,17,0,3,29,3
Liverpool,Brighton & Hove Albion,"Saturday August 25, 2018",Chris Kavanagh,9,18,1,1,27,2
Watford,Crystal Palace,"Sunday August 26, 2018",Anthony Taylor,16,14,4,2,30,6
Fulham,Burnley,"Sunday August 26, 2018",David Coote,13,10,2,1,23,3
Newcastle United,Chelsea,"Sunday August 26, 2018",Paul Tierney,19,10,3,1,29,4
Manchester United,Tottenham Hotspur,"Monday August 27, 2018",Craig Pawson,12,19,2,3,31,5
Leicester City,Liverpool,"Saturday September 1, 2018",Paul Tierney,10,14,3,2,24,5
Chelsea,Bournemouth,"Saturday September 1, 2018",Lee Mason,10,8,2,2,18,4
Everton,Huddersfield Town,"Saturday September 1, 2018",Stuart Attwell,14,16,3,3,30,6
Crystal Palace,Southampton,"Saturday September 1, 2018",Martin Atkinson,11,13,1,1,24,2
Brighton & Hove Albion,Fulham,"Saturday September 1, 2018",Lee Probert,14,15,3,3,29,6
West Ham United,Wolverhampton Wanderers,"Saturday September 1, 2018",Chris Kavanagh,15,13,2,1,28,3
Manchester City,Newcastle United,"Saturday September 1, 2018",Kevin Friend,5,17,0,0,22,0
Cardiff City,Arsenal,"Sunday September 2, 2018",Anthony Taylor,17,19,3,4,36,7
Burnley,Manchester United,"Sunday September 2, 2018",Jonathan Moss,10,15,2,3,25,5
Watford,Tottenham Hotspur,"Sunday September 2, 2018",Andre Marriner,10,12,2,1,22,3
Tottenham Hotspur,Liverpool,"Saturday September 15, 2018",Michael Oliver,20,16,0,0,36,0
Huddersfield Town,Crystal Palace,"Saturday September 15, 2018",Lee Mason,12,18,1,2,30,3
Newcastle United,Arsenal,"Saturday September 15, 2018",Lee Probert,17,16,0,0,33,0
Chelsea,Cardiff City,"Saturday September 15, 2018",Jonathan Moss,9,13,0,0,22,0
Manchester City,Fulham,"Saturday September 15, 2018",Stuart Attwell,6,12,0,0,18,0
Bournemouth,Leicester City,"Saturday September 15, 2018",Craig Pawson,13,15,3,5,28,8
Watford,Manchester United,"Saturday September 15, 2018",Mike Dean,14,11,2,4,25,6
Wolverhampton Wanderers,Burnley,"Sunday September 16, 2018",Andre Marriner,11,13,2,4,24,6
Everton,West Ham United,"Sunday September 16, 2018",Martin Atkinson,19,12,2,5,31,7
Southampton,Brighton & Hove Albion,"Monday September 17, 2018",Anthony Taylor,14,20,2,3,34,5
Fulham,Watford,"Saturday September 22, 2018",Martin Atkinson,12,9,2,1,21,3
Crystal Palace,Newcastle United,"Saturday September 22, 2018",Andre Marriner,10,14,1,1,24,2
Leicester City,Huddersfield Town,"Saturday September 22, 2018",David Coote,12,17,2,1,29,3
Burnley,Bournemouth,"Saturday September 22, 2018",Anthony Taylor,19,8,2,0,27,2
Manchester United,Wolverhampton Wanderers,"Saturday September 22, 2018",Kevin Friend,7,18,1,1,25,2
Liverpool,Southampton,"Saturday September 22, 2018",Paul Tierney,7,14,0,2,21,2
Cardiff City,Manchester City,"Saturday September 22, 2018",Michael Oliver,10,6,1,1,16,2
Brighton & Hove Albion,Tottenham Hotspur,"Saturday September 22, 2018",Chris Kavanagh,17,11,2,1,28,3
West Ham United,Chelsea,"Sunday September 23, 2018",Mike Dean,13,9,2,1,22,3
Arsenal,Everton,"Sunday September 23, 2018",Jonathan Moss,22,16,2,1,38,3
West Ham United,Manchester United,"Saturday September 29, 2018",Michael Oliver,12,15,0,1,27,1
Huddersfield Town,Tottenham Hotspur,"Saturday September 29, 2018",Craig Pawson,19,17,2,2,36,4
Newcastle United,Leicester City,"Saturday September 29, 2018",Simon Hooper,15,8,0,0,23,0
Everton,Fulham,"Saturday September 29, 2018",Roger East,15,15,0,3,30,3
Arsenal,Watford,"Saturday September 29, 2018",Anthony Taylor,13,20,2,2,33,4
Manchester City,Brighton & Hove Albion,"Saturday September 29, 2018",Lee Mason,4,12,0,3,16,3
Wolverhampton Wanderers,Southampton,"Saturday September 29, 2018",Stuart Attwell,15,8,3,1,23,4
Chelsea,Liverpool,"Saturday September 29, 2018",Andre Marriner,10,10,0,2,20,2
Cardiff City,Burnley,"Sunday September 30, 2018",Martin Atkinson,11,15,1,3,26,4
Bournemouth,Crystal Palace,"Monday October 1, 2018",Mike Dean,11,12,3,4,23,7
Brighton & Hove Albion,West Ham United,"Friday October 5, 2018",Kevin Friend,13,10,3,2,23,5
Watford,Bournemouth,"Saturday October 6, 2018",Jonathan Moss,11,12,6,1,23,7
Burnley,Huddersfield Town,"Saturday October 6, 2018",Chris Kavanagh,11,13,2,2,24,4
Crystal Palace,Wolverhampton Wanderers,"Saturday October 6, 2018",Michael Oliver,11,19,3,4,30,7
Tottenham Hotspur,Cardiff City,"Saturday October 6, 2018",Mike Dean,8,12,3,1,20,4
Leicester City,Everton,"Saturday October 6, 2018",Andre Marriner,11,13,5,1,24,6
Manchester United,Newcastle United,"Saturday October 6, 2018",Anthony Taylor,17,11,2,2,28,4
Fulham,Arsenal,"Sunday October 7, 2018",Paul Tierney,13,13,2,0,26,2
Southampton,Chelsea,"Sunday October 7, 2018",Craig Pawson,16,11,6,0,27,6
Liverpool,Manchester City,"Sunday October 7, 2018",Martin Atkinson,11,11,1,3,22,4
Chelsea,Manchester United,"Saturday October 20, 2018",Mike Dean,11,21,2,5,32,7
Cardiff City,Fulham,"Saturday October 20, 2018",Kevin Friend,15,16,3,3,31,6
Wolverhampton Wanderers,Watford,"Saturday October 20, 2018",Lee Mason,23,14,3,1,37,4
Newcastle United,Brighton & Hove Albion,"Saturday October 20, 2018",Andre Marriner,13,20,0,2,33,2
Bournemouth,Southampton,"Saturday October 20, 2018",Lee Probert,11,15,1,2,26,3
West Ham United,Tottenham Hotspur,"Saturday October 20, 2018",Martin Atkinson,10,12,3,0,22,3
Manchester City,Burnley,"Saturday October 20, 2018",Jonathan Moss,10,5,2,2,15,4
Huddersfield Town,Liverpool,"Saturday October 20, 2018",Michael Oliver,12,8,0,2,20,2
Everton,Crystal Palace,"Sunday October 21, 2018",Anthony Taylor,14,21,2,1,35,3
Arsenal,Leicester City,"Monday October 22, 2018",Chris Kavanagh,12,13,2,2,25,4
Southampton,Newcastle United,"Saturday October 27, 2018",Chris Kavanagh,9,12,0,1,21,1
Fulham,Bournemouth,"Saturday October 27, 2018",Andre Marriner,15,3,5,1,18,6
Liverpool,Cardiff City,"Saturday October 27, 2018",Stuart Attwell,7,5,0,0,12,0
Watford,Huddersfield Town,"Saturday October 27, 2018",Mike Dean,10,13,1,2,23,3
Brighton & Hove Albion,Wolverhampton Wanderers,"Saturday October 27, 2018",Anthony Taylor,14,11,3,0,25,3
Leicester City,West Ham United,"Saturday October 27, 2018",Michael Oliver,19,9,1,1,28,2
Crystal Palace,Arsenal,"Sunday October 28, 2018",Martin Atkinson,12,19,1,2,31,3
Burnley,Chelsea,"Sunday October 28, 2018",Craig Pawson,15,9,4,2,24,6
Manchester United,Everton,"Sunday October 28, 2018",Jonathan Moss,20,15,2,1,35,3
Tottenham Hotspur,Manchester City,"Monday October 29, 2018",Kevin Friend,13,14,2,2,27,4
Bournemouth,Manchester United,"Saturday November 3, 2018",Paul Tierney,14,12,4,3,26,7
Newcastle United,Watford,"Saturday November 3, 2018",Craig Pawson,14,13,1,5,27,6
Everton,Brighton & Hove Albion,"Saturday November 3, 2018",David Coote,9,19,0,1,28,1
West Ham United,Burnley,"Saturday November 3, 2018",Roger East,8,11,1,4,19,5
Cardiff City,Leicester City,"Saturday November 3, 2018",Lee Probert,14,13,2,2,27,4
Arsenal,Liverpool,"Saturday November 3, 2018",Andre Marriner,7,9,1,1,16,2
Wolverhampton Wanderers,Tottenham Hotspur,"Saturday November 3, 2018",Mike Dean,17,8,1,2,25,3
Manchester City,Southampton,"Sunday November 4, 2018",Lee Mason,14,10,1,1,24,2
Chelsea,Crystal Palace,"Sunday November 4, 2018",Michael Oliver,6,18,0,1,24,1
Huddersfield Town,Fulham,"Monday November 5, 2018",Anthony Taylor,11,11,1,2,22,3
Cardiff City,Brighton & Hove Albion,"Saturday November 10, 2018",Martin Atkinson,8,23,2,1,31,3
Newcastle United,Bournemouth,"Saturday November 10, 2018",Lee Probert,10,12,2,1,22,3
Southampton,Watford,"Saturday November 10, 2018",Simon Hooper,15,14,3,2,29,5
Leicester City,Burnley,"Saturday November 10, 2018",Mike Dean,13,11,2,0,24,2
Huddersfield Town,West Ham United,"Saturday November 10, 2018",Chris Kavanagh,10,9,1,1,19,2
Crystal Palace,Tottenham Hotspur,"Saturday November 10, 2018",Jonathan Moss,13,12,1,1,25,2
Liverpool,Fulham,"Sunday November 11, 2018",Paul Tierney,13,13,1,1,26,2
Chelsea,Everton,"Sunday November 11, 2018",Kevin Friend,10,14,4,3,24,7
Arsenal,Wolverhampton Wanderers,"Sunday November 11, 2018",Stuart Attwell,10,16,2,2,26,4
Manchester City,Manchester United,"Sunday November 11, 2018",Anthony Taylor,13,13,1,1,26,2
Everton,Cardiff City,"Saturday November 24, 2018",Paul Tierney,13,17,0,3,30,3
Brighton & Hove Albion,Leicester City,"Saturday November 24, 2018",Chris Kavanagh,11,6,3,4,17,7
Fulham,Southampton,"Saturday November 24, 2018",Michael Oliver,12,7,2,3,19,5
Manchester United,Crystal Palace,"Saturday November 24, 2018",Lee Mason,17,13,1,2,30,3
West Ham United,Manchester City,"Saturday November 24, 2018",Andre Marriner,9,5,0,0,14,0
Watford,Liverpool,"Saturday November 24, 2018",Jonathan Moss,11,13,0,3,24,3
Tottenham Hotspur,Chelsea,"Saturday November 24, 2018",Martin Atkinson,19,13,0,3,32,3
Bournemouth,Arsenal,"Sunday November 25, 2018",Craig Pawson,9,9,2,1,18,3
Wolverhampton Wanderers,Huddersfield Town,"Sunday November 25, 2018",Kevin Friend,10,9,1,2,19,3
Burnley,Newcastle United,"Monday November 26, 2018",Anthony Taylor,6,12,0,1,18,1
Cardiff City,Wolverhampton Wanderers,"Friday November 30, 2018",Andre Marriner,6,15,1,2,21,3
Huddersfield Town,Brighton & Hove Albion,"Saturday December 1, 2018",Michael Oliver,13,13,0,2,26,2
Crystal Palace,Burnley,"Saturday December 1, 2018",Lee Probert,9,12,1,1,21,2
Leicester City,Watford,"Saturday December 1, 2018",Graham Scott,7,7,2,1,14,3
Manchester City,Bournemouth,"Saturday December 1, 2018",Stuart Attwell,10,4,0,0,14,0
Newcastle United,West Ham United,"Saturday December 1, 2018",Paul Tierney,12,12,3,3,24,6
Southampton,Manchester United,"Saturday December 1, 2018",Kevin Friend,15,17,4,4,32,8
Chelsea,Fulham,"Sunday December 2, 2018",Craig Pawson,9,18,2,1,27,3
Arsenal,Tottenham Hotspur,"Sunday December 2, 2018",Mike Dean,16,17,3,6,33,9
Liverpool,Everton,"Sunday December 2, 2018",Chris Kavanagh,13,10,3,2,23,5
West Ham United,Cardiff City,"Tuesday December 4, 2018",Graham Scott,10,12,1,2,22,3
Brighton & Hove Albion,Crystal Palace,"Tuesday December 4, 2018",Kevin Friend,17,13,2,3,30,5
Bournemouth,Huddersfield Town,"Tuesday December 4, 2018",Roger East,15,10,4,2,25,6
Watford,Manchester City,"Tuesday December 4, 2018",Paul Tierney,6,8,0,1,14,1
Fulham,Leicester City,"Wednesday December 5, 2018",David Coote,12,8,0,0,20,0
Wolverhampton Wanderers,Chelsea,"Wednesday December 5, 2018",Jonathan Moss,23,11,4,4,34,8
Burnley,Liverpool,"Wednesday December 5, 2018",Stuart Attwell,14,3,1,0,17,1
Everton,Newcastle United,"Wednesday December 5, 2018",Lee Mason,7,20,0,5,27,5
Manchester United,Arsenal,"Wednesday December 5, 2018",Andre Marriner,18,13,3,3,31,6
Tottenham Hotspur,Southampton,"Wednesday December 5, 2018",Anthony Taylor,7,5,0,0,12,0
Bournemouth,Liverpool,"Saturday December 8, 2018",Lee Mason,10,12,2,1,22,3
Burnley,Brighton & Hove Albion,"Saturday December 8, 2018",Martin Atkinson,11,11,2,0,22,2
Cardiff City,Southampton,"Saturday December 8, 2018",Jonathan Moss,12,12,2,2,24,4
Manchester United,Fulham,"Saturday December 8, 2018",Lee Probert,13,16,1,4,29,5
Arsenal,Huddersfield Town,"Saturday December 8, 2018",Paul Tierney,10,22,5,4,32,9
West Ham United,Crystal Palace,"Saturday December 8, 2018",Anthony Taylor,10,12,1,1,22,2
Chelsea,Manchester City,"Saturday December 8, 2018",Michael Oliver,14,13,2,0,27,2
Leicester City,Tottenham Hotspur,"Saturday December 8, 2018",Craig Pawson,14,9,3,1,23,4
Newcastle United,Wolverhampton Wanderers,"Sunday December 9, 2018",Mike Dean,12,20,2,5,32,7
Everton,Watford,"Monday December 10, 2018",Kevin Friend,15,16,1,2,31,3
Manchester City,Everton,"Saturday December 15, 2018",Craig Pawson,8,9,1,2,17,3
Wolverhampton Wanderers,Bournemouth,"Saturday December 15, 2018",Simon Hooper,17,7,1,2,24,3
Huddersfield Town,Newcastle United,"Saturday December 15, 2018",Anthony Taylor,6,14,1,1,20,2
Watford,Cardiff City,"Saturday December 15, 2018",Andy Madley,8,5,0,0,13,0
Crystal Palace,Leicester City,"Saturday December 15, 2018",Michael Oliver,11,11,2,1,22,3
Tottenham Hotspur,Burnley,"Saturday December 15, 2018",Graham Scott,6,8,0,2,14,2
Fulham,West Ham United,"Saturday December 15, 2018",Mike Dean,15,12,2,1,27,3
Brighton & Hove Albion,Chelsea,"Sunday December 16, 2018",Stuart Attwell,19,7,2,2,26,4
Southampton,Arsenal,"Sunday December 16, 2018",Chris Kavanagh,16,11,3,1,27,4
Liverpool,Manchester United,"Sunday December 16, 2018",Martin Atkinson,6,18,0,2,24,2
Wolverhampton Wanderers,Liverpool,"Friday December 21, 2018",Craig Pawson,10,4,0,0,14,0
Arsenal,Burnley,"Saturday December 22, 2018",Kevin Friend,9,16,2,5,25,7
Chelsea,Leicester City,"Saturday December 22, 2018",Lee Probert,10,11,0,2,21,2
West Ham United,Watford,"Saturday December 22, 2018",Lee Mason,9,11,3,2,20,5
Bournemouth,Brighton & Hove Albion,"Saturday December 22, 2018",Mike Dean,10,19,2,3,29,5
Newcastle United,Fulham,"Saturday December 22, 2018",Martin Atkinson,14,15,1,2,29,3
Huddersfield Town,Southampton,"Saturday December 22, 2018",Stuart Attwell,14,9,2,3,23,5
Manchester City,Crystal Palace,"Saturday December 22, 2018",Andre Marriner,7,7,0,4,14,4
Cardiff City,Manchester United,"Saturday December 22, 2018",Michael Oliver,18,13,2,1,31,3
Everton,Tottenham Hotspur,"Sunday December 23, 2018",Paul Tierney,16,10,0,2,26,2
Fulham,Wolverhampton Wanderers,"Wednesday December 26, 2018",Andre Marriner,11,7,2,1,18,3
Crystal Palace,Cardiff City,"Wednesday December 26, 2018",Lee Probert,9,14,0,3,23,3
Burnley,Everton,"Wednesday December 26, 2018",Michael Oliver,14,21,2,4,35,6
Manchester United,Huddersfield Town,"Wednesday December 26, 2018",Jonathan Moss,10,19,1,1,29,2
Tottenham Hotspur,Bournemouth,"Wednesday December 26, 2018",Chris Kavanagh,7,10,2,1,17,3
Leicester City,Manchester City,"Wednesday December 26, 2018",Mike Dean,7,8,2,2,15,4
Liverpool,Newcastle United,"Wednesday December 26, 2018",Graham Scott,7,9,0,0,16,0
Brighton & Hove Albion,Arsenal,"Wednesday December 26, 2018",Anthony Taylor,11,5,2,1,16,3
Watford,Chelsea,"Wednesday December 26, 2018",Martin Atkinson,18,5,1,0,23,1
Southampton,West Ham United,"Thursday December 27, 2018",Craig Pawson,14,7,2,0,21,2
Tottenham Hotspur,Wolverhampton Wanderers,"Saturday December 29, 2018",Stuart Attwell,7,9,3,2,16,5
Leicester City,Cardiff City,"Saturday December 29, 2018",Simon Hooper,14,18,0,2,32,2
Watford,Newcastle United,"Saturday December 29, 2018",Roger East,18,21,1,2,39,3
Fulham,Huddersfield Town,"Saturday December 29, 2018",Kevin Friend,13,11,3,1,24,4
Brighton & Hove Albion,Everton,"Saturday December 29, 2018",Andy Madley,13,11,0,2,24,2
Liverpool,Arsenal,"Saturday December 29, 2018",Michael Oliver,10,16,1,2,26,3
Crystal Palace,Chelsea,"Sunday December 30, 2018",Craig Pawson,12,10,0,1,22,1
Southampton,Manchester City,"Sunday December 30, 2018",Paul Tierney,11,11,2,3,22,5
Burnley,West Ham United,"Sunday December 30, 2018",David Coote,17,16,1,4,33,5
Manchester United,Bournemouth,"Sunday December 30, 2018",Lee Mason,11,7,2,0,18,2
Everton,Leicester City,"Tuesday January 1, 2019",Martin Atkinson,7,9,3,1,16,4
Arsenal,Fulham,"Tuesday January 1, 2019",Graham Scott,8,14,0,1,22,1
Cardiff City,Tottenham Hotspur,"Tuesday January 1, 2019",Kevin Friend,8,7,1,0,15,1
Huddersfield Town,Burnley,"Wednesday January 2, 2019",Mike Dean,14,9,3,4,23,7
Bournemouth,Watford,"Wednesday January 2, 2019",David Coote,8,20,1,4,28,5
Chelsea,Southampton,"Wednesday January 2, 2019",Jonathan Moss,9,14,1,2,23,3
West Ham United,Brighton & Hove Albion,"Wednesday January 2, 2019",Chris Kavanagh,11,14,0,1,25,1
Wolverhampton Wanderers,Crystal Palace,"Wednesday January 2, 2019",Roger East,13,7,4,1,20,5
Newcastle United,Manchester United,"Wednesday January 2, 2019",Andre Marriner,11,10,1,2,21,3
Manchester City,Liverpool,"Thursday January 3, 2019",Anthony Taylor,13,8,4,2,21,6
West Ham United,Arsenal,"Saturday January 12, 2019",Jonathan Moss,8,14,0,2,22,2
Cardiff City,Huddersfield Town,"Saturday January 12, 2019",Lee Mason,13,16,3,1,29,4
Burnley,Fulham,"Saturday January 12, 2019",Martin Atkinson,7,13,1,2,20,3
Crystal Palace,Watford,"Saturday January 12, 2019",Paul Tierney,15,14,1,4,29,5
Leicester City,Southampton,"Saturday January 12, 2019",Michael Oliver,7,11,2,4,18,6
Brighton & Hove Albion,Liverpool,"Saturday January 12, 2019",Kevin Friend,16,5,0,0,21,0
Chelsea,Newcastle United,"Saturday January 12, 2019",Chris Kavanagh,9,16,1,1,25,2
Everton,Bournemouth,"Sunday January 13, 2019",Anthony Taylor,19,8,5,0,27,5
Tottenham Hotspur,Manchester United,"Sunday January 13, 2019",Mike Dean,8,15,1,2,23,3
Manchester City,Wolverhampton Wanderers,"Monday January 14, 2019",Craig Pawson,7,2,1,0,9,1
Wolverhampton Wanderers,Leicester City,"Saturday January 19, 2019",Chris Kavanagh,15,12,3,3,27,6
Newcastle United,Cardiff City,"Saturday January 19, 2019",Stuart Attwell,13,6,0,1,19,1
Watford,Burnley,"Saturday January 19, 2019",Michael Oliver,15,11,1,2,26,3
Manchester United,Brighton & Hove Albion,"Saturday January 19, 2019",Paul Tierney,12,11,1,0,23,1
Bournemouth,West Ham United,"Saturday January 19, 2019",Simon Hooper,8,11,0,1,19,1
Southampton,Everton,"Saturday January 19, 2019",Graham Scott,16,11,2,1,27,3
Liverpool,Crystal Palace,"Saturday January 19, 2019",Jonathan Moss,7,9,3,1,16,4
Arsenal,Chelsea,"Saturday January 19, 2019",Anthony Taylor,14,17,0,2,31,2
Huddersfield Town,Manchester City,"Sunday January 20, 2019",Andre Marriner,12,9,2,2,21,4
Fulham,Tottenham Hotspur,"Sunday January 20, 2019",Craig Pawson,11,7,2,3,18,5
Wolverhampton Wanderers,West Ham United,"Tuesday January 29, 2019",David Coote,11,11,4,1,22,5
Arsenal,Cardiff City,"Tuesday January 29, 2019",Mike Dean,13,15,3,3,28,6
Huddersfield Town,Everton,"Tuesday January 29, 2019",Stuart Attwell,14,10,1,4,24,5
Fulham,Brighton & Hove Albion,"Tuesday January 29, 2019",Lee Probert,11,7,2,3,18,5
Manchester United,Burnley,"Tuesday January 29, 2019",Jonathan Moss,12,13,1,3,25,4
Newcastle United,Manchester City,"Tuesday January 29, 2019",Paul Tierney,13,8,2,3,21,5
Southampton,Crystal Palace,"Wednesday January 30, 2019",Andre Marriner,12,10,2,5,22,7
Bournemouth,Chelsea,"Wednesday January 30, 2019",Roger East,10,6,1,0,16,1
Tottenham Hotspur,Watford,"Wednesday January 30, 2019",Graham Scott,7,10,0,4,17,4
Liverpool,Leicester City,"Wednesday January 30, 2019",Martin Atkinson,14,8,1,3,22,4
Tottenham Hotspur,Newcastle United,"Saturday February 2, 2019",Andre Marriner,6,10,0,1,16,1
Everton,Wolverhampton Wanderers,"Saturday February 2, 2019",Lee Mason,12,15,3,1,27,4
Chelsea,Huddersfield Town,"Saturday February 2, 2019",Paul Tierney,10,10,0,0,20,0
Crystal Palace,Fulham,"Saturday February 2, 2019",Michael Oliver,11,13,2,3,24,5
Brighton & Hove Albion,Watford,"Saturday February 2, 2019",Simon Hooper,15,11,1,0,26,1
Burnley,Southampton,"Saturday February 2, 2019",Anthony Taylor,10,10,3,1,20,4
Cardiff City,Bournemouth,"Saturday February 2, 2019",Jonathan Moss,24,19,1,2,43,3
Leicester City,Manchester United,"Sunday February 3, 2019",Mike Dean,15,11,4,4,26,8
Manchester City,Arsenal,"Sunday February 3, 2019",Martin Atkinson,10,11,1,1,21,2
West Ham United,Liverpool,"Monday February 4, 2019",Kevin Friend,11,13,1,1,24,2
Everton,Manchester City,"Wednesday February 6, 2019",Craig Pawson,11,6,1,1,17,2
Fulham,Manchester United,"Saturday February 9, 2019",Paul Tierney,21,9,3,2,30,5
Huddersfield Town,Arsenal,"Saturday February 9, 2019",Jonathan Moss,18,13,3,2,31,5
Crystal Palace,West Ham United,"Saturday February 9, 2019",Craig Pawson,14,10,3,0,24,3
Watford,Everton,"Saturday February 9, 2019",Lee Probert,22,11,2,3,33,5
Liverpool,Bournemouth,"Saturday February 9, 2019",Anthony Taylor,15,7,2,2,22,4
Southampton,Cardiff City,"Saturday February 9, 2019",Martin Atkinson,16,14,3,3,30,6
Brighton & Hove Albion,Burnley,"Saturday February 9, 2019",Stuart Attwell,10,6,1,1,16,2
Tottenham Hotspur,Leicester City,"Sunday February 10, 2019",Michael Oliver,17,6,3,1,23,4
Manchester City,Chelsea,"Sunday February 10, 2019",Mike Dean,12,16,1,2,28,3
Wolverhampton Wanderers,Newcastle United,"Monday February 11, 2019",Graham Scott,10,11,1,3,21,4
West Ham United,Fulham,"Friday February 22, 2019",Lee Mason,13,13,1,1,26,2
Cardiff City,Watford,"Friday February 22, 2019",Simon Hooper,10,14,1,2,24,3
Burnley,Tottenham Hotspur,"Saturday February 23, 2019",Mike Dean,12,12,1,3,24,4
Bournemouth,Wolverhampton Wanderers,"Saturday February 23, 2019",Roger East,9,16,4,6,25,10
Newcastle United,Huddersfield Town,"Saturday February 23, 2019",Kevin Friend,13,8,2,0,21,2
Leicester City,Crystal Palace,"Saturday February 23, 2019",Anthony Taylor,8,14,2,1,22,3
Manchester United,Liverpool,"Sunday February 24, 2019",Michael Oliver,15,17,1,3,32,4
Arsenal,Southampton,"Sunday February 24, 2019",Graham Scott,7,16,0,0,23,0
Huddersfield Town,Wolverhampton Wanderers,"Tuesday February 26, 2019",David Coote,11,12,2,2,23,4
Cardiff City,Everton,"Tuesday February 26, 2019",Kevin Friend,15,12,3,1,27,4
Leicester City,Brighton & Hove Albion,"Tuesday February 26, 2019",Lee Probert,7,8,1,1,15,2
Newcastle United,Burnley,"Tuesday February 26, 2019",Craig Pawson,9,9,1,3,18,4
Arsenal,Bournemouth,"Wednesday February 27, 2019",Chris Kavanagh,11,13,2,2,24,4
Southampton,Fulham,"Wednesday February 27, 2019",Anthony Taylor,15,13,0,1,28,1
Crystal Palace,Manchester United,"Wednesday February 27, 2019",Martin Atkinson,10,12,2,3,22,5
Liverpool,Watford,"Wednesday February 27, 2019",Graham Scott,7,10,0,2,17,2
Manchester City,West Ham United,"Wednesday February 27, 2019",Stuart Attwell,4,7,0,2,11,2
Chelsea,Tottenham Hotspur,"Wednesday February 27, 2019",Andre Marriner,8,15,1,1,23,2
Tottenham Hotspur,Arsenal,"Saturday March 2, 2019",Anthony Taylor,19,14,3,2,33,5
Wolverhampton Wanderers,Cardiff City,"Saturday March 2, 2019",Andre Marriner,12,7,1,2,19,3
Bournemouth,Manchester City,"Saturday March 2, 2019",Kevin Friend,7,7,1,2,14,3
Manchester United,Southampton,"Saturday March 2, 2019",Stuart Attwell,9,11,2,1,20,3
Burnley,Crystal Palace,"Saturday March 2, 2019",Lee Probert,13,11,1,2,24,3
Brighton & Hove Albion,Huddersfield Town,"Saturday March 2, 2019",Mike Dean,11,8,2,2,19,4
West Ham United,Newcastle United,"Saturday March 2, 2019",Chris Kavanagh,10,16,3,4,26,7
Watford,Leicester City,"Sunday March 3, 2019",Jonathan Moss,15,13,5,1,28,6
Fulham,Chelsea,"Sunday March 3, 2019",Graham Scott,12,10,2,1,22,3
Everton,Liverpool,"Sunday March 3, 2019",Martin Atkinson,13,11,1,2,24,3
Crystal Palace,Brighton & Hove Albion,"Saturday March 9, 2019",Craig Pawson,8,20,1,5,28,6
Southampton,Tottenham Hotspur,"Saturday March 9, 2019",Kevin Friend,18,9,4,2,27,6
Huddersfield Town,Bournemouth,"Saturday March 9, 2019",Anthony Taylor,17,12,3,1,29,4
Leicester City,Fulham,"Saturday March 9, 2019",David Coote,11,17,0,2,28,2
Cardiff City,West Ham United,"Saturday March 9, 2019",Graham Scott,8,13,2,1,21,3
Newcastle United,Everton,"Saturday March 9, 2019",Lee Mason,14,11,3,1,25,4
Manchester City,Watford,"Saturday March 9, 2019",Paul Tierney,11,10,1,1,21,2
Liverpool,Burnley,"Sunday March 10, 2019",Andre Marriner,4,8,2,0,12,2
Chelsea,Wolverhampton Wanderers,"Sunday March 10, 2019",Michael Oliver,8,17,1,4,25,5
Arsenal,Manchester United,"Sunday March 10, 2019",Jonathan Moss,14,20,2,2,34,4
West Ham United,Huddersfield Town,"Saturday March 16, 2019",Jonathan Moss,8,15,0,2,23,2
Bournemouth,Newcastle United,"Saturday March 16, 2019",Mike Dean,9,13,3,2,22,5
Burnley,Leicester City,"Saturday March 16, 2019",Michael Oliver,10,9,1,1,19,2
Fulham,Liverpool,"Sunday March 17, 2019",Craig Pawson,12,9,2,1,21,3
Everton,Chelsea,"Sunday March 17, 2019",Anthony Taylor,20,10,1,2,30,3
Fulham,Manchester City,"Saturday March 30, 2019",Kevin Friend,5,13,2,0,18,2
Crystal Palace,Huddersfield Town,"Saturday March 30, 2019",Lee Probert,10,9,0,0,19,0
Brighton & Hove Albion,Southampton,"Saturday March 30, 2019",Michael Oliver,8,14,1,2,22,3
Burnley,Wolverhampton Wanderers,"Saturday March 30, 2019",Chris Kavanagh,15,11,1,1,26,2
Leicester City,Bournemouth,"Saturday March 30, 2019",Lee Mason,8,13,0,2,21,2
Manchester United,Watford,"Saturday March 30, 2019",Stuart Attwell,15,10,1,2,25,3
West Ham United,Everton,"Saturday March 30, 2019",Paul Tierney,10,14,1,1,24,2
Cardiff City,Chelsea,"Sunday March 31, 2019",Craig Pawson,14,14,2,3,28,5
Liverpool,Tottenham Hotspur,"Sunday March 31, 2019",Martin Atkinson,6,8,0,1,14,1
Arsenal,Newcastle United,"Monday April 1, 2019",Anthony Taylor,13,12,2,0,25,2
Watford,Fulham,"Tuesday April 2, 2019",Roger East,13,7,3,2,20,5
Wolverhampton Wanderers,Manchester United,"Tuesday April 2, 2019",Mike Dean,5,11,1,5,16,6
Chelsea,Brighton & Hove Albion,"Wednesday April 3, 2019",Graham Scott,5,10,0,0,15,0
Tottenham Hotspur,Crystal Palace,"Wednesday April 3, 2019",Andre Marriner,9,5,1,0,14,1
Manchester City,Cardiff City,"Wednesday April 3, 2019",Jonathan Moss,3,9,0,3,12,3
Southampton,Liverpool,"Friday April 5, 2019",Paul Tierney,9,7,2,4,16,6
Newcastle United,Crystal Palace,"Saturday April 6, 2019",Stuart Attwell,13,14,1,2,27,3
Huddersfield Town,Leicester City,"Saturday April 6, 2019",David Coote,15,12,3,0,27,3
Bournemouth,Burnley,"Saturday April 6, 2019",Martin Atkinson,12,17,2,3,29,5
Everton,Arsenal,"Sunday April 7, 2019",Kevin Friend,11,11,1,4,22,5
Chelsea,West Ham United,"Monday April 8, 2019",Chris Kavanagh,9,8,2,1,17,3
Leicester City,Newcastle United,"Friday April 12, 2019",Chris Kavanagh,8,11,2,3,19,5
Tottenham Hotspur,Huddersfield Town,"Saturday April 13, 2019",Lee Mason,11,14,2,2,25,4
Burnley,Cardiff City,"Saturday April 13, 2019",Mike Dean,8,11,2,4,19,6
Fulham,Everton,"Saturday April 13, 2019",Lee Probert,9,12,2,1,21,3
Southampton,Wolverhampton Wanderers,"Saturday April 13, 2019",Jonathan Moss,15,8,1,3,23,4
Brighton & Hove Albion,Bournemouth,"Saturday April 13, 2019",Kevin Friend,9,7,2,4,16,6
Manchester United,West Ham United,"Saturday April 13, 2019",Graham Scott,17,5,1,1,22,2
Crystal Palace,Manchester City,"Sunday April 14, 2019",Martin Atkinson,7,11,0,0,18,0
Liverpool,Chelsea,"Sunday April 14, 2019",Michael Oliver,6,11,0,1,17,1
Watford,Arsenal,"Monday April 15, 2019",Craig Pawson,11,10,2,0,21,2
Brighton & Hove Albion,Cardiff City,"Tuesday April 16, 2019",Andre Marriner,13,14,0,1,27,1
Manchester City,Tottenham Hotspur,"Saturday April 20, 2019",Michael Oliver,12,15,1,2,27,3
Wolverhampton Wanderers,Brighton & Hove Albion,"Saturday April 20, 2019",Craig Pawson,0,10,0,1,10,1
Bournemouth,Fulham,"Saturday April 20, 2019",David Coote,11,19,1,3,30,4
West Ham United,Leicester City,"Saturday April 20, 2019",Lee Probert,10,11,2,0,21,2
Huddersfield Town,Watford,"Saturday April 20, 2019",Roger East,15,10,2,2,25,4
Newcastle United,Southampton,"Saturday April 20, 2019",Anthony Taylor,5,12,0,2,17,2
Everton,Manchester United,"Sunday April 21, 2019",Paul Tierney,13,7,1,1,20,2
Cardiff City,Liverpool,"Sunday April 21, 2019",Martin Atkinson,9,5,1,1,14,2
Arsenal,Crystal Palace,"Sunday April 21, 2019",Jonathan Moss,15,15,4,1,30,5
Chelsea,Burnley,"Monday April 22, 2019",Kevin Friend,9,6,2,1,15,3
Watford,Southampton,"Tuesday April 23, 2019",Mike Dean,12,15,5,2,27,7
Tottenham Hotspur,Brighton & Hove Albion,"Tuesday April 23, 2019",Chris Kavanagh,7,17,1,2,24,3
Wolverhampton Wanderers,Arsenal,"Wednesday April 24, 2019",Stuart Attwell,13,9,2,3,22,5
Manchester United,Manchester City,"Wednesday April 24, 2019",Andre Marriner,10,13,2,2,23,4
Liverpool,Huddersfield Town,"Friday April 26, 2019",Kevin Friend,5,13,0,0,18,0
Tottenham Hotspur,West Ham United,"Saturday April 27, 2019",Anthony Taylor,3,8,0,2,11,2
Crystal Palace,Everton,"Saturday April 27, 2019",Lee Mason,11,16,2,0,27,2
Watford,Wolverhampton Wanderers,"Saturday April 27, 2019",Simon Hooper,11,13,3,2,24,5
Southampton,Bournemouth,"Saturday April 27, 2019",Graham Scott,9,11,2,1,20,3
Fulham,Cardiff City,"Saturday April 27, 2019",Chris Kavanagh,12,11,0,0,23,0
Brighton & Hove Albion,Newcastle United,"Saturday April 27, 2019",Mike Dean,8,11,2,3,19,5
Leicester City,Arsenal,"Sunday April 28, 2019",Michael Oliver,17,17,3,4,34,7
Burnley,Manchester City,"Sunday April 28, 2019",Paul Tierney,6,6,1,1,12,2
Manchester United,Chelsea,"Sunday April 28, 2019",Martin Atkinson,10,15,3,2,25,5
Everton,Burnley,"Friday May 3, 2019",Chris Kavanagh,9,13,0,2,22,2
Bournemouth,Tottenham Hotspur,"Saturday May 4, 2019",Craig Pawson,12,11,1,5,23,6
Wolverhampton Wanderers,Fulham,"Saturday May 4, 2019",Jonathan Moss,13,16,1,3,29,4
West Ham United,Southampton,"Saturday May 4, 2019",Stuart Attwell,4,13,1,1,17,2
Cardiff City,Crystal Palace,"Saturday May 4, 2019",Michael Oliver,19,11,0,0,30,0
Newcastle United,Liverpool,"Saturday May 4, 2019",Andre Marriner,9,5,1,1,14,2
Huddersfield Town,Manchester United,"Sunday May 5, 2019",Lee Mason,14,11,1,1,25,2
Chelsea,Watford,"Sunday May 5, 2019",Paul Tierney,9,18,0,1,27,1
Arsenal,Brighton & Hove Albion,"Sunday May 5, 2019",Anthony Taylor,9,15,5,2,24,7
Manchester City,Leicester City,"Monday May 6, 2019",Mike Dean,12,8,3,2,20,5
Liverpool,Wolverhampton Wanderers,"Sunday May 12, 2019",Martin Atkinson,3,14,0,2,17,2
Fulham,Newcastle United,"Sunday May 12, 2019",Kevin Friend,7,9,1,0,16,1
Crystal Palace,Bournemouth,"Sunday May 12, 2019",Roger East,14,13,3,0,27,3
Southampton,Huddersfield Town,"Sunday May 12, 2019",Lee Probert,11,6,0,1,17,1
Tottenham Hotspur,Everton,"Sunday May 12, 2019",Andre Marriner,12,16,0,2,28,2
Burnley,Arsenal,"Sunday May 12, 2019",Mike Dean,15,4,5,1,19,6
Watford,West Ham United,"Sunday May 12, 2019",Chris Kavanagh,9,10,1,0,19,1
Brighton & Hove Albion,Manchester City,"Sunday May 12, 2019",Michael Oliver,14,8,0,0,22,0
Leicester City,Chelsea,"Sunday May 12, 2019",Anthony Taylor,14,10,0,1,24,1
Manchester United,Cardiff City,"Sunday May 12, 2019",Jonathan Moss,10,7,3,3,17,6
Arsenal,Leicester City,"Friday August 11, 2017",Mike Dean,10,13,0,1,23,1
Watford,Liverpool,"Saturday August 12, 2017",Anthony Taylor,16,10,0,3,26,3
Southampton,Swansea City,"Saturday August 12, 2017",Mike Jones,11,14,2,1,25,3
Chelsea,Burnley,"Saturday August 12, 2017",Craig Pawson,15,13,6,3,28,9
West Bromwich Albion,Bournemouth,"Saturday August 12, 2017",Robert Madley,19,5,3,1,24,4
Everton,Stoke City,"Saturday August 12, 2017",Niel Swarbrick,15,11,1,1,26,2
Crystal Palace,Huddersfield Town,"Saturday August 12, 2017",Jonathan Moss,7,20,1,3,27,4
Brighton & Hove Albion,Manchester City,"Saturday August 12, 2017",Michael Oliver,8,9,0,2,17,2
Newcastle United,Tottenham Hotspur,"Sunday August 13, 2017",Andre Marriner,9,12,1,2,21,3
Manchester United,West Ham United,"Sunday August 13, 2017",Martin Atkinson,18,10,2,2,28,4
Swansea City,Manchester United,"Saturday August 19, 2017",Jonathan Moss,14,11,1,1,25,2
Leicester City,Brighton & Hove Albion,"Saturday August 19, 2017",Lee Probert,9,10,1,0,19,1
Burnley,West Bromwich Albion,"Saturday August 19, 2017",Martin Atkinson,11,12,1,0,23,1
Liverpool,Crystal Palace,"Saturday August 19, 2017",Kevin Friend,13,15,1,3,28,4
Bournemouth,Watford,"Saturday August 19, 2017",Roger East,7,15,1,3,22,4
Southampton,West Ham United,"Saturday August 19, 2017",Lee Mason,20,9,1,1,29,2
Stoke City,Arsenal,"Saturday August 19, 2017",Andre Marriner,9,11,0,0,20,0
Huddersfield Town,Newcastle United,"Sunday August 20, 2017",Craig Pawson,15,12,3,4,27,7
Tottenham Hotspur,Chelsea,"Sunday August 20, 2017",Anthony Taylor,16,22,4,3,38,7
Manchester City,Everton,"Monday August 21, 2017",Robert Madley,8,12,4,5,20,9
Bournemouth,Manchester City,"Saturday August 26, 2017",Mike Dean,16,14,5,7,30,12
Watford,Brighton & Hove Albion,"Saturday August 26, 2017",Graham Scott,8,22,0,1,30,1
Newcastle United,West Ham United,"Saturday August 26, 2017",Niel Swarbrick,18,12,1,3,30,4
Crystal Palace,Swansea City,"Saturday August 26, 2017",Andre Marriner,10,8,4,1,18,5
Huddersfield Town,Southampton,"Saturday August 26, 2017",Stuart Attwell,12,10,0,1,22,1
Manchester United,Leicester City,"Saturday August 26, 2017",Michael Oliver,11,11,1,2,22,3
West Bromwich Albion,Stoke City,"Sunday August 27, 2017",Anthony Taylor,12,10,2,2,22,4
Chelsea,Everton,"Sunday August 27, 2017",Jonathan Moss,13,11,2,2,24,4
Liverpool,Arsenal,"Sunday August 27, 2017",Craig Pawson,8,16,2,4,24,6
Tottenham Hotspur,Burnley,"Sunday August 27, 2017",Lee Mason,9,10,0,0,19,0
Manchester City,Liverpool,"Saturday September 9, 2017",Jonathan Moss,12,10,2,2,22,4
Southampton,Watford,"Saturday September 9, 2017",Lee Probert,10,11,0,0,21,0
Everton,Tottenham Hotspur,"Saturday September 9, 2017",Graham Scott,16,14,3,1,30,4
Brighton & Hove Albion,West Bromwich Albion,"Saturday September 9, 2017",Chris Kavanagh,11,6,2,0,17,2
Leicester City,Chelsea,"Saturday September 9, 2017",Lee Mason,13,8,1,0,21,1
Arsenal,Bournemouth,"Saturday September 9, 2017",Anthony Taylor,18,10,0,1,28,1
Stoke City,Manchester United,"Saturday September 9, 2017",Niel Swarbrick,11,10,0,0,21,0
Burnley,Crystal Palace,"Sunday September 10, 2017",Michael Oliver,13,16,1,1,29,2
Swansea City,Newcastle United,"Sunday September 10, 2017",Mike Jones,13,16,2,3,29,5
West Ham United,Huddersfield Town,"Monday September 11, 2017",Kevin Friend,12,16,1,2,28,3
Bournemouth,Brighton & Hove Albion,"Friday September 15, 2017",Craig Pawson,6,14,0,0,20,0
Crystal Palace,Southampton,"Saturday September 16, 2017",Robert Madley,15,15,5,1,30,6
West Bromwich Albion,West Ham United,"Saturday September 16, 2017",Paul Tierney,15,8,2,2,23,4
Liverpool,Burnley,"Saturday September 16, 2017",Roger East,8,13,1,2,21,3
Newcastle United,Stoke City,"Saturday September 16, 2017",Stuart Attwell,14,12,3,1,26,4
Watford,Manchester City,"Saturday September 16, 2017",Anthony Taylor,11,8,2,0,19,2
Huddersfield Town,Leicester City,"Saturday September 16, 2017",Jonathan Moss,7,9,1,1,16,2
Tottenham Hotspur,Swansea City,"Saturday September 16, 2017",Mike Dean,10,9,1,3,19,4
Chelsea,Arsenal,"Sunday September 17, 2017",Michael Oliver,11,19,2,3,30,5
Manchester United,Everton,"Sunday September 17, 2017",Andre Marriner,17,17,1,1,34,2
West Ham United,Tottenham Hotspur,"Saturday September 23, 2017",Michael Oliver,10,22,4,5,32,9
Manchester City,Crystal Palace,"Saturday September 23, 2017",Niel Swarbrick,8,12,3,1,20,4
Everton,Bournemouth,"Saturday September 23, 2017",Martin Atkinson,15,11,3,1,26,4
Burnley,Huddersfield Town,"Saturday September 23, 2017",Chris Kavanagh,12,14,3,2,26,5
Swansea City,Watford,"Saturday September 23, 2017",Lee Mason,9,19,1,3,28,4
Southampton,Manchester United,"Saturday September 23, 2017",Craig Pawson,14,12,1,4,26,5
Stoke City,Chelsea,"Saturday September 23, 2017",Mike Dean,7,14,2,2,21,4
Leicester City,Liverpool,"Saturday September 23, 2017",Anthony Taylor,16,15,3,3,31,6
Brighton & Hove Albion,Newcastle United,"Sunday September 24, 2017",Andre Marriner,6,8,2,1,14,3
Arsenal,West Bromwich Albion,"Monday September 25, 2017",Robert Madley,9,18,1,4,27,5
Huddersfield Town,Tottenham Hotspur,"Saturday September 30, 2017",Niel Swarbrick,8,3,1,1,11,2
West Ham United,Swansea City,"Saturday September 30, 2017",Roger East,14,13,3,2,27,5
West Bromwich Albion,Watford,"Saturday September 30, 2017",Michael Oliver,14,13,3,0,27,3
Bournemouth,Leicester City,"Saturday September 30, 2017",Graham Scott,7,11,1,0,18,1
Manchester United,Crystal Palace,"Saturday September 30, 2017",Mike Dean,8,11,0,0,19,0
Stoke City,Southampton,"Saturday September 30, 2017",Mike Jones,12,10,1,2,22,3
Chelsea,Manchester City,"Saturday September 30, 2017",Martin Atkinson,9,16,0,2,25,2
Arsenal,Brighton & Hove Albion,"Sunday October 1, 2017",Kevin Friend,8,10,0,2,18,2
Everton,Burnley,"Sunday October 1, 2017",Jonathan Moss,14,10,2,2,24,4
Newcastle United,Liverpool,"Sunday October 1, 2017",Craig Pawson,12,7,1,1,19,2
Liverpool,Manchester United,"Saturday October 14, 2017",Martin Atkinson,7,21,0,2,28,2
Tottenham Hotspur,Bournemouth,"Saturday October 14, 2017",Robert Madley,9,9,1,3,18,4
Manchester City,Stoke City,"Saturday October 14, 2017",Craig Pawson,7,10,0,1,17,1
Crystal Palace,Chelsea,"Saturday October 14, 2017",Andre Marriner,9,8,2,1,17,3
Burnley,West Ham United,"Saturday October 14, 2017",Stuart Attwell,12,13,2,5,25,7
Swansea City,Huddersfield Town,"Saturday October 14, 2017",Paul Tierney,13,21,1,5,34,6
Watford,Arsenal,"Saturday October 14, 2017",Niel Swarbrick,9,13,1,0,22,1
Brighton & Hove Albion,Everton,"Sunday October 15, 2017",Michael Oliver,17,10,4,1,27,5
Southampton,Newcastle United,"Sunday October 15, 2017",Kevin Friend,12,12,1,2,24,3
Leicester City,West Bromwich Albion,"Monday October 16, 2017",Mike Dean,14,7,2,2,21,4
West Ham United,Brighton & Hove Albion,"Friday October 20, 2017",Martin Atkinson,5,13,1,0,18,1
Chelsea,Watford,"Saturday October 21, 2017",Jonathan Moss,14,20,2,3,34,5
Huddersfield Town,Manchester United,"Saturday October 21, 2017",Lee Mason,11,13,4,2,24,6
Newcastle United,Crystal Palace,"Saturday October 21, 2017",Stuart Attwell,14,14,4,2,28,6
Swansea City,Leicester City,"Saturday October 21, 2017",Michael Oliver,10,13,0,1,23,1
Stoke City,Bournemouth,"Saturday October 21, 2017",Lee Probert,19,12,0,1,31,1
Manchester City,Burnley,"Saturday October 21, 2017",Roger East,11,7,2,3,18,5
Southampton,West Bromwich Albion,"Saturday October 21, 2017",Graham Scott,14,9,0,1,23,1
Everton,Arsenal,"Sunday October 22, 2017",Craig Pawson,14,16,4,1,30,5
Tottenham Hotspur,Liverpool,"Sunday October 22, 2017",Andre Marriner,2,9,0,1,11,1
Manchester United,Tottenham Hotspur,"Saturday October 28, 2017",Jonathan Moss,12,18,1,0,30,1
Watford,Stoke City,"Saturday October 28, 2017",Michael Oliver,12,10,4,4,22,8
Arsenal,Swansea City,"Saturday October 28, 2017",Lee Mason,12,9,0,0,21,0
Crystal Palace,West Ham United,"Saturday October 28, 2017",Robert Madley,22,16,1,2,38,3
West Bromwich Albion,Manchester City,"Saturday October 28, 2017",Mike Jones,16,8,2,3,24,5
Liverpool,Huddersfield Town,"Saturday October 28, 2017",Kevin Friend,11,11,0,1,22,1
Bournemouth,Chelsea,"Saturday October 28, 2017",Craig Pawson,6,5,2,0,11,2
Brighton & Hove Albion,Southampton,"Sunday October 29, 2017",Niel Swarbrick,11,12,3,1,23,4
Leicester City,Everton,"Sunday October 29, 2017",Andre Marriner,8,15,0,2,23,2
Burnley,Newcastle United,"Monday October 30, 2017",Mike Dean,10,11,3,0,21,3
Stoke City,Leicester City,"Saturday November 4, 2017",Robert Madley,13,10,0,0,23,0
Southampton,Burnley,"Saturday November 4, 2017",Lee Probert,3,4,0,0,7,0
Swansea City,Brighton & Hove Albion,"Saturday November 4, 2017",Mike Dean,14,14,2,1,28,3
Newcastle United,Bournemouth,"Saturday November 4, 2017",Paul Tierney,14,12,2,2,26,4
Huddersfield Town,West Bromwich Albion,"Saturday November 4, 2017",Roger East,8,14,4,4,22,8
West Ham United,Liverpool,"Saturday November 4, 2017",Niel Swarbrick,9,15,3,0,24,3
Tottenham Hotspur,Crystal Palace,"Sunday November 5, 2017",Kevin Friend,7,13,0,2,20,2
Manchester City,Arsenal,"Sunday November 5, 2017",Michael Oliver,18,21,1,6,39,7
Everton,Watford,"Sunday November 5, 2017",Graham Scott,15,17,0,2,32,2
Chelsea,Manchester United,"Sunday November 5, 2017",Anthony Taylor,18,23,1,3,41,4
Arsenal,Tottenham Hotspur,"Saturday November 18, 2017",Mike Dean,16,18,4,1,34,5
Burnley,Swansea City,"Saturday November 18, 2017",Martin Atkinson,13,12,1,1,25,2
Crystal Palace,Everton,"Saturday November 18, 2017",Anthony Taylor,9,25,2,3,34,5
Bournemouth,Huddersfield Town,"Saturday November 18, 2017",Lee Probert,13,10,6,2,23,8
Liverpool,Southampton,"Saturday November 18, 2017",Mike Jones,15,13,1,1,28,2
West Bromwich Albion,Chelsea,"Saturday November 18, 2017",Jonathan Moss,16,12,2,3,28,5
Leicester City,Manchester City,"Saturday November 18, 2017",Graham Scott,12,11,1,1,23,2
Manchester United,Newcastle United,"Saturday November 18, 2017",Craig Pawson,11,9,1,1,20,2
Watford,West Ham United,"Sunday November 19, 2017",Andre Marriner,15,12,1,4,27,5
Brighton & Hove Albion,Stoke City,"Monday November 20, 2017",Lee Mason,13,7,1,0,20,1
West Ham United,Leicester City,"Friday November 24, 2017",Martin Atkinson,12,14,1,1,26,2
Swansea City,Bournemouth,"Saturday November 25, 2017",Stuart Attwell,20,6,4,2,26,6
Tottenham Hotspur,West Bromwich Albion,"Saturday November 25, 2017",Mike Jones,10,20,1,4,30,5
Manchester United,Brighton & Hove Albion,"Saturday November 25, 2017",Niel Swarbrick,12,15,0,2,27,2
Crystal Palace,Stoke City,"Saturday November 25, 2017",Mike Dean,11,7,1,1,18,2
Newcastle United,Watford,"Saturday November 25, 2017",Chris Kavanagh,10,14,1,2,24,3
Liverpool,Chelsea,"Saturday November 25, 2017",Michael Oliver,14,11,0,0,25,0
Southampton,Everton,"Sunday November 26, 2017",Kevin Friend,6,16,0,0,22,0
Burnley,Arsenal,"Sunday November 26, 2017",Lee Mason,9,17,2,0,26,2
Huddersfield Town,Manchester City,"Sunday November 26, 2017",Craig Pawson,14,10,2,3,24,5
Brighton & Hove Albion,Crystal Palace,"Tuesday November 28, 2017",Andre Marriner,15,9,2,0,24,2
Leicester City,Tottenham Hotspur,"Tuesday November 28, 2017",Anthony Taylor,9,14,1,2,23,3
Watford,Manchester United,"Tuesday November 28, 2017",Jonathan Moss,17,13,2,1,30,3
West Bromwich Albion,Newcastle United,"Tuesday November 28, 2017",Lee Probert,14,13,0,0,27,0
Arsenal,Huddersfield Town,"Wednesday November 29, 2017",Graham Scott,12,16,0,1,28,1
Chelsea,Swansea City,"Wednesday November 29, 2017",Niel Swarbrick,9,8,1,0,17,1
Bournemouth,Burnley,"Wednesday November 29, 2017",Roger East,9,13,0,1,22,1
Manchester City,Southampton,"Wednesday November 29, 2017",Paul Tierney,13,13,1,1,26,2
Everton,West Ham United,"Wednesday November 29, 2017",Michael Oliver,19,8,2,1,27,3
Stoke City,Liverpool,"Wednesday November 29, 2017",Martin Atkinson,9,11,1,5,20,6
Chelsea,Newcastle United,"Saturday December 2, 2017",Kevin Friend,9,16,0,1,25,1
Everton,Huddersfield Town,"Saturday December 2, 2017",Chris Kavanagh,13,10,2,1,23,3
Stoke City,Swansea City,"Saturday December 2, 2017",Craig Pawson,16,13,2,0,29,2
Watford,Tottenham Hotspur,"Saturday December 2, 2017",Martin Atkinson,17,7,4,1,24,5
Leicester City,Burnley,"Saturday December 2, 2017",Paul Tierney,5,13,0,2,18,2
West Bromwich Albion,Crystal Palace,"Saturday December 2, 2017",Michael Oliver,15,14,3,1,29,4
Brighton & Hove Albion,Liverpool,"Saturday December 2, 2017",Graham Scott,9,7,1,0,16,1
Arsenal,Manchester United,"Saturday December 2, 2017",Andre Marriner,10,11,3,2,21,5
Bournemouth,Southampton,"Sunday December 3, 2017",Jonathan Moss,9,13,2,1,22,3
Manchester City,West Ham United,"Sunday December 3, 2017",Mike Dean,6,8,2,2,14,4
West Ham United,Chelsea,"Saturday December 9, 2017",Anthony Taylor,13,14,6,1,27,7
Swansea City,West Bromwich Albion,"Saturday December 9, 2017",Mike Dean,10,21,2,5,31,7
Tottenham Hotspur,Stoke City,"Saturday December 9, 2017",Roger East,13,11,1,0,24,1
Crystal Palace,Bournemouth,"Saturday December 9, 2017",Kevin Friend,14,15,5,2,29,7
Burnley,Watford,"Saturday December 9, 2017",Lee Probert,10,11,1,0,21,1
Huddersfield Town,Brighton & Hove Albion,"Saturday December 9, 2017",Stuart Attwell,7,12,0,0,19,0
Newcastle United,Leicester City,"Saturday December 9, 2017",Niel Swarbrick,11,8,2,1,19,3
Southampton,Arsenal,"Sunday December 10, 2017",Robert Madley,13,12,2,2,25,4
Liverpool,Everton,"Sunday December 10, 2017",Craig Pawson,8,19,1,3,27,4
Manchester United,Manchester City,"Sunday December 10, 2017",Michael Oliver,18,15,4,2,33,6
Burnley,Stoke City,"Tuesday December 12, 2017",Mike Jones,6,16,0,0,22,0
Huddersfield Town,Chelsea,"Tuesday December 12, 2017",Andre Marriner,12,5,0,0,17,0
Crystal Palace,Watford,"Tuesday December 12, 2017",Lee Mason,15,18,2,4,33,6
Southampton,Leicester City,"Wednesday December 13, 2017",Chris Kavanagh,14,10,1,0,24,1
Swansea City,Manchester City,"Wednesday December 13, 2017",Anthony Taylor,12,11,0,0,23,0
Newcastle United,Everton,"Wednesday December 13, 2017",Martin Atkinson,11,11,4,2,22,6
Manchester United,Bournemouth,"Wednesday December 13, 2017",Graham Scott,16,15,1,2,31,3
Tottenham Hotspur,Brighton & Hove Albion,"Wednesday December 13, 2017",Robert Madley,6,13,1,1,19,2
Liverpool,West Bromwich Albion,"Wednesday December 13, 2017",Paul Tierney,16,11,1,1,27,2
West Ham United,Arsenal,"Wednesday December 13, 2017",Jonathan Moss,15,9,2,0,24,2
Leicester City,Crystal Palace,"Saturday December 16, 2017",Martin Atkinson,15,13,5,2,28,7
Brighton & Hove Albion,Burnley,"Saturday December 16, 2017",Chris Kavanagh,16,16,4,2,32,6
Chelsea,Southampton,"Saturday December 16, 2017",Roger East,8,19,1,3,27,4
Arsenal,Newcastle United,"Saturday December 16, 2017",Stuart Attwell,15,9,2,1,24,3
Watford,Huddersfield Town,"Saturday December 16, 2017",Michael Oliver,13,17,2,4,30,6
Stoke City,West Ham United,"Saturday December 16, 2017",Graham Scott,14,16,2,1,30,3
Manchester City,Tottenham Hotspur,"Saturday December 16, 2017",Craig Pawson,14,20,2,4,34,6
West Bromwich Albion,Manchester United,"Sunday December 17, 2017",Anthony Taylor,15,7,1,3,22,4
Bournemouth,Liverpool,"Sunday December 17, 2017",Andre Marriner,5,10,1,1,15,2
Everton,Swansea City,"Monday December 18, 2017",Jonathan Moss,11,16,2,3,27,5
Arsenal,Liverpool,"Friday December 22, 2017",Martin Atkinson,13,12,1,0,25,1
Everton,Chelsea,"Saturday December 23, 2017",Robert Madley,13,6,3,0,19,3
Southampton,Huddersfield Town,"Saturday December 23, 2017",Lee Probert,17,9,2,1,26,3
Brighton & Hove Albion,Watford,"Saturday December 23, 2017",Paul Tierney,11,13,0,0,24,0
Stoke City,West Bromwich Albion,"Saturday December 23, 2017",Niel Swarbrick,10,13,1,0,23,1
Swansea City,Crystal Palace,"Saturday December 23, 2017",Craig Pawson,18,13,2,3,31,5
West Ham United,Newcastle United,"Saturday December 23, 2017",Lee Mason,10,13,1,1,23,2
Manchester City,Bournemouth,"Saturday December 23, 2017",Mike Jones,12,8,0,1,20,1
Burnley,Tottenham Hotspur,"Saturday December 23, 2017",Michael Oliver,13,12,1,2,25,3
Leicester City,Manchester United,"Saturday December 23, 2017",Jonathan Moss,20,9,5,2,29,7
Tottenham Hotspur,Southampton,"Tuesday December 26, 2017",Graham Scott,9,16,0,2,25,2
Manchester United,Burnley,"Tuesday December 26, 2017",Martin Atkinson,11,16,3,7,27,10
Chelsea,Brighton & Hove Albion,"Tuesday December 26, 2017",Mike Dean,9,12,0,1,21,1
Watford,Leicester City,"Tuesday December 26, 2017",Chris Kavanagh,11,16,3,3,27,6
West Bromwich Albion,Everton,"Tuesday December 26, 2017",Roger East,15,13,2,0,28,2
Huddersfield Town,Stoke City,"Tuesday December 26, 2017",Anthony Taylor,9,14,2,4,23,6
Bournemouth,West Ham United,"Tuesday December 26, 2017",Stuart Attwell,13,17,3,4,30,7
Liverpool,Swansea City,"Tuesday December 26, 2017",Kevin Friend,6,15,0,1,21,1
Newcastle United,Manchester City,"Wednesday December 27, 2017",Andre Marriner,11,9,1,0,20,1
Crystal Palace,Arsenal,"Thursday December 28, 2017",Michael Oliver,14,10,1,1,24,2
Newcastle United,Brighton & Hove Albion,"Saturday December 30, 2017",Anthony Taylor,11,12,2,2,23,4
Liverpool,Leicester City,"Saturday December 30, 2017",Niel Swarbrick,9,4,3,2,13,5
Chelsea,Stoke City,"Saturday December 30, 2017",Kevin Friend,4,12,1,1,16,2
Huddersfield Town,Burnley,"Saturday December 30, 2017",Paul Tierney,16,14,2,1,30,3
Watford,Swansea City,"Saturday December 30, 2017",Martin Atkinson,18,17,4,2,35,6
Bournemouth,Everton,"Saturday December 30, 2017",Lee Probert,9,15,0,0,24,0
Manchester United,Southampton,"Saturday December 30, 2017",Craig Pawson,13,18,2,4,31,6
Crystal Palace,Manchester City,"Sunday December 31, 2017",Jonathan Moss,16,12,5,4,28,9
West Bromwich Albion,Arsenal,"Sunday December 31, 2017",Mike Dean,16,10,3,3,26,6
Brighton & Hove Albion,Bournemouth,"Monday January 1, 2018",Michael Oliver,17,12,2,1,29,3
Burnley,Liverpool,"Monday January 1, 2018",Roger East,6,14,0,0,20,0
Leicester City,Huddersfield Town,"Monday January 1, 2018",Graham Scott,9,10,1,1,19,2
Stoke City,Newcastle United,"Monday January 1, 2018",Chris Kavanagh,13,13,3,1,26,4
Everton,Manchester United,"Monday January 1, 2018",Andre Marriner,15,11,2,0,26,2
Southampton,Crystal Palace,"Tuesday January 2, 2018",Stuart Attwell,10,13,0,1,23,1
West Ham United,West Bromwich Albion,"Tuesday January 2, 2018",Mike Jones,15,19,3,2,34,5
Swansea City,Tottenham Hotspur,"Tuesday January 2, 2018",Robert Madley,16,12,2,2,28,4
Manchester City,Watford,"Tuesday January 2, 2018",Lee Mason,8,13,1,1,21,2
Arsenal,Chelsea,"Wednesday January 3, 2018",Anthony Taylor,14,14,3,2,28,5
Tottenham Hotspur,West Ham United,"Thursday January 4, 2018",Mike Dean,10,9,0,2,19,2
Newcastle United,Swansea City,"Saturday January 13, 2018",Graham Scott,14,12,0,3,26,3
Crystal Palace,Burnley,"Saturday January 13, 2018",Michael Oliver,20,11,0,3,31,3
Watford,Southampton,"Saturday January 13, 2018",Roger East,11,14,0,5,25,5
Chelsea,Leicester City,"Saturday January 13, 2018",Mike Jones,16,12,2,5,28,7
West Bromwich Albion,Brighton & Hove Albion,"Saturday January 13, 2018",Martin Atkinson,9,17,0,0,26,0
Huddersfield Town,West Ham United,"Saturday January 13, 2018",Jonathan Moss,13,9,1,1,22,2
Tottenham Hotspur,Everton,"Saturday January 13, 2018",Craig Pawson,13,20,0,2,33,2
Bournemouth,Arsenal,"Sunday January 14, 2018",Kevin Friend,9,11,2,2,20,4
Liverpool,Manchester City,"Sunday January 14, 2018",Andre Marriner,13,10,2,3,23,5
Manchester United,Stoke City,"Monday January 15, 2018",Anthony Taylor,15,13,2,1,28,3
Brighton & Hove Albion,Chelsea,"Saturday January 20, 2018",Jonathan Moss,13,6,3,0,19,3
Everton,West Bromwich Albion,"Saturday January 20, 2018",Stuart Attwell,16,12,2,1,28,3
Burnley,Manchester United,"Saturday January 20, 2018",Mike Dean,9,15,3,3,24,6
Arsenal,Crystal Palace,"Saturday January 20, 2018",Chris Kavanagh,9,16,0,0,25,0
Leicester City,Watford,"Saturday January 20, 2018",Lee Probert,12,11,0,0,23,0
West Ham United,Bournemouth,"Saturday January 20, 2018",Martin Atkinson,11,9,3,1,20,4
Stoke City,Huddersfield Town,"Saturday January 20, 2018",Michael Oliver,18,12,1,1,30,2
Manchester City,Newcastle United,"Saturday January 20, 2018",Paul Tierney,6,11,0,1,17,1
Southampton,Tottenham Hotspur,"Sunday January 21, 2018",Kevin Friend,9,18,2,3,27,5
Swansea City,Liverpool,"Monday January 22, 2018",Niel Swarbrick,5,9,0,2,14,2
Swansea City,Arsenal,"Tuesday January 30, 2018",Lee Mason,5,9,0,3,14,3
West Ham United,Crystal Palace,"Tuesday January 30, 2018",Niel Swarbrick,11,17,1,3,28,4
Huddersfield Town,Liverpool,"Tuesday January 30, 2018",Kevin Friend,9,9,0,0,18,0
Southampton,Brighton & Hove Albion,"Wednesday January 31, 2018",Mike Dean,9,15,3,1,24,4
Chelsea,Bournemouth,"Wednesday January 31, 2018",Lee Probert,5,16,1,0,21,1
Everton,Leicester City,"Wednesday January 31, 2018",Chris Kavanagh,9,12,0,2,21,2
Newcastle United,Burnley,"Wednesday January 31, 2018",Simon Hooper,17,16,1,2,33,3
Stoke City,Watford,"Wednesday January 31, 2018",Jonathan Moss,14,14,4,3,28,7
Manchester City,West Bromwich Albion,"Wednesday January 31, 2018",Robert Madley,12,19,1,3,31,4
Tottenham Hotspur,Manchester United,"Wednesday January 31, 2018",Andre Marriner,12,19,2,2,31,4
Burnley,Manchester City,"Saturday February 3, 2018",Martin Atkinson,12,4,4,1,16,5
Leicester City,Swansea City,"Saturday February 3, 2018",Anthony Taylor,11,10,1,0,21,1
Bournemouth,Stoke City,"Saturday February 3, 2018",Paul Tierney,14,23,2,3,37,5
West Bromwich Albion,Southampton,"Saturday February 3, 2018",Michael Oliver,13,11,2,1,24,3
Manchester United,Huddersfield Town,"Saturday February 3, 2018",Stuart Attwell,6,21,2,4,27,6
Brighton & Hove Albion,West Ham United,"Saturday February 3, 2018",Roger East,11,8,3,1,19,4
Arsenal,Everton,"Saturday February 3, 2018",Niel Swarbrick,9,11,2,0,20,2
Crystal Palace,Newcastle United,"Sunday February 4, 2018",Andre Marriner,15,10,1,1,25,2
Liverpool,Tottenham Hotspur,"Sunday February 4, 2018",Jonathan Moss,15,11,3,1,26,4
Watford,Chelsea,"Monday February 5, 2018",Mike Dean,15,8,2,5,23,7
Tottenham Hotspur,Arsenal,"Saturday February 10, 2018",Anthony Taylor,15,13,2,1,28,3
Everton,Crystal Palace,"Saturday February 10, 2018",Jonathan Moss,17,19,1,1,36,2
Stoke City,Brighton & Hove Albion,"Saturday February 10, 2018",Robert Madley,8,12,0,0,20,0
Swansea City,Burnley,"Saturday February 10, 2018",Andre Marriner,10,11,2,1,21,3
West Ham United,Watford,"Saturday February 10, 2018",Graham Scott,11,7,1,1,18,2
Manchester City,Leicester City,"Saturday February 10, 2018",Mike Jones,11,16,2,3,27,5
Huddersfield Town,Bournemouth,"Sunday February 11, 2018",Michael Oliver,14,13,0,3,27,3
Newcastle United,Manchester United,"Sunday February 11, 2018",Craig Pawson,13,15,0,2,28,2
Southampton,Liverpool,"Sunday February 11, 2018",Martin Atkinson,6,9,1,2,15,3
Chelsea,West Bromwich Albion,"Monday February 12, 2018",Lee Mason,12,13,0,2,25,2
Leicester City,Stoke City,"Saturday February 24, 2018",Michael Oliver,12,18,1,3,30,4
Burnley,Southampton,"Saturday February 24, 2018",Robert Madley,9,17,1,0,26,1
West Bromwich Albion,Huddersfield Town,"Saturday February 24, 2018",Jonathan Moss,14,12,1,1,26,2
Liverpool,West Ham United,"Saturday February 24, 2018",Stuart Attwell,7,7,0,2,14,2
Bournemouth,Newcastle United,"Saturday February 24, 2018",Roger East,12,10,1,4,22,5
Brighton & Hove Albion,Swansea City,"Saturday February 24, 2018",Mike Dean,18,6,1,0,24,1
Watford,Everton,"Saturday February 24, 2018",Anthony Taylor,12,12,3,1,24,4
Crystal Palace,Tottenham Hotspur,"Sunday February 25, 2018",Kevin Friend,14,7,0,1,21,1
Manchester United,Chelsea,"Sunday February 25, 2018",Martin Atkinson,16,16,2,2,32,4
Arsenal,Manchester City,"Thursday March 1, 2018",Andre Marriner,16,14,1,1,30,2
Burnley,Everton,"Saturday March 3, 2018",Chris Kavanagh,13,14,1,1,27,2
Swansea City,West Ham United,"Saturday March 3, 2018",Martin Atkinson,9,14,0,3,23,3
Tottenham Hotspur,Huddersfield Town,"Saturday March 3, 2018",Kevin Friend,6,10,1,1,16,2
Southampton,Stoke City,"Saturday March 3, 2018",Anthony Taylor,9,15,0,1,24,1
Leicester City,Bournemouth,"Saturday March 3, 2018",Lee Probert,12,7,2,1,19,3
Watford,West Bromwich Albion,"Saturday March 3, 2018",Paul Tierney,11,13,2,0,24,2
Liverpool,Newcastle United,"Saturday March 3, 2018",Graham Scott,8,10,0,0,18,0
Brighton & Hove Albion,Arsenal,"Sunday March 4, 2018",Stuart Attwell,19,12,3,3,31,6
Manchester City,Chelsea,"Sunday March 4, 2018",Michael Oliver,9,10,2,1,19,3
Crystal Palace,Manchester United,"Monday March 5, 2018",Niel Swarbrick,11,9,1,3,20,4
Manchester United,Liverpool,"Saturday March 10, 2018",Craig Pawson,14,18,2,1,32,3
Huddersfield Town,Swansea City,"Saturday March 10, 2018",Michael Oliver,9,9,2,3,18,5
West Bromwich Albion,Leicester City,"Saturday March 10, 2018",Robert Madley,8,7,1,3,15,4
Everton,Brighton & Hove Albion,"Saturday March 10, 2018",Roger East,10,13,0,1,23,1
Newcastle United,Southampton,"Saturday March 10, 2018",Andre Marriner,11,12,0,2,23,2
West Ham United,Burnley,"Saturday March 10, 2018",Lee Mason,13,10,2,2,23,4
Chelsea,Crystal Palace,"Saturday March 10, 2018",Anthony Taylor,10,9,1,2,19,3
Arsenal,Watford,"Sunday March 11, 2018",Martin Atkinson,13,12,2,1,25,3
Bournemouth,Tottenham Hotspur,"Sunday March 11, 2018",Mike Dean,10,9,1,1,19,2
Stoke City,Manchester City,"Monday March 12, 2018",Jonathan Moss,10,7,1,0,17,1
Bournemouth,West Bromwich Albion,"Saturday March 17, 2018",Graham Scott,8,11,1,2,19,3
Stoke City,Everton,"Saturday March 17, 2018",Martin Atkinson,16,13,1,1,29,2
Huddersfield Town,Crystal Palace,"Saturday March 17, 2018",Mike Dean,15,17,3,2,32,5
Liverpool,Watford,"Saturday March 17, 2018",Anthony Taylor,6,5,1,0,11,1
Crystal Palace,Liverpool,"Saturday March 31, 2018",Niel Swarbrick,7,11,2,2,18,4
Watford,Bournemouth,"Saturday March 31, 2018",Andy Madley,17,8,4,0,25,4
Brighton & Hove Albion,Leicester City,"Saturday March 31, 2018",Chris Kavanagh,13,13,2,7,26,9
West Bromwich Albion,Burnley,"Saturday March 31, 2018",Lee Probert,15,9,1,3,24,4
Newcastle United,Huddersfield Town,"Saturday March 31, 2018",Martin Atkinson,10,10,1,4,20,5
Manchester United,Swansea City,"Saturday March 31, 2018",Robert Madley,8,15,0,0,23,0
West Ham United,Southampton,"Saturday March 31, 2018",Jonathan Moss,10,17,0,3,27,3
Everton,Manchester City,"Saturday March 31, 2018",Paul Tierney,11,8,0,0,19,0
Arsenal,Stoke City,"Sunday April 1, 2018",Craig Pawson,11,15,1,2,26,3
Chelsea,Tottenham Hotspur,"Sunday April 1, 2018",Andre Marriner,9,15,0,1,24,1
Everton,Liverpool,"Saturday April 7, 2018",Michael Oliver,14,8,0,0,22,0
Leicester City,Newcastle United,"Saturday April 7, 2018",Stuart Attwell,7,14,1,3,21,4
Brighton & Hove Albion,Huddersfield Town,"Saturday April 7, 2018",Anthony Taylor,16,9,1,0,25,1
Stoke City,Tottenham Hotspur,"Saturday April 7, 2018",Graham Scott,26,9,4,3,35,7
Bournemouth,Crystal Palace,"Saturday April 7, 2018",Jonathan Moss,10,12,2,2,22,4
Watford,Burnley,"Saturday April 7, 2018",Paul Tierney,19,14,2,2,33,4
West Bromwich Albion,Swansea City,"Saturday April 7, 2018",Roger East,16,7,3,2,23,5
Manchester City,Manchester United,"Saturday April 7, 2018",Martin Atkinson,17,11,6,3,28,9
Arsenal,Southampton,"Sunday April 8, 2018",Andre Marriner,12,8,2,1,20,3
Chelsea,West Ham United,"Sunday April 8, 2018",Kevin Friend,9,12,0,1,21,1
Southampton,Chelsea,"Saturday April 14, 2018",Mike Dean,15,15,5,3,30,8
Burnley,Leicester City,"Saturday April 14, 2018",Martin Atkinson,14,13,2,1,27,3
Crystal Palace,Brighton & Hove Albion,"Saturday April 14, 2018",Andre Marriner,13,17,3,2,30,5
Swansea City,Everton,"Saturday April 14, 2018",Lee Mason,11,12,1,1,23,2
Huddersfield Town,Watford,"Saturday April 14, 2018",Craig Pawson,10,8,2,2,18,4
Liverpool,Bournemouth,"Saturday April 14, 2018",Chris Kavanagh,9,16,1,1,25,2
Tottenham Hotspur,Manchester City,"Saturday April 14, 2018",Jonathan Moss,12,14,3,4,26,7
Newcastle United,Arsenal,"Sunday April 15, 2018",Anthony Taylor,13,9,1,0,22,1
Manchester United,West Bromwich Albion,"Sunday April 15, 2018",Paul Tierney,9,18,1,1,27,2
West Ham United,Stoke City,"Monday April 16, 2018",Michael Oliver,15,22,2,3,37,5
Brighton & Hove Albion,Tottenham Hotspur,"Tuesday April 17, 2018",Kevin Friend,14,5,1,0,19,1
Bournemouth,Manchester United,"Wednesday April 18, 2018",Graham Scott,10,13,3,1,23,4
Burnley,Chelsea,"Thursday April 19, 2018",Robert Madley,10,11,1,0,21,1
Leicester City,Southampton,"Thursday April 19, 2018",Roger East,10,11,0,0,21,0
West Bromwich Albion,Liverpool,"Saturday April 21, 2018",Stuart Attwell,14,5,0,1,19,1
Watford,Crystal Palace,"Saturday April 21, 2018",Chris Kavanagh,25,13,3,5,38,8
Stoke City,Burnley,"Sunday April 22, 2018",Mike Dean,19,8,2,1,27,3
Arsenal,West Ham United,"Sunday April 22, 2018",Lee Mason,12,10,3,2,22,5
Manchester City,Swansea City,"Sunday April 22, 2018",Craig Pawson,6,7,0,1,13,1
Everton,Newcastle United,"Monday April 23, 2018",Robert Madley,13,16,2,1,29,3
Liverpool,Stoke City,"Saturday April 28, 2018",Andre Marriner,5,14,1,2,19,3
Burnley,Brighton & Hove Albion,"Saturday April 28, 2018",Roger East,5,19,0,2,24,2
Huddersfield Town,Everton,"Saturday April 28, 2018",Lee Probert,14,8,1,0,22,1
Southampton,Bournemouth,"Saturday April 28, 2018",Anthony Taylor,16,11,5,1,27,6
Crystal Palace,Leicester City,"Saturday April 28, 2018",Mike Dean,15,15,1,1,30,2
Newcastle United,West Bromwich Albion,"Saturday April 28, 2018",David Coote,8,13,1,3,21,4
Swansea City,Chelsea,"Saturday April 28, 2018",Jonathan Moss,15,11,1,1,26,2
West Ham United,Manchester City,"Sunday April 29, 2018",Niel Swarbrick,8,12,0,1,20,1
Manchester United,Arsenal,"Sunday April 29, 2018",Kevin Friend,15,7,0,1,22,1
Tottenham Hotspur,Watford,"Monday April 30, 2018",Michael Oliver,12,13,1,0,25,1
Brighton & Hove Albion,Manchester United,"Friday May 4, 2018",Craig Pawson,8,3,2,0,11,2
Stoke City,Crystal Palace,"Saturday May 5, 2018",Martin Atkinson,23,13,5,2,36,7
Bournemouth,Swansea City,"Saturday May 5, 2018",Kevin Friend,12,11,1,4,23,5
Watford,Newcastle United,"Saturday May 5, 2018",Roger East,10,14,2,1,24,3
West Bromwich Albion,Tottenham Hotspur,"Saturday May 5, 2018",Mike Jones,15,13,4,1,28,5
Leicester City,West Ham United,"Saturday May 5, 2018",Chris Kavanagh,14,11,1,2,25,3
Everton,Southampton,"Saturday May 5, 2018",Jonathan Moss,19,13,2,7,32,9
Manchester City,Huddersfield Town,"Sunday May 6, 2018",Mike Dean,9,5,0,3,14,3
Chelsea,Liverpool,"Sunday May 6, 2018",Anthony Taylor,14,9,3,2,23,5
Arsenal,Burnley,"Sunday May 6, 2018",Andre Marriner,8,10,0,1,18,1
Swansea City,Southampton,"Tuesday May 8, 2018",Michael Oliver,9,17,2,1,26,3
Leicester City,Arsenal,"Wednesday May 9, 2018",Graham Scott,8,13,2,2,21,4
Chelsea,Huddersfield Town,"Wednesday May 9, 2018",Lee Mason,8,11,0,1,19,1
Manchester City,Brighton & Hove Albion,"Wednesday May 9, 2018",Paul Tierney,5,10,0,1,15,1
Tottenham Hotspur,Newcastle United,"Wednesday May 9, 2018",Niel Swarbrick,10,12,2,3,22,5
West Ham United,Manchester United,"Thursday May 10, 2018",Jonathan Moss,17,14,1,1,31,2
Southampton,Manchester City,"Sunday May 13, 2018",Andre Marriner,10,10,3,2,20,5
Swansea City,Stoke City,"Sunday May 13, 2018",Anthony Taylor,13,10,1,2,23,3
Manchester United,Watford,"Sunday May 13, 2018",Lee Mason,6,11,4,0,17,4
Burnley,Bournemouth,"Sunday May 13, 2018",Paul Tierney,15,12,0,0,27,0
Newcastle United,Chelsea,"Sunday May 13, 2018",Martin Atkinson,13,10,0,1,23,1
West Ham United,Everton,"Sunday May 13, 2018",Graham Scott,11,13,0,1,24,1
Huddersfield Town,Arsenal,"Sunday May 13, 2018",Michael Oliver,15,8,1,0,23,1
Tottenham Hotspur,Leicester City,"Sunday May 13, 2018",Craig Pawson,11,16,1,2,27,3
Crystal Palace,West Bromwich Albion,"Sunday May 13, 2018",Jonathan Moss,11,16,2,3,27,5
Liverpool,Brighton & Hove Albion,"Sunday May 13, 2018",Kevin Friend,3,10,0,0,13,0
Crystal Palace,Arsenal,"Friday August 5, 2022",A Taylor,16,11,1,2,27,3
Fulham,Liverpool,"Saturday August 6, 2022",A Madley,7,9,2,0,16,2
Bournemouth,Aston Villa,"Saturday August 6, 2022",P Bankes,18,16,3,3,34,6
Leeds,Wolves,"Saturday August 6, 2022",R Jones,13,9,2,0,22,2
Newcastle,Nott'm Forest,"Saturday August 6, 2022",S Hooper,9,14,0,3,23,3
Tottenham,Southampton,"Saturday August 6, 2022",A Marriner,11,6,3,0,17,3
Everton,Chelsea,"Saturday August 6, 2022",C Pawson,14,11,3,2,25,5
Leicester,Brentford,"Sunday August 7, 2022",J Gillett,6,5,0,0,11,0
Man United,Brighton,"Sunday August 7, 2022",P Tierney,7,12,4,1,19,5
West Ham,Man City,"Sunday August 7, 2022",M Oliver,8,4,0,1,12,1
Aston Villa,Everton,"Saturday August 13, 2022",M Oliver,9,7,4,1,16,5
Arsenal,Leicester,"Saturday August 13, 2022",D England,15,9,1,1,24,2
Brighton,Newcastle,"Saturday August 13, 2022",G Scott,8,6,2,3,14,5
Man City,Bournemouth,"Saturday August 13, 2022",D Coote,9,9,0,3,18,3
Southampton,Leeds,"Saturday August 13, 2022",T Harrington,10,12,1,3,22,4
Wolves,Fulham,"Saturday August 13, 2022",J Brooks,7,14,3,3,21,6
Brentford,Man United,"Saturday August 13, 2022",S Attwell,6,15,0,4,21,4
Nott'm Forest,West Ham,"Sunday August 14, 2022",R Jones,10,11,4,1,21,5
Chelsea,Tottenham,"Sunday August 14, 2022",A Taylor,9,9,3,0,18,3
Liverpool,Crystal Palace,"Monday August 15, 2022",P Tierney,7,8,2,4,15,6
Tottenham,Wolves,"Saturday August 20, 2022",S Hooper,10,8,2,2,18,4
Crystal Palace,Aston Villa,"Saturday August 20, 2022",A Madley,16,14,2,1,30,3
Everton,Nott'm Forest,"Saturday August 20, 2022",A Marriner,6,9,3,2,15,5
Fulham,Brentford,"Saturday August 20, 2022",P Bankes,13,7,3,2,20,5
Leicester,Southampton,"Saturday August 20, 2022",M Salisbury,11,15,2,3,26,5
Bournemouth,Arsenal,"Saturday August 20, 2022",C Pawson,12,10,2,1,22,3
Leeds,Chelsea,"Sunday August 21, 2022",S Attwell,16,15,0,1,31,1
West Ham,Brighton,"Sunday August 21, 2022",A Taylor,10,7,2,0,17,2
Newcastle,Man City,"Sunday August 21, 2022",J Gillett,14,7,4,2,21,6
Man United,Liverpool,"Monday August 22, 2022",M Oliver,11,7,3,1,18,4
Southampton,Man United,"Saturday August 27, 2022",A Madley,4,14,0,3,18,3
Brentford,Everton,"Saturday August 27, 2022",J Brooks,8,8,2,2,16,4
Brighton,Leeds,"Saturday August 27, 2022",M Salisbury,10,14,2,3,24,5
Chelsea,Leicester,"Saturday August 27, 2022",P Tierney,10,7,1,2,17,3
Liverpool,Bournemouth,"Saturday August 27, 2022",S Attwell,6,5,0,1,11,1
Man City,Crystal Palace,"Saturday August 27, 2022",D England,14,8,1,2,22,3
Arsenal,Fulham,"Saturday August 27, 2022",J Gillett,6,12,2,3,18,5
Aston Villa,West Ham,"Sunday August 28, 2022",D Coote,10,10,2,0,20,2
Wolves,Newcastle,"Sunday August 28, 2022",P Bankes,10,11,2,1,21,3
Nott'm Forest,Tottenham,"Sunday August 28, 2022",C Pawson,11,13,6,1,24,7
Crystal Palace,Brentford,"Tuesday August 30, 2022",S Hooper,11,8,1,2,19,3
Fulham,Brighton,"Tuesday August 30, 2022",T Bramall,9,11,2,1,20,3
Southampton,Chelsea,"Tuesday August 30, 2022",M Oliver,15,10,2,1,25,3
Leeds,Everton,"Tuesday August 30, 2022",D England,10,9,3,3,19,6
Arsenal,Aston Villa,"Wednesday August 31, 2022",R Jones,10,14,2,3,24,5
Bournemouth,Wolves,"Wednesday August 31, 2022",A Taylor,12,12,2,1,24,3
Man City,Nott'm Forest,"Wednesday August 31, 2022",P Tierney,9,7,0,1,16,1
West Ham,Tottenham,"Wednesday August 31, 2022",P Bankes,10,9,2,5,19,7
Liverpool,Newcastle,"Wednesday August 31, 2022",A Marriner,9,10,0,2,19,2
Leicester,Man United,"Thursday September 1, 2022",C Pawson,7,15,1,3,22,4
Everton,Liverpool,"Saturday September 3, 2022",A Taylor,7,11,2,2,18,4
Brentford,Leeds,"Saturday September 3, 2022",R Jones,8,9,2,2,17,4
Chelsea,West Ham,"Saturday September 3, 2022",A Madley,6,11,4,2,17,6
Newcastle,Crystal Palace,"Saturday September 3, 2022",M Salisbury,19,12,2,1,31,3
Nott'm Forest,Bournemouth,"Saturday September 3, 2022",M Oliver,13,10,2,1,23,3
Tottenham,Fulham,"Saturday September 3, 2022",S Attwell,9,6,3,4,15,7
Wolves,Southampton,"Saturday September 3, 2022",J Brooks,10,14,4,2,24,6
Aston Villa,Man City,"Saturday September 3, 2022",S Hooper,7,6,2,0,13,2
Brighton,Leicester,"Sunday September 4, 2022",T Harrington,6,8,1,1,14,2
Man United,Arsenal,"Sunday September 4, 2022",P Tierney,13,9,3,3,22,6
Aston Villa,Southampton,"Friday September 16, 2022",T Harrington,13,13,3,1,26,4
Nott'm Forest,Fulham,"Friday September 16, 2022",J Gillett,11,10,2,4,21,6
Wolves,Man City,"Saturday September 17, 2022",A Taylor,7,9,2,1,16,3
Newcastle,Bournemouth,"Saturday September 17, 2022",C Pawson,10,11,2,2,21,4
Tottenham,Leicester,"Saturday September 17, 2022",S Hooper,9,9,1,2,18,3
Brentford,Arsenal,"Sunday September 18, 2022",D Coote,10,10,0,2,20,2
Everton,West Ham,"Sunday September 18, 2022",M Oliver,8,11,3,1,19,4
Arsenal,Tottenham,"Saturday October 1, 2022",A Taylor,10,10,2,1,20,3
Bournemouth,Brentford,"Saturday October 1, 2022",T Bramall,11,10,1,2,21,3
Crystal Palace,Chelsea,"Saturday October 1, 2022",C Kavanagh,11,13,1,3,24,4
Fulham,Newcastle,"Saturday October 1, 2022",D England,9,10,2,0,19,2
Liverpool,Brighton,"Saturday October 1, 2022",A Madley,9,13,1,1,22,2
Southampton,Everton,"Saturday October 1, 2022",A Marriner,11,10,2,2,21,4
West Ham,Wolves,"Saturday October 1, 2022",P Tierney,8,6,2,2,14,4
Man City,Man United,"Sunday October 2, 2022",M Oliver,3,9,0,3,12,3
Leeds,Aston Villa,"Sunday October 2, 2022",S Attwell,23,12,3,2,35,5
Leicester,Nott'm Forest,"Monday October 3, 2022",R Jones,13,12,2,4,25,6
Bournemouth,Leicester,"Saturday October 8, 2022",M Salisbury,8,16,1,2,24,3
Chelsea,Wolves,"Saturday October 8, 2022",S Hooper,8,8,2,0,16,2
Man City,Southampton,"Saturday October 8, 2022",A Madley,4,8,0,1,12,1
Newcastle,Brentford,"Saturday October 8, 2022",J Brooks,14,9,0,1,23,1
Brighton,Tottenham,"Saturday October 8, 2022",T Harrington,9,14,1,2,23,3
Crystal Palace,Leeds,"Sunday October 9, 2022",P Tierney,13,23,3,3,36,6
West Ham,Fulham,"Sunday October 9, 2022",C Kavanagh,9,7,1,3,16,4
Arsenal,Liverpool,"Sunday October 9, 2022",M Oliver,11,11,1,2,22,3
Everton,Man United,"Sunday October 9, 2022",D Coote,7,13,2,1,20,3
Nott'm Forest,Aston Villa,"Monday October 10, 2022",A Taylor,13,19,3,3,32,6
Brentford,Brighton,"Friday October 14, 2022",M Salisbury,12,15,3,1,27,4
Leicester,Crystal Palace,"Saturday October 15, 2022",A Madley,18,13,2,2,31,4
Fulham,Bournemouth,"Saturday October 15, 2022",G Scott,9,11,2,0,20,2
Wolves,Nott'm Forest,"Saturday October 15, 2022",T Bramall,17,13,2,2,30,4
Tottenham,Everton,"Saturday October 15, 2022",P Tierney,12,13,1,4,25,5
Aston Villa,Chelsea,"Sunday October 16, 2022",R Jones,12,11,0,3,23,3
Leeds,Arsenal,"Sunday October 16, 2022",C Kavanagh,10,11,0,2,21,2
Man United,Newcastle,"Sunday October 16, 2022",C Pawson,13,11,3,1,24,4
Southampton,West Ham,"Sunday October 16, 2022",P Bankes,7,3,1,1,10,2
Liverpool,Man City,"Sunday October 16, 2022",A Taylor,10,7,3,1,17,4
Brighton,Nott'm Forest,"Tuesday October 18, 2022",D England,10,14,3,1,24,4
Crystal Palace,Wolves,"Tuesday October 18, 2022",D Coote,14,18,3,1,32,4
Bournemouth,Southampton,"Wednesday October 19, 2022",J Brooks,8,13,1,3,21,4
Brentford,Chelsea,"Wednesday October 19, 2022",J Gillett,7,7,0,0,14,0
Liverpool,West Ham,"Wednesday October 19, 2022",S Attwell,9,8,0,0,17,0
Newcastle,Everton,"Wednesday October 19, 2022",T Harrington,9,12,2,4,21,6
Man United,Tottenham,"Wednesday October 19, 2022",S Hooper,7,7,1,0,14,1
Fulham,Aston Villa,"Thursday October 20, 2022",M Oliver,11,11,0,2,22,2
Leicester,Leeds,"Thursday October 20, 2022",P Bankes,15,11,2,1,26,3
Nott'm Forest,Liverpool,"Saturday October 22, 2022",P Tierney,14,8,2,1,22,3
Everton,Crystal Palace,"Saturday October 22, 2022",S Hooper,16,14,3,4,30,7
Man City,Brighton,"Saturday October 22, 2022",C Pawson,11,12,1,3,23,4
Chelsea,Man United,"Saturday October 22, 2022",S Attwell,8,10,1,4,18,5
Aston Villa,Brentford,"Sunday October 23, 2022",D England,14,11,1,0,25,1
Leeds,Fulham,"Sunday October 23, 2022",A Taylor,12,8,1,1,20,2
Southampton,Arsenal,"Sunday October 23, 2022",R Jones,11,8,2,1,19,3
Wolves,Leicester,"Sunday October 23, 2022",M Oliver,10,13,2,1,23,3
Tottenham,Newcastle,"Sunday October 23, 2022",J Gillett,12,6,4,2,18,6
West Ham,Bournemouth,"Monday October 24, 2022",D Coote,9,11,0,2,20,2
Leicester,Man City,"Saturday October 29, 2022",R Jones,5,10,0,0,15,0
Bournemouth,Tottenham,"Saturday October 29, 2022",A Taylor,10,5,1,2,15,3
Brentford,Wolves,"Saturday October 29, 2022",R Madley,10,17,3,3,27,6
Brighton,Chelsea,"Saturday October 29, 2022",A Madley,16,6,1,2,22,3
Crystal Palace,Southampton,"Saturday October 29, 2022",M Salisbury,13,12,3,3,25,6
Newcastle,Aston Villa,"Saturday October 29, 2022",P Tierney,11,11,1,1,22,2
Fulham,Everton,"Saturday October 29, 2022",J Brooks,10,8,2,1,18,3
Liverpool,Leeds,"Saturday October 29, 2022",M Oliver,9,3,0,1,12,1
Arsenal,Nott'm Forest,"Sunday October 30, 2022",S Hooper,9,8,0,1,17,1
Man United,West Ham,"Sunday October 30, 2022",C Kavanagh,12,10,1,3,22,4
Leeds,Bournemouth,"Saturday November 5, 2022",T Harrington,16,10,2,2,26,4
Man City,Fulham,"Saturday November 5, 2022",D England,6,11,2,4,17,6
Nott'm Forest,Brentford,"Saturday November 5, 2022",A Marriner,10,11,2,2,21,4
Wolves,Brighton,"Saturday November 5, 2022",G Scott,15,11,2,0,26,2
Everton,Leicester,"Saturday November 5, 2022",D Coote,9,5,0,0,14,0
Chelsea,Arsenal,"Sunday November 6, 2022",M Oliver,20,13,5,2,33,7
Aston Villa,Man United,"Sunday November 6, 2022",A Taylor,6,12,3,3,18,6
Southampton,Newcastle,"Sunday November 6, 2022",S Attwell,7,10,1,0,17,1
West Ham,Crystal Palace,"Sunday November 6, 2022",P Tierney,10,7,1,1,17,2
Tottenham,Liverpool,"Sunday November 6, 2022",A Madley,10,8,0,0,18,0
Man City,Brentford,"Saturday November 12, 2022",P Bankes,9,7,2,2,16,4
Bournemouth,Everton,"Saturday November 12, 2022",C Pawson,12,8,2,0,20,2
Liverpool,Southampton,"Saturday November 12, 2022",S Hooper,8,8,0,2,16,2
Nott'm Forest,Crystal Palace,"Saturday November 12, 2022",J Brooks,11,13,1,4,24,5
Tottenham,Leeds,"Saturday November 12, 2022",M Salisbury,8,7,1,1,15,2
West Ham,Leicester,"Saturday November 12, 2022",J Gillett,9,8,3,1,17,4
Newcastle,Chelsea,"Saturday November 12, 2022",R Jones,14,11,3,2,25,5
Wolves,Arsenal,"Saturday November 12, 2022",S Attwell,5,6,3,2,11,5
Brighton,Aston Villa,"Sunday November 13, 2022",C Kavanagh,14,11,2,7,25,9
Fulham,Man United,"Sunday November 13, 2022",P Tierney,9,10,1,1,19,2
Brentford,Tottenham,"Monday December 26, 2022",D Coote,11,10,3,1,21,4
Crystal Palace,Fulham,"Monday December 26, 2022",A Madley,12,15,0,0,27,0
Everton,Wolves,"Monday December 26, 2022",C Pawson,9,22,1,6,31,7
Leicester,Newcastle,"Monday December 26, 2022",J Gillett,9,6,0,0,15,0
Southampton,Brighton,"Monday December 26, 2022",R Jones,9,10,1,2,19,3
Aston Villa,Liverpool,"Monday December 26, 2022",P Tierney,7,12,0,0,19,0
Arsenal,West Ham,"Monday December 26, 2022",M Oliver,13,17,0,2,30,2
Chelsea,Bournemouth,"Tuesday December 27, 2022",S Hooper,8,10,0,0,18,0
Man United,Nott'm Forest,"Tuesday December 27, 2022",A Taylor,13,4,3,1,17,4
Leeds,Man City,"Wednesday December 28, 2022",S Attwell,11,14,3,3,25,6
West Ham,Brentford,"Friday December 30, 2022",D England,9,5,1,0,14,1
Liverpool,Leicester,"Friday December 30, 2022",C Pawson,8,15,0,1,23,1
Wolves,Man United,"Saturday December 31, 2022",R Jones,11,11,1,3,22,4
Bournemouth,Crystal Palace,"Saturday December 31, 2022",A Marriner,17,11,4,1,28,5
Fulham,Southampton,"Saturday December 31, 2022",G Scott,8,13,0,1,21,1
Man City,Everton,"Saturday December 31, 2022",A Madley,13,14,3,4,27,7
Newcastle,Leeds,"Saturday December 31, 2022",S Hooper,13,19,3,5,32,8
Brighton,Arsenal,"Saturday December 31, 2022",A Taylor,7,11,3,3,18,6
Tottenham,Aston Villa,"Sunday January 1, 2023",J Brooks,15,10,4,3,25,7
Nott'm Forest,Chelsea,"Sunday January 1, 2023",P Bankes,16,14,2,2,30,4
Brentford,Liverpool,"Monday January 2, 2023",S Attwell,5,8,1,3,13,4
Arsenal,Newcastle,"Tuesday January 3, 2023",A Madley,10,16,4,4,26,8
Everton,Brighton,"Tuesday January 3, 2023",A Marriner,8,10,3,1,18,4
Leicester,Fulham,"Tuesday January 3, 2023",D Bond,12,11,2,6,23,8
Man United,Bournemouth,"Tuesday January 3, 2023",M Salisbury,13,7,0,3,20,3
Southampton,Nott'm Forest,"Wednesday January 4, 2023",T Bramall,14,17,2,2,31,4
Leeds,West Ham,"Wednesday January 4, 2023",D Coote,11,18,3,1,29,4
Aston Villa,Wolves,"Wednesday January 4, 2023",J Gillett,6,12,1,3,18,4
Crystal Palace,Tottenham,"Wednesday January 4, 2023",M Oliver,11,8,1,2,19,3
Chelsea,Man City,"Thursday January 5, 2023",P Tierney,9,9,2,0,18,2
Fulham,Chelsea,"Thursday January 12, 2023",D Coote,12,16,4,3,28,7
Aston Villa,Leeds,"Friday January 13, 2023",M Oliver,12,8,2,2,20,4
Man United,Man City,"Saturday January 14, 2023",S Attwell,15,5,3,0,20,3
Brighton,Liverpool,"Saturday January 14, 2023",D England,8,15,1,3,23,4
Everton,Southampton,"Saturday January 14, 2023",J Brooks,7,19,0,3,26,3
Nott'm Forest,Leicester,"Saturday January 14, 2023",P Tierney,11,12,1,2,23,3
Wolves,West Ham,"Saturday January 14, 2023",S Hooper,10,7,0,2,17,2
Brentford,Bournemouth,"Saturday January 14, 2023",J Gillett,5,9,1,1,14,2
Chelsea,Crystal Palace,"Sunday January 15, 2023",P Bankes,10,17,2,5,27,7
Newcastle,Fulham,"Sunday January 15, 2023",R Jones,6,14,1,3,20,4
Tottenham,Arsenal,"Sunday January 15, 2023",C Pawson,16,15,4,2,31,6
Crystal Palace,Man United,"Wednesday January 18, 2023",R Jones,9,10,1,2,19,3
Man City,Tottenham,"Thursday January 19, 2023",S Hooper,10,14,1,2,24,3
Liverpool,Chelsea,"Saturday January 21, 2023",M Oliver,16,9,3,1,25,4
Bournemouth,Nott'm Forest,"Saturday January 21, 2023",A Madley,10,7,1,2,17,3
Leicester,Brighton,"Saturday January 21, 2023",T Bramall,9,9,0,1,18,1
Southampton,Aston Villa,"Saturday January 21, 2023",M Salisbury,19,9,1,2,28,3
West Ham,Everton,"Saturday January 21, 2023",S Attwell,9,6,1,1,15,2
Crystal Palace,Newcastle,"Saturday January 21, 2023",C Pawson,13,7,4,2,20,6
Leeds,Brentford,"Sunday January 22, 2023",P Bankes,10,18,2,2,28,4
Man City,Wolves,"Sunday January 22, 2023",D Coote,10,10,1,2,20,3
Arsenal,Man United,"Sunday January 22, 2023",A Taylor,8,9,1,2,17,3
Fulham,Tottenham,"Monday January 23, 2023",P Tierney,10,10,1,3,20,4
Chelsea,Fulham,"Friday February 3, 2023",S Attwell,16,12,1,4,28,5
Everton,Arsenal,"Saturday February 4, 2023",D Coote,13,8,4,1,21,5
Aston Villa,Leicester,"Saturday February 4, 2023",D England,10,10,0,2,20,2
Brentford,Southampton,"Saturday February 4, 2023",D Bond,10,9,1,2,19,3
Brighton,Bournemouth,"Saturday February 4, 2023",C Pawson,14,7,3,1,21,4
Man United,Crystal Palace,"Saturday February 4, 2023",A Marriner,9,9,1,2,18,3
Wolves,Liverpool,"Saturday February 4, 2023",P Tierney,9,7,1,1,16,2
Newcastle,West Ham,"Saturday February 4, 2023",P Bankes,11,13,2,1,24,3
Nott'm Forest,Leeds,"Sunday February 5, 2023",R Jones,15,14,4,2,29,6
Tottenham,Man City,"Sunday February 5, 2023",A Madley,19,14,2,3,33,5
Man United,Leeds,"Wednesday February 8, 2023",S Hooper,7,11,1,3,18,4
West Ham,Chelsea,"Saturday February 11, 2023",C Pawson,9,11,1,1,20,2
Arsenal,Brentford,"Saturday February 11, 2023",P Bankes,9,9,0,2,18,2
Crystal Palace,Brighton,"Saturday February 11, 2023",M Oliver,10,11,4,1,21,5
Fulham,Nott'm Forest,"Saturday February 11, 2023",A Madley,9,11,0,1,20,1
Leicester,Tottenham,"Saturday February 11, 2023",M Salisbury,14,9,5,2,23,7
Southampton,Wolves,"Saturday February 11, 2023",J Gillett,12,14,2,2,26,4
Bournemouth,Newcastle,"Saturday February 11, 2023",S Attwell,8,10,2,3,18,5
Leeds,Man United,"Sunday February 12, 2023",P Tierney,10,13,2,1,23,3
Man City,Aston Villa,"Sunday February 12, 2023",R Jones,13,14,1,2,27,3
Liverpool,Everton,"Monday February 13, 2023",S Hooper,8,16,1,3,24,4
Arsenal,Man City,"Wednesday February 15, 2023",A Taylor,11,15,2,3,26,5
Aston Villa,Arsenal,"Saturday February 18, 2023",S Hooper,13,4,2,1,17,3
Brentford,Crystal Palace,"Saturday February 18, 2023",P Tierney,10,8,2,2,18,4
Brighton,Fulham,"Saturday February 18, 2023",D England,12,14,0,5,26,5
Chelsea,Southampton,"Saturday February 18, 2023",D Coote,16,24,3,6,40,9
Everton,Leeds,"Saturday February 18, 2023",A Madley,8,6,2,3,14,5
Nott'm Forest,Man City,"Saturday February 18, 2023",G Scott,8,6,1,0,14,1
Wolves,Bournemouth,"Saturday February 18, 2023",M Salisbury,12,10,3,3,22,6
Newcastle,Liverpool,"Saturday February 18, 2023",A Taylor,3,8,1,1,11,2
Man United,Leicester,"Sunday February 19, 2023",S Attwell,9,9,0,2,18,2
Tottenham,West Ham,"Sunday February 19, 2023",M Oliver,16,10,2,1,26,3
Fulham,Wolves,"Friday February 24, 2023",M Oliver,12,17,2,0,29,2
Everton,Aston Villa,"Saturday February 25, 2023",A Taylor,12,12,2,1,24,3
Leeds,Southampton,"Saturday February 25, 2023",P Bankes,15,13,2,4,28,6
Leicester,Arsenal,"Saturday February 25, 2023",C Pawson,14,9,0,1,23,1
West Ham,Nott'm Forest,"Saturday February 25, 2023",J Gillett,8,5,0,0,13,0
Bournemouth,Man City,"Saturday February 25, 2023",P Tierney,10,9,2,2,19,4
Crystal Palace,Liverpool,"Saturday February 25, 2023",D England,11,14,2,5,25,7
Tottenham,Chelsea,"Sunday February 26, 2023",S Attwell,10,10,2,3,20,5
Arsenal,Everton,"Wednesday March 1, 2023",M Oliver,5,12,0,2,17,2
Liverpool,Wolves,"Wednesday March 1, 2023",P Tierney,13,14,2,3,27,5
Man City,Newcastle,"Saturday March 4, 2023",S Hooper,8,13,2,4,21,6
Arsenal,Bournemouth,"Saturday March 4, 2023",C Kavanagh,6,8,0,2,14,2
Aston Villa,Crystal Palace,"Saturday March 4, 2023",C Pawson,14,17,2,3,31,5
Brighton,West Ham,"Saturday March 4, 2023",S Attwell,6,8,0,3,14,3
Chelsea,Leeds,"Saturday March 4, 2023",M Oliver,10,7,2,0,17,2
Wolves,Tottenham,"Saturday March 4, 2023",T Robinson,11,18,1,1,29,2
Southampton,Leicester,"Saturday March 4, 2023",R Jones,12,11,4,2,23,6
Nott'm Forest,Everton,"Sunday March 5, 2023",J Brooks,11,17,3,5,28,8
Liverpool,Man United,"Sunday March 5, 2023",A Madley,13,14,2,3,27,5
Brentford,Fulham,"Monday March 6, 2023",A Taylor,12,17,0,3,29,3
Bournemouth,Liverpool,"Saturday March 11, 2023",J Brooks,7,9,2,1,16,3
Everton,Brentford,"Saturday March 11, 2023",S Hooper,11,12,2,1,23,3
Leeds,Brighton,"Saturday March 11, 2023",P Tierney,12,9,1,1,21,2
Leicester,Chelsea,"Saturday March 11, 2023",A Marriner,10,11,1,2,21,3
Tottenham,Nott'm Forest,"Saturday March 11, 2023",C Pawson,13,13,3,1,26,4
Crystal Palace,Man City,"Saturday March 11, 2023",R Jones,11,17,2,2,28,4
Fulham,Arsenal,"Sunday March 12, 2023",D Coote,10,9,0,1,19,1
Man United,Southampton,"Sunday March 12, 2023",A Taylor,12,9,2,0,21,2
West Ham,Aston Villa,"Sunday March 12, 2023",C Kavanagh,8,6,1,0,14,1
Newcastle,Wolves,"Sunday March 12, 2023",A Madley,11,10,1,2,21,3
Brighton,Crystal Palace,"Wednesday March 15, 2023",P Bankes,13,20,1,2,33,3
Southampton,Brentford,"Wednesday March 15, 2023",M Salisbury,14,10,1,2,24,3
Nott'm Forest,Newcastle,"Friday March 17, 2023",P Tierney,17,9,5,1,26,6
Aston Villa,Bournemouth,"Saturday March 18, 2023",R Jones,8,13,1,4,21,5
Brentford,Leicester,"Saturday March 18, 2023",D Bond,10,11,1,2,21,3
Southampton,Tottenham,"Saturday March 18, 2023",S Hooper,13,8,1,1,21,2
Wolves,Leeds,"Saturday March 18, 2023",M Salisbury,15,9,3,5,24,8
Chelsea,Everton,"Saturday March 18, 2023",D England,8,12,2,2,20,4
Arsenal,Crystal Palace,"Sunday March 19, 2023",S Attwell,8,10,0,1,18,1
Man City,Liverpool,"Saturday April 1, 2023",S Hooper,9,12,1,1,21,2
Arsenal,Leeds,"Saturday April 1, 2023",D England,11,13,0,2,24,2
Bournemouth,Fulham,"Saturday April 1, 2023",P Bankes,15,13,1,4,28,5
Brighton,Brentford,"Saturday April 1, 2023",M Oliver,16,10,2,1,26,3
Crystal Palace,Leicester,"Saturday April 1, 2023",T Robinson,12,16,3,4,28,7
Nott'm Forest,Wolves,"Saturday April 1, 2023",C Kavanagh,14,13,3,5,27,8
Chelsea,Aston Villa,"Saturday April 1, 2023",A Madley,14,16,3,3,30,6
West Ham,Southampton,"Sunday April 2, 2023",P Tierney,10,11,0,2,21,2
Newcastle,Man United,"Sunday April 2, 2023",S Attwell,8,12,0,0,20,0
Everton,Tottenham,"Monday April 3, 2023",D Coote,10,14,0,3,24,3
Bournemouth,Brighton,"Tuesday April 4, 2023",D Bond,11,5,1,1,16,2
Leeds,Nott'm Forest,"Tuesday April 4, 2023",R Jones,11,13,1,4,24,5
Leicester,Aston Villa,"Tuesday April 4, 2023",G Scott,10,14,2,0,24,2
Chelsea,Liverpool,"Tuesday April 4, 2023",A Taylor,6,17,1,4,23,5
Man United,Brentford,"Wednesday April 5, 2023",J Brooks,8,13,3,2,21,5
West Ham,Newcastle,"Wednesday April 5, 2023",C Pawson,11,12,2,1,23,3
Man United,Everton,"Saturday April 8, 2023",M Oliver,10,9,0,0,19,0
Aston Villa,Nott'm Forest,"Saturday April 8, 2023",A Taylor,7,17,3,4,24,7
Brentford,Newcastle,"Saturday April 8, 2023",C Kavanagh,10,15,0,0,25,0
Fulham,West Ham,"Saturday April 8, 2023",J Gillett,10,12,1,1,22,2
Leicester,Bournemouth,"Saturday April 8, 2023",D Coote,10,13,0,3,23,3
Tottenham,Brighton,"Saturday April 8, 2023",S Attwell,15,15,3,1,30,4
Wolves,Chelsea,"Saturday April 8, 2023",P Bankes,14,10,2,5,24,7
Southampton,Man City,"Saturday April 8, 2023",R Jones,6,10,0,2,16,2
Leeds,Crystal Palace,"Sunday April 9, 2023",S Hooper,11,8,3,1,19,4
Liverpool,Arsenal,"Sunday April 9, 2023",P Tierney,11,11,4,4,22,8
Aston Villa,Newcastle,"Saturday April 15, 2023",J Brooks,13,15,1,1,28,2
Chelsea,Brighton,"Saturday April 15, 2023",R Jones,11,11,2,2,22,4
Everton,Fulham,"Saturday April 15, 2023",A Taylor,10,6,3,2,16,5
Southampton,Crystal Palace,"Saturday April 15, 2023",M Oliver,6,13,3,1,19,4
Tottenham,Bournemouth,"Saturday April 15, 2023",A Madley,8,9,1,2,17,3
Wolves,Brentford,"Saturday April 15, 2023",P Tierney,12,8,1,1,20,2
Man City,Leicester,"Saturday April 15, 2023",D England,8,8,1,1,16,2
West Ham,Arsenal,"Sunday April 16, 2023",D Coote,11,8,1,2,19,3
Nott'm Forest,Man United,"Sunday April 16, 2023",S Hooper,9,9,2,2,18,4
Leeds,Liverpool,"Monday April 17, 2023",C Pawson,6,12,0,1,18,1
Arsenal,Southampton,"Friday April 21, 2023",S Hooper,10,14,1,5,24,6
Fulham,Leeds,"Saturday April 22, 2023",P Bankes,10,15,1,4,25,5
Brentford,Aston Villa,"Saturday April 22, 2023",M Salisbury,12,8,3,2,20,5
Crystal Palace,Everton,"Saturday April 22, 2023",J Brooks,12,14,1,1,26,2
Leicester,Wolves,"Saturday April 22, 2023",A Madley,17,16,1,3,33,4
Liverpool,Nott'm Forest,"Saturday April 22, 2023",M Oliver,9,12,0,1,21,1
Bournemouth,West Ham,"Sunday April 23, 2023",A Taylor,7,8,1,2,15,3
Newcastle,Tottenham,"Sunday April 23, 2023",D Coote,7,13,0,3,20,3
Wolves,Crystal Palace,"Tuesday April 25, 2023",R Jones,13,14,5,4,27,9
Aston Villa,Fulham,"Tuesday April 25, 2023",T Bramall,6,18,3,2,24,5
Leeds,Leicester,"Tuesday April 25, 2023",P Tierney,14,15,4,2,29,6
Nott'm Forest,Brighton,"Wednesday April 26, 2023",J Gillett,7,8,2,0,15,2
Chelsea,Brentford,"Wednesday April 26, 2023",A Madley,5,13,1,2,18,3
West Ham,Liverpool,"Wednesday April 26, 2023",C Kavanagh,6,8,0,0,14,0
Man City,Arsenal,"Wednesday April 26, 2023",M Oliver,13,13,3,1,26,4
Everton,Newcastle,"Thursday April 27, 2023",A Marriner,8,6,2,1,14,3
Southampton,Bournemouth,"Thursday April 27, 2023",D England,9,11,0,3,20,3
Tottenham,Man United,"Thursday April 27, 2023",A Taylor,8,7,1,2,15,3
Crystal Palace,West Ham,"Saturday April 29, 2023",C Pawson,9,17,1,2,26,3
Brentford,Nott'm Forest,"Saturday April 29, 2023",P Bankes,6,13,1,2,19,3
Brighton,Wolves,"Saturday April 29, 2023",D Coote,14,11,1,1,25,2
Bournemouth,Leeds,"Sunday April 30, 2023",C Kavanagh,12,14,1,0,26,1
Fulham,Man City,"Sunday April 30, 2023",S Hooper,9,10,1,3,19,4
Man United,Aston Villa,"Sunday April 30, 2023",J Gillett,16,7,2,0,23,2
Newcastle,Southampton,"Sunday April 30, 2023",A Taylor,7,10,1,4,17,5
Liverpool,Tottenham,"Sunday April 30, 2023",P Tierney,12,6,3,2,18,5
Leicester,Everton,"Monday May 1, 2023",M Oliver,10,12,4,1,22,5
Arsenal,Chelsea,"Tuesday May 2, 2023",R Jones,10,10,0,2,20,2
Liverpool,Fulham,"Wednesday May 3, 2023",S Attwell,10,8,0,0,18,0
Man City,West Ham,"Wednesday May 3, 2023",J Brooks,8,8,0,1,16,1
Brighton,Man United,"Thursday May 4, 2023",A Marriner,10,14,4,4,24,8
Bournemouth,Chelsea,"Saturday May 6, 2023",J Brooks,9,11,1,3,20,4
Man City,Leeds,"Saturday May 6, 2023",A Madley,3,16,0,3,19,3
Tottenham,Crystal Palace,"Saturday May 6, 2023",D England,15,14,3,5,29,8
Wolves,Aston Villa,"Saturday May 6, 2023",S Attwell,20,9,3,3,29,6
Liverpool,Brentford,"Saturday May 6, 2023",A Taylor,19,10,4,2,29,6
Newcastle,Arsenal,"Sunday May 7, 2023",C Kavanagh,16,12,2,1,28,3
West Ham,Man United,"Sunday May 7, 2023",P Bankes,4,9,0,2,13,2
Fulham,Leicester,"Monday May 8, 2023",R Jones,13,15,0,3,28,3
Brighton,Everton,"Monday May 8, 2023",S Hooper,11,13,1,5,24,6
Nott'm Forest,Southampton,"Monday May 8, 2023",M Oliver,16,10,1,0,26,1
Leeds,Newcastle,"Saturday May 13, 2023",S Hooper,16,14,3,2,30,5
Aston Villa,Tottenham,"Saturday May 13, 2023",P Bankes,9,14,3,3,23,6
Chelsea,Nott'm Forest,"Saturday May 13, 2023",P Tierney,13,15,3,1,28,4
Crystal Palace,Bournemouth,"Saturday May 13, 2023",M Salisbury,5,12,0,2,17,2
Man United,Wolves,"Saturday May 13, 2023",J Brooks,9,9,3,2,18,5
Southampton,Fulham,"Saturday May 13, 2023",T Bramall,17,12,2,0,29,2
Brentford,West Ham,"Sunday May 14, 2023",M Oliver,5,5,1,0,10,1
Everton,Man City,"Sunday May 14, 2023",A Taylor,12,4,1,0,16,1
Arsenal,Brighton,"Sunday May 14, 2023",A Madley,13,17,1,2,30,3
Leicester,Liverpool,"Monday May 15, 2023",C Pawson,11,17,2,1,28,3
Newcastle,Brighton,"Thursday May 18, 2023",R Jones,17,16,2,4,33,6
Tottenham,Brentford,"Saturday May 20, 2023",J Gillett,11,9,1,1,20,2
Bournemouth,Man United,"Saturday May 20, 2023",C Kavanagh,6,7,1,0,13,1
Fulham,Crystal Palace,"Saturday May 20, 2023",J Smith,13,12,3,0,25,3
Liverpool,Aston Villa,"Saturday May 20, 2023",J Brooks,16,13,3,5,29,8
Wolves,Everton,"Saturday May 20, 2023",D Coote,18,10,5,1,28,6
Nott'm Forest,Arsenal,"Saturday May 20, 2023",A Taylor,11,12,3,2,23,5
West Ham,Leeds,"Sunday May 21, 2023",P Bankes,6,11,1,3,17,4
Brighton,Southampton,"Sunday May 21, 2023",P Tierney,8,9,2,5,17,7
Man City,Chelsea,"Sunday May 21, 2023",M Oliver,12,9,0,2,21,2
Newcastle,Leicester,"Monday May 22, 2023",A Marriner,9,5,2,0,14,2
Brighton,Man City,"Wednesday May 24, 2023",S Hooper,16,11,2,1,27,3
Man United,Chelsea,"Thursday May 25, 2023",S Attwell,12,6,1,1,18,2
Arsenal,Wolves,"Sunday May 28, 2023",A Marriner,8,11,0,0,19,0
Aston Villa,Brighton,"Sunday May 28, 2023",D Coote,15,16,4,4,31,8
Brentford,Man City,"Sunday May 28, 2023",J Brooks,12,8,4,0,20,4
Chelsea,Newcastle,"Sunday May 28, 2023",J Gillett,9,11,0,0,20,0
Crystal Palace,Nott'm Forest,"Sunday May 28, 2023",T Bramall,9,13,0,2,22,2
Everton,Bournemouth,"Sunday May 28, 2023",S Attwell,11,12,1,3,23,4
Leeds,Tottenham,"Sunday May 28, 2023",A Taylor,7,5,3,0,12,3
Leicester,West Ham,"Sunday May 28, 2023",S Hooper,8,10,1,1,18,2
Man United,Fulham,"Sunday May 28, 2023",R Jones,14,10,1,2,24,3
Southampton,Liverpool,"Sunday May 28, 2023",D England,4,10,0,2,14,2
Burnley,Man City,"Friday August 11, 2023",C Pawson,11,8,0,0,19,0
Arsenal,Nott'm Forest,"Saturday August 12, 2023",M Oliver,12,12,2,2,24,4
Bournemouth,West Ham,"Saturday August 12, 2023",P Bankes,9,14,1,4,23,5
Brighton,Luton,"Saturday August 12, 2023",D Coote,11,12,2,2,23,4
Everton,Fulham,"Saturday August 12, 2023",S Attwell,12,6,0,2,18,2
Sheffield United,Crystal Palace,"Saturday August 12, 2023",J Brooks,18,11,3,0,29,3
Newcastle,Aston Villa,"Saturday August 12, 2023",A Madley,12,17,4,4,29,8
Brentford,Tottenham,"Sunday August 13, 2023",R Jones,12,13,1,4,25,5
Chelsea,Liverpool,"Sunday August 13, 2023",A Taylor,5,12,3,3,17,6
Man United,Wolves,"Monday August 14, 2023",S Hooper,14,10,2,3,24,5
Nott'm Forest,Sheffield United,"Friday August 18, 2023",P Bankes,5,9,2,3,14,5
Fulham,Brentford,"Saturday August 19, 2023",D Bond,13,12,2,2,25,4
Liverpool,Bournemouth,"Saturday August 19, 2023",T Bramall,11,13,1,3,24,4
Wolves,Brighton,"Saturday August 19, 2023",A Madley,14,11,3,6,25,9
Tottenham,Man United,"Saturday August 19, 2023",M Oliver,9,8,1,3,17,4
Man City,Newcastle,"Saturday August 19, 2023",R Jones,12,11,1,5,23,6
Aston Villa,Everton,"Sunday August 20, 2023",A Taylor,8,12,3,4,20,7
West Ham,Chelsea,"Sunday August 20, 2023",J Brooks,12,9,2,3,21,5
Crystal Palace,Arsenal,"Monday August 21, 2023",D Coote,14,10,2,1,24,3
Chelsea,Luton,"Friday August 25, 2023",R Jones,15,12,2,3,27,5
Bournemouth,Tottenham,"Saturday August 26, 2023",T Robinson,18,11,1,3,29,4
Arsenal,Fulham,"Saturday August 26, 2023",P Tierney,6,5,0,3,11,3
Brentford,Crystal Palace,"Saturday August 26, 2023",P Bankes,9,15,0,0,24,0
Everton,Wolves,"Saturday August 26, 2023",C Pawson,10,14,3,4,24,7
Man United,Nott'm Forest,"Saturday August 26, 2023",S Attwell,13,11,4,4,24,8
Brighton,West Ham,"Saturday August 26, 2023",A Taylor,10,9,1,3,19,4
Burnley,Aston Villa,"Sunday August 27, 2023",M Salisbury,12,11,2,0,23,2
Sheffield United,Man City,"Sunday August 27, 2023",J Gillett,11,2,3,0,13,3
Newcastle,Liverpool,"Sunday August 27, 2023",J Brooks,16,10,1,2,26,3
Luton,West Ham,"Friday September 1, 2023",P Tierney,8,13,1,1,21,2
Sheffield United,Everton,"Saturday September 2, 2023",A Madley,11,13,1,2,24,3
Brentford,Bournemouth,"Saturday September 2, 2023",R Madley,6,13,1,2,19,3
Burnley,Tottenham,"Saturday September 2, 2023",D England,15,9,4,3,24,7
Chelsea,Nott'm Forest,"Saturday September 2, 2023",T Robinson,10,9,3,4,19,7
Man City,Fulham,"Saturday September 2, 2023",M Oliver,12,12,2,4,24,6
Brighton,Newcastle,"Saturday September 2, 2023",S Attwell,14,17,4,4,31,8
Crystal Palace,Wolves,"Sunday September 3, 2023",R Jones,12,12,1,3,24,4
Liverpool,Aston Villa,"Sunday September 3, 2023",S Hooper,12,7,0,1,19,1
Arsenal,Man United,"Sunday September 3, 2023",A Taylor,8,7,2,3,15,5
Wolves,Liverpool,"Saturday September 16, 2023",M Oliver,10,4,1,3,14,4
Aston Villa,Crystal Palace,"Saturday September 16, 2023",D England,13,9,5,3,22,8
Fulham,Luton,"Saturday September 16, 2023",M Salisbury,6,14,2,2,20,4
Man United,Brighton,"Saturday September 16, 2023",J Gillett,8,9,2,2,17,4
Tottenham,Sheffield United,"Saturday September 16, 2023",P Bankes,13,14,6,5,27,11
West Ham,Man City,"Saturday September 16, 2023",A Madley,7,11,3,2,18,5
Newcastle,Brentford,"Saturday September 16, 2023",C Pawson,8,12,3,5,20,8
Bournemouth,Chelsea,"Sunday September 17, 2023",D Coote,15,20,1,5,35,6
Everton,Arsenal,"Sunday September 17, 2023",S Hooper,12,10,1,1,22,2
Nott'm Forest,Burnley,"Monday September 18, 2023",R Jones,16,10,2,3,26,5
Crystal Palace,Fulham,"Saturday September 23, 2023",P Tierney,10,15,3,2,25,5
Luton,Wolves,"Saturday September 23, 2023",J Smith,12,17,0,2,29,2
Man City,Nott'm Forest,"Saturday September 23, 2023",A Taylor,5,17,3,7,22,10
Brentford,Everton,"Saturday September 23, 2023",M Oliver,9,12,2,2,21,4
Burnley,Man United,"Saturday September 23, 2023",T Harrington,6,12,1,2,18,3
Arsenal,Tottenham,"Sunday September 24, 2023",R Jones,12,19,3,4,31,7
Brighton,Bournemouth,"Sunday September 24, 2023",J Brooks,12,17,3,3,29,6
Chelsea,Aston Villa,"Sunday September 24, 2023",J Gillett,9,11,2,3,20,5
Liverpool,West Ham,"Sunday September 24, 2023",C Kavanagh,12,13,0,2,25,2
Sheffield United,Newcastle,"Sunday September 24, 2023",S Attwell,12,8,3,0,20,3
Aston Villa,Brighton,"Saturday September 30, 2023",A Madley,19,21,4,4,40,8
Bournemouth,Arsenal,"Saturday September 30, 2023",M Salisbury,11,10,0,1,21,1
Everton,Luton,"Saturday September 30, 2023",A Taylor,8,10,0,1,18,1
Man United,Crystal Palace,"Saturday September 30, 2023",C Kavanagh,10,8,3,2,18,5
Newcastle,Burnley,"Saturday September 30, 2023",T Bramall,7,15,1,3,22,4
West Ham,Sheffield United,"Saturday September 30, 2023",G Scott,6,9,1,1,15,2
Wolves,Man City,"Saturday September 30, 2023",C Pawson,18,12,5,4,30,9
Tottenham,Liverpool,"Saturday September 30, 2023",S Hooper,11,17,5,4,28,9
Nott'm Forest,Brentford,"Sunday October 1, 2023",P Tierney,6,10,1,2,16,3
Fulham,Chelsea,"Monday October 2, 2023",T Robinson,15,12,1,4,27,5
Luton,Burnley,"Tuesday October 3, 2023",P Bankes,14,6,4,2,20,6
Luton,Tottenham,"Saturday October 7, 2023",J Brooks,16,7,2,1,23,3
Burnley,Chelsea,"Saturday October 7, 2023",S Attwell,11,8,2,4,19,6
Everton,Bournemouth,"Saturday October 7, 2023",D Coote,14,15,1,2,29,3
Fulham,Sheffield United,"Saturday October 7, 2023",S Barrott,8,10,1,2,18,3
Man United,Brentford,"Saturday October 7, 2023",A Madley,10,17,0,5,27,5
Crystal Palace,Nott'm Forest,"Saturday October 7, 2023",C Pawson,7,12,0,1,19,1
Brighton,Liverpool,"Sunday October 8, 2023",A Taylor,12,20,1,2,32,3
West Ham,Newcastle,"Sunday October 8, 2023",P Bankes,11,18,3,3,29,6
Wolves,Aston Villa,"Sunday October 8, 2023",R Jones,19,9,2,2,28,4
Arsenal,Man City,"Sunday October 8, 2023",M Oliver,8,7,2,3,15,5
Liverpool,Everton,"Saturday October 21, 2023",C Pawson,9,9,1,1,18,2
Bournemouth,Wolves,"Saturday October 21, 2023",P Tierney,15,10,2,6,25,8
Brentford,Burnley,"Saturday October 21, 2023",J Smith,14,12,5,2,26,7
Man City,Brighton,"Saturday October 21, 2023",R Jones,9,11,2,2,20,4
Newcastle,Crystal Palace,"Saturday October 21, 2023",T Robinson,7,12,2,3,19,5
Nott'm Forest,Luton,"Saturday October 21, 2023",S Barrott,12,11,3,0,23,3
Chelsea,Arsenal,"Saturday October 21, 2023",C Kavanagh,7,14,3,3,21,6
Sheffield United,Man United,"Saturday October 21, 2023",M Oliver,12,10,3,1,22,4
Aston Villa,West Ham,"Sunday October 22, 2023",D Coote,9,15,0,1,24,1
Tottenham,Fulham,"Monday October 23, 2023",A Taylor,10,14,2,0,24,2
Crystal Palace,Tottenham,"Friday October 27, 2023",A Madley,19,11,2,1,30,3
Chelsea,Brentford,"Saturday October 28, 2023",S Hooper,12,7,1,4,19,5
Arsenal,Sheffield United,"Saturday October 28, 2023",T Robinson,9,13,0,3,22,3
Bournemouth,Burnley,"Saturday October 28, 2023",S Barrott,9,12,2,3,21,5
Wolves,Newcastle,"Saturday October 28, 2023",A Taylor,13,15,1,4,28,5
West Ham,Everton,"Sunday October 29, 2023",S Attwell,7,11,4,1,18,5
Aston Villa,Luton,"Sunday October 29, 2023",J Brooks,11,10,3,2,21,5
Brighton,Fulham,"Sunday October 29, 2023",M Salisbury,12,8,0,3,20,3
Liverpool,Nott'm Forest,"Sunday October 29, 2023",C Kavanagh,9,13,2,3,22,5
Man United,Man City,"Sunday October 29, 2023",P Tierney,9,4,4,1,13,5
Fulham,Man United,"Saturday November 4, 2023",J Brooks,9,15,5,2,24,7
Brentford,West Ham,"Saturday November 4, 2023",T Bramall,12,14,1,4,26,5
Burnley,Crystal Palace,"Saturday November 4, 2023",P Bankes,9,12,0,5,21,5
Everton,Brighton,"Saturday November 4, 2023",T Robinson,15,5,4,2,20,6
Man City,Bournemouth,"Saturday November 4, 2023",C Pawson,8,9,0,1,17,1
Sheffield United,Wolves,"Saturday November 4, 2023",R Jones,13,10,2,3,23,5
Newcastle,Arsenal,"Saturday November 4, 2023",S Attwell,14,9,5,1,23,6
Nott'm Forest,Aston Villa,"Sunday November 5, 2023",J Gillett,6,9,1,1,15,2
Luton,Liverpool,"Sunday November 5, 2023",A Madley,7,13,1,1,20,2
Tottenham,Chelsea,"Monday November 6, 2023",M Oliver,12,21,1,5,33,6
Wolves,Tottenham,"Saturday November 11, 2023",T Robinson,19,15,4,3,34,7
Arsenal,Burnley,"Saturday November 11, 2023",M Oliver,8,9,0,1,17,1
Crystal Palace,Everton,"Saturday November 11, 2023",S Barrott,9,18,1,4,27,5
Man United,Luton,"Saturday November 11, 2023",G Scott,9,11,0,2,20,2
Bournemouth,Newcastle,"Saturday November 11, 2023",C Kavanagh,10,4,2,1,14,3
Aston Villa,Fulham,"Sunday November 12, 2023",S Hooper,4,17,2,5,21,7
Brighton,Sheffield United,"Sunday November 12, 2023",J Brooks,13,16,3,2,29,5
Liverpool,Brentford,"Sunday November 12, 2023",P Tierney,16,12,1,2,28,3
West Ham,Nott'm Forest,"Sunday November 12, 2023",M Salisbury,9,12,2,2,21,4
Chelsea,Man City,"Sunday November 12, 2023",A Taylor,12,15,5,3,27,8
Man City,Liverpool,"Saturday November 25, 2023",C Kavanagh,9,11,1,3,20,4
Burnley,West Ham,"Saturday November 25, 2023",S Barrott,11,7,1,3,18,4
Luton,Crystal Palace,"Saturday November 25, 2023",J Gillett,15,12,6,1,27,7
Newcastle,Chelsea,"Saturday November 25, 2023",S Hooper,13,19,4,4,32,8
Nott'm Forest,Brighton,"Saturday November 25, 2023",A Taylor,12,7,2,4,19,6
Sheffield United,Bournemouth,"Saturday November 25, 2023",A Madley,6,8,4,1,14,5
Brentford,Arsenal,"Saturday November 25, 2023",T Robinson,9,7,1,1,16,2
Tottenham,Aston Villa,"Sunday November 26, 2023",R Jones,11,13,0,4,24,4
Everton,Man United,"Sunday November 26, 2023",J Brooks,10,8,3,0,18,3
Fulham,Wolves,"Monday November 27, 2023",M Salisbury,13,13,2,2,26,4
Arsenal,Wolves,"Saturday December 2, 2023",P Bankes,10,10,1,2,20,3
Brentford,Luton,"Saturday December 2, 2023",A Taylor,10,8,1,2,18,3
Burnley,Sheffield United,"Saturday December 2, 2023",C Kavanagh,9,12,2,5,21,7
Nott'm Forest,Everton,"Saturday December 2, 2023",P Tierney,15,14,1,0,29,1
Newcastle,Man United,"Saturday December 2, 2023",R Jones,6,13,1,2,19,3
Bournemouth,Aston Villa,"Sunday December 3, 2023",T Bramall,16,12,5,3,28,8
Chelsea,Brighton,"Sunday December 3, 2023",C Pawson,16,12,3,5,28,8
Liverpool,Fulham,"Sunday December 3, 2023",S Attwell,6,7,0,0,13,0
West Ham,Crystal Palace,"Sunday December 3, 2023",M Oliver,17,7,2,0,24,2
Man City,Tottenham,"Sunday December 3, 2023",S Hooper,14,14,4,4,28,8
Wolves,Burnley,"Tuesday December 5, 2023",J Gillett,11,15,2,4,26,6
Luton,Arsenal,"Tuesday December 5, 2023",S Barrott,14,7,2,1,21,3
Brighton,Brentford,"Wednesday December 6, 2023",P Bankes,10,8,3,1,18,4
Crystal Palace,Bournemouth,"Wednesday December 6, 2023",C Pawson,10,17,1,3,27,4
Fulham,Nott'm Forest,"Wednesday December 6, 2023",J Smith,7,10,0,1,17,1
Sheffield United,Liverpool,"Wednesday December 6, 2023",S Hooper,12,8,2,3,20,5
Aston Villa,Man City,"Wednesday December 6, 2023",J Brooks,13,13,2,2,26,4
Man United,Chelsea,"Wednesday December 6, 2023",C Kavanagh,12,12,4,0,24,4
Everton,Newcastle,"Thursday December 7, 2023",T Robinson,18,8,3,0,26,3
Tottenham,West Ham,"Thursday December 7, 2023",M Salisbury,11,12,3,3,23,6
Crystal Palace,Liverpool,"Saturday December 9, 2023",A Madley,17,17,5,2,34,7
Brighton,Burnley,"Saturday December 9, 2023",S Hooper,5,8,0,4,13,4
Man United,Bournemouth,"Saturday December 9, 2023",P Bankes,7,10,3,1,17,4
Sheffield United,Brentford,"Saturday December 9, 2023",S Attwell,14,13,5,1,27,6
Wolves,Nott'm Forest,"Saturday December 9, 2023",S Barrott,9,11,0,1,20,1
Aston Villa,Arsenal,"Saturday December 9, 2023",J Gillett,16,11,4,2,27,6
Everton,Chelsea,"Sunday December 10, 2023",M Oliver,12,12,2,2,24,4
Fulham,West Ham,"Sunday December 10, 2023",P Tierney,5,10,2,1,15,3
Luton,Man City,"Sunday December 10, 2023",T Robinson,16,6,2,1,22,3
Tottenham,Newcastle,"Sunday December 10, 2023",C Kavanagh,10,12,1,3,22,4
Nott'm Forest,Tottenham,"Friday December 15, 2023",J Gillett,16,11,2,4,27,6
Chelsea,Sheffield United,"Saturday December 16, 2023",A Madley,9,14,1,3,23,4
Man City,Crystal Palace,"Saturday December 16, 2023",P Tierney,12,9,1,1,21,2
Newcastle,Fulham,"Saturday December 16, 2023",S Barrott,7,12,0,2,19,2
Burnley,Everton,"Saturday December 16, 2023",A Taylor,9,8,0,1,17,1
Arsenal,Brighton,"Sunday December 17, 2023",T Robinson,11,9,1,3,20,4
Brentford,Aston Villa,"Sunday December 17, 2023",D Coote,19,6,6,4,25,10
West Ham,Wolves,"Sunday December 17, 2023",C Kavanagh,12,15,3,1,27,4
Liverpool,Man United,"Sunday December 17, 2023",M Oliver,13,8,2,4,21,6
Crystal Palace,Brighton,"Thursday December 21, 2023",J Brooks,12,11,5,2,23,7
Aston Villa,Sheffield United,"Friday December 22, 2023",A Taylor,11,16,3,3,27,6
West Ham,Man United,"Saturday December 23, 2023",S Hooper,13,15,2,3,28,5
Fulham,Burnley,"Saturday December 23, 2023",R Welch,5,17,2,1,22,3
Luton,Newcastle,"Saturday December 23, 2023",D England,11,5,2,1,16,3
Nott'm Forest,Bournemouth,"Saturday December 23, 2023",R Jones,10,10,0,3,20,3
Tottenham,Everton,"Saturday December 23, 2023",S Attwell,6,18,1,4,24,5
Liverpool,Arsenal,"Saturday December 23, 2023",C Kavanagh,13,14,2,5,27,7
Wolves,Chelsea,"Sunday December 24, 2023",D Coote,11,9,3,5,20,8
Newcastle,Nott'm Forest,"Tuesday December 26, 2023",C Kavanagh,10,11,3,3,21,6
Bournemouth,Fulham,"Tuesday December 26, 2023",T Robinson,10,10,0,2,20,2
Sheffield United,Luton,"Tuesday December 26, 2023",S Allison,13,13,5,0,26,5
Burnley,Liverpool,"Tuesday December 26, 2023",P Tierney,7,10,2,1,17,3
Man United,Aston Villa,"Tuesday December 26, 2023",C Pawson,10,10,1,3,20,4
Brentford,Wolves,"Wednesday December 27, 2023",A Madley,5,14,1,1,19,2
Chelsea,Crystal Palace,"Wednesday December 27, 2023",M Salisbury,13,16,3,2,29,5
Everton,Man City,"Wednesday December 27, 2023",J Brooks,13,5,4,2,18,6
Brighton,Tottenham,"Thursday December 28, 2023",J Gillett,18,6,3,2,24,5
Arsenal,West Ham,"Thursday December 28, 2023",M Oliver,8,8,2,0,16,2
Luton,Chelsea,"Saturday December 30, 2023",P Tierney,14,21,2,2,35,4
Aston Villa,Burnley,"Saturday December 30, 2023",S Attwell,9,14,4,1,23,5
Crystal Palace,Brentford,"Saturday December 30, 2023",R Jones,14,10,0,1,24,1
Man City,Sheffield United,"Saturday December 30, 2023",D Coote,5,6,1,1,11,2
Wolves,Everton,"Saturday December 30, 2023",T Bramall,9,14,2,3,23,5
Nott'm Forest,Man United,"Saturday December 30, 2023",T Robinson,9,11,2,4,20,6
Fulham,Arsenal,"Sunday December 31, 2023",J Smith,11,10,4,1,21,5
Tottenham,Bournemouth,"Sunday December 31, 2023",S Hooper,9,18,3,3,27,6
Liverpool,Newcastle,"Monday January 1, 2024",A Taylor,16,15,3,5,31,8
West Ham,Brighton,"Tuesday January 2, 2024",S Barrott,4,6,1,0,10,1
Burnley,Luton,"Friday January 12, 2024",T Harrington,7,12,1,0,19,1
Chelsea,Fulham,"Saturday January 13, 2024",A Taylor,13,9,5,1,22,6
Newcastle,Man City,"Saturday January 13, 2024",C Kavanagh,7,7,1,2,14,3
Everton,Aston Villa,"Sunday January 14, 2024",D Coote,13,14,1,4,27,5
Man United,Tottenham,"Sunday January 14, 2024",J Brooks,8,5,2,1,13,3
Arsenal,Crystal Palace,"Saturday January 20, 2024",P Tierney,8,12,0,0,20,0
Brentford,Nott'm Forest,"Saturday January 20, 2024",D England,10,14,1,3,24,4
Sheffield United,West Ham,"Sunday January 21, 2024",M Salisbury,11,10,3,1,21,4
Bournemouth,Liverpool,"Sunday January 21, 2024",A Madley,9,12,1,2,21,3
Brighton,Wolves,"Monday January 22, 2024",C Pawson,10,13,1,4,23,5
Nott'm Forest,Arsenal,"Tuesday January 30, 2024",S Hooper,6,7,0,1,13,1
Fulham,Everton,"Tuesday January 30, 2024",T Bramall,6,13,1,2,19,3
Luton,Brighton,"Tuesday January 30, 2024",R Jones,13,14,2,2,27,4
Crystal Palace,Sheffield United,"Tuesday January 30, 2024",T Harrington,8,18,1,4,26,5
Aston Villa,Newcastle,"Tuesday January 30, 2024",J Brooks,14,12,4,1,26,5
Man City,Burnley,"Wednesday January 31, 2024",S Barrott,3,13,2,2,16,4
Tottenham,Brentford,"Wednesday January 31, 2024",D Coote,13,15,2,3,28,5
Liverpool,Chelsea,"Wednesday January 31, 2024",P Tierney,15,16,2,4,31,6
West Ham,Bournemouth,"Thursday February 1, 2024",T Robinson,13,11,1,3,24,4
Wolves,Man United,"Thursday February 1, 2024",J Gillett,10,10,2,5,20,7
Everton,Tottenham,"Saturday February 3, 2024",M Oliver,8,14,3,0,22,3
Brighton,Crystal Palace,"Saturday February 3, 2024",S Hooper,8,14,1,3,22,4
Burnley,Fulham,"Saturday February 3, 2024",D Bond,11,7,2,2,18,4
Newcastle,Luton,"Saturday February 3, 2024",T Bramall,13,16,2,2,29,4
Sheffield United,Aston Villa,"Saturday February 3, 2024",P Tierney,10,7,1,0,17,1
Bournemouth,Nott'm Forest,"Sunday February 4, 2024",R Welch,19,12,3,2,31,5
Chelsea,Wolves,"Sunday February 4, 2024",T Robinson,15,11,3,2,26,5
Man United,West Ham,"Sunday February 4, 2024",A Madley,10,5,0,1,15,1
Arsenal,Liverpool,"Sunday February 4, 2024",A Taylor,11,11,6,2,22,8
Brentford,Man City,"Monday February 5, 2024",J Gillett,2,4,1,0,6,1
Man City,Everton,"Saturday February 10, 2024",J Brooks,6,11,0,2,17,2
Fulham,Bournemouth,"Saturday February 10, 2024",D England,11,11,1,2,22,3
Liverpool,Burnley,"Saturday February 10, 2024",T Robinson,11,13,3,2,24,5
Luton,Sheffield United,"Saturday February 10, 2024",C Kavanagh,7,12,1,2,19,3
Tottenham,Brighton,"Saturday February 10, 2024",S Barrott,14,13,2,3,27,5
Wolves,Brentford,"Saturday February 10, 2024",S Hooper,11,9,2,3,20,5
Nott'm Forest,Newcastle,"Saturday February 10, 2024",A Taylor,9,6,1,2,15,3
West Ham,Arsenal,"Sunday February 11, 2024",C Pawson,17,11,4,0,28,4
Aston Villa,Man United,"Sunday February 11, 2024",R Jones,9,7,3,2,16,5
Crystal Palace,Chelsea,"Monday February 12, 2024",M Oliver,14,7,2,2,21,4
Brentford,Liverpool,"Saturday February 17, 2024",M Oliver,4,18,2,1,22,3
Burnley,Arsenal,"Saturday February 17, 2024",J Gillett,11,8,2,1,19,3
Fulham,Aston Villa,"Saturday February 17, 2024",L Smith,11,6,5,2,17,7
Newcastle,Bournemouth,"Saturday February 17, 2024",M Salisbury,9,22,1,3,31,4
Nott'm Forest,West Ham,"Saturday February 17, 2024",T Bramall,13,15,4,4,28,8
Tottenham,Wolves,"Saturday February 17, 2024",A Taylor,8,13,0,1,21,1
Man City,Chelsea,"Saturday February 17, 2024",A Madley,7,12,1,3,19,4
Sheffield United,Brighton,"Sunday February 18, 2024",S Attwell,3,5,1,4,8,5
Luton,Man United,"Sunday February 18, 2024",D Coote,7,21,3,5,28,8
Everton,Crystal Palace,"Monday February 19, 2024",P Tierney,8,12,0,2,20,2
Man City,Brentford,"Tuesday February 20, 2024",D England,12,6,2,4,18,6
Liverpool,Luton,"Wednesday February 21, 2024",A Madley,15,14,1,4,29,5
Aston Villa,Nott'm Forest,"Saturday February 24, 2024",S Barrott,7,16,1,2,23,3
Brighton,Everton,"Saturday February 24, 2024",T Harrington,9,14,2,3,23,5
Crystal Palace,Burnley,"Saturday February 24, 2024",L Smith,8,13,3,1,21,4
Man United,Fulham,"Saturday February 24, 2024",M Oliver,6,11,2,5,17,7
Bournemouth,Man City,"Saturday February 24, 2024",J Gillett,14,6,2,2,20,4
Arsenal,Newcastle,"Saturday February 24, 2024",P Tierney,15,6,1,0,21,1
Wolves,Sheffield United,"Sunday February 25, 2024",D Bond,8,4,2,1,12,3
West Ham,Brentford,"Monday February 26, 2024",S Hooper,5,9,1,2,14,3
Brentford,Chelsea,"Saturday March 2, 2024",J Gillett,10,9,3,1,19,4
Everton,West Ham,"Saturday March 2, 2024",C Pawson,9,6,1,2,15,3
Fulham,Brighton,"Saturday March 2, 2024",S Hooper,16,10,1,2,26,3
Newcastle,Wolves,"Saturday March 2, 2024",T Robinson,8,11,0,1,19,1
Nott'm Forest,Liverpool,"Saturday March 2, 2024",P Tierney,11,12,2,2,23,4
Tottenham,Crystal Palace,"Saturday March 2, 2024",J Brooks,7,16,1,2,23,3
Luton,Aston Villa,"Saturday March 2, 2024",M Oliver,8,19,1,4,27,5
Burnley,Bournemouth,"Sunday March 3, 2024",D Coote,8,13,2,4,21,6
Man City,Man United,"Sunday March 3, 2024",A Madley,5,10,0,1,15,1
Sheffield United,Arsenal,"Monday March 4, 2024",S Barrott,11,4,1,0,15,1
Man United,Everton,"Saturday March 9, 2024",S Hooper,13,11,1,2,24,3
Bournemouth,Sheffield United,"Saturday March 9, 2024",A Taylor,12,11,3,5,23,8
Crystal Palace,Luton,"Saturday March 9, 2024",S Singh,20,11,2,3,31,5
Wolves,Fulham,"Saturday March 9, 2024",T Harrington,7,11,2,2,18,4
Arsenal,Brentford,"Saturday March 9, 2024",R Jones,9,10,2,4,19,6
Aston Villa,Tottenham,"Sunday March 10, 2024",C Kavanagh,11,15,0,2,26,2
Brighton,Nott'm Forest,"Sunday March 10, 2024",M Salisbury,14,14,4,4,28,8
West Ham,Burnley,"Sunday March 10, 2024",D England,11,18,2,4,29,6
Liverpool,Man City,"Sunday March 10, 2024",M Oliver,6,10,0,3,16,3
Chelsea,Newcastle,"Monday March 11, 2024",J Brooks,12,7,3,1,19,4
Bournemouth,Luton,"Wednesday March 13, 2024",S Allison,16,11,1,2,27,3
Burnley,Brentford,"Saturday March 16, 2024",D Bond,14,17,2,4,31,6
Luton,Nott'm Forest,"Saturday March 16, 2024",D England,10,17,1,2,27,3
Fulham,Tottenham,"Saturday March 16, 2024",R Jones,9,10,2,3,19,5
West Ham,Aston Villa,"Sunday March 17, 2024",J Gillett,13,12,3,3,25,6
Newcastle,West Ham,"Saturday March 30, 2024",R Jones,9,8,1,1,17,2
Bournemouth,Everton,"Saturday March 30, 2024",S Barrott,14,11,1,2,25,3
Chelsea,Burnley,"Saturday March 30, 2024",D England,12,7,2,2,19,4
Nott'm Forest,Crystal Palace,"Saturday March 30, 2024",C Kavanagh,14,12,1,1,26,2
Sheffield United,Fulham,"Saturday March 30, 2024",T Robinson,10,13,4,1,23,5
Tottenham,Luton,"Saturday March 30, 2024",J Gillett,16,14,2,4,30,6
Aston Villa,Wolves,"Saturday March 30, 2024",P Tierney,11,19,3,4,30,7
Brentford,Man United,"Saturday March 30, 2024",S Hooper,7,14,2,2,21,4
Liverpool,Brighton,"Sunday March 31, 2024",D Coote,20,6,5,3,26,8
Man City,Arsenal,"Sunday March 31, 2024",A Taylor,9,20,0,2,29,2
Newcastle,Everton,"Tuesday April 2, 2024",T Harrington,9,14,0,3,23,3
Nott'm Forest,Fulham,"Tuesday April 2, 2024",M Oliver,7,8,0,0,15,0
Bournemouth,Crystal Palace,"Tuesday April 2, 2024",G Scott,13,14,3,2,27,5
Burnley,Wolves,"Tuesday April 2, 2024",T Bramall,10,12,0,2,22,2
West Ham,Tottenham,"Tuesday April 2, 2024",J Brooks,13,9,1,4,22,5
Arsenal,Luton,"Wednesday April 3, 2024",C Pawson,12,8,1,1,20,2
Brentford,Brighton,"Wednesday April 3, 2024",A Madley,9,12,1,1,21,2
Man City,Aston Villa,"Wednesday April 3, 2024",D England,6,13,1,2,19,3
Liverpool,Sheffield United,"Thursday April 4, 2024",S Attwell,6,9,0,1,15,1
Chelsea,Man United,"Thursday April 4, 2024",J Gillett,7,15,3,0,22,3
Crystal Palace,Man City,"Saturday April 6, 2024",P Tierney,13,3,1,1,16,2
Aston Villa,Brentford,"Saturday April 6, 2024",M Salisbury,15,11,2,2,26,4
Everton,Burnley,"Saturday April 6, 2024",M Oliver,11,13,2,1,24,3
Fulham,Newcastle,"Saturday April 6, 2024",S Allison,10,13,1,2,23,3
Luton,Bournemouth,"Saturday April 6, 2024",A Madley,7,14,0,0,21,0
Wolves,West Ham,"Saturday April 6, 2024",T Harrington,15,7,5,2,22,7
Brighton,Arsenal,"Saturday April 6, 2024",J Brooks,14,13,1,2,27,3
Man United,Liverpool,"Sunday April 7, 2024",A Taylor,9,10,5,2,19,7
Sheffield United,Chelsea,"Sunday April 7, 2024",R Jones,12,10,4,2,22,6
Tottenham,Nott'm Forest,"Sunday April 7, 2024",S Hooper,11,12,2,3,23,5
Newcastle,Tottenham,"Saturday April 13, 2024",T Robinson,14,12,0,4,26,4
Brentford,Sheffield United,"Saturday April 13, 2024",S Barrott,8,11,3,1,19,4
Burnley,Brighton,"Saturday April 13, 2024",S Hooper,18,8,1,2,26,3
Man City,Luton,"Saturday April 13, 2024",J Brooks,7,6,1,0,13,1
Nott'm Forest,Wolves,"Saturday April 13, 2024",C Pawson,15,10,2,3,25,5
Bournemouth,Man United,"Saturday April 13, 2024",T Harrington,13,14,4,0,27,4
Liverpool,Crystal Palace,"Sunday April 14, 2024",C Kavanagh,10,10,1,1,20,2
West Ham,Fulham,"Sunday April 14, 2024",S Attwell,6,13,1,2,19,3
Arsenal,Aston Villa,"Sunday April 14, 2024",D Coote,12,7,3,1,19,4
Chelsea,Everton,"Monday April 15, 2024",P Tierney,5,21,1,4,26,5
Luton,Brentford,"Saturday April 20, 2024",J Gillett,13,9,1,2,22,3
Sheffield United,Burnley,"Saturday April 20, 2024",A Madley,10,9,1,0,19,1
Wolves,Arsenal,"Saturday April 20, 2024",P Tierney,14,9,3,2,23,5
Everton,Nott'm Forest,"Sunday April 21, 2024",A Taylor,15,9,3,2,24,5
Aston Villa,Bournemouth,"Sunday April 21, 2024",T Robinson,8,14,1,3,22,4
Crystal Palace,West Ham,"Sunday April 21, 2024",G Scott,9,9,3,2,18,5
Fulham,Liverpool,"Sunday April 21, 2024",C Pawson,5,11,3,0,16,3
Arsenal,Chelsea,"Tuesday April 23, 2024",S Hooper,12,11,2,2,23,4
Wolves,Bournemouth,"Wednesday April 24, 2024",S Attwell,10,17,4,1,27,5
Crystal Palace,Newcastle,"Wednesday April 24, 2024",T Bramall,10,15,3,3,25,6
Everton,Liverpool,"Wednesday April 24, 2024",A Madley,6,13,0,3,19,3
Man United,Sheffield United,"Wednesday April 24, 2024",M Salisbury,7,9,0,1,16,1
Brighton,Man City,"Thursday April 25, 2024",J Gillett,10,3,2,0,13,2
West Ham,Liverpool,"Saturday April 27, 2024",A Taylor,8,10,0,2,18,2
Fulham,Crystal Palace,"Saturday April 27, 2024",S Attwell,11,15,0,2,26,2
Man United,Burnley,"Saturday April 27, 2024",J Brooks,7,11,1,3,18,4
Newcastle,Sheffield United,"Saturday April 27, 2024",T Harrington,9,10,0,0,19,0
Wolves,Luton,"Saturday April 27, 2024",D Coote,14,14,3,1,28,4
Everton,Brentford,"Saturday April 27, 2024",D England,10,12,1,2,22,3
Aston Villa,Chelsea,"Saturday April 27, 2024",C Pawson,13,14,3,5,27,8
Bournemouth,Brighton,"Sunday April 28, 2024",P Tierney,14,10,2,2,24,4
Tottenham,Arsenal,"Sunday April 28, 2024",M Oliver,12,16,2,1,28,3
Nott'm Forest,Man City,"Sunday April 28, 2024",S Hooper,8,6,0,0,14,0
Chelsea,Tottenham,"Thursday May 2, 2024",R Jones,12,16,0,1,28,1
Luton,Everton,"Friday May 3, 2024",T Robinson,14,12,1,3,26,4
Arsenal,Bournemouth,"Saturday May 4, 2024",D Coote,16,12,2,3,28,5
Brentford,Fulham,"Saturday May 4, 2024",G Scott,3,6,1,1,9,2
Burnley,Newcastle,"Saturday May 4, 2024",A Taylor,8,8,2,2,16,4
Sheffield United,Nott'm Forest,"Saturday May 4, 2024",C Kavanagh,9,7,0,1,16,1
Man City,Wolves,"Saturday May 4, 2024",C Pawson,4,17,0,4,21,4
Brighton,Aston Villa,"Sunday May 5, 2024",R Jones,13,10,2,1,23,3
Chelsea,West Ham,"Sunday May 5, 2024",A Madley,12,10,1,3,22,4
Liverpool,Tottenham,"Sunday May 5, 2024",P Tierney,14,12,1,4,26,5
Crystal Palace,Man United,"Monday May 6, 2024",J Gillett,12,8,1,1,20,2
Fulham,Man City,"Saturday May 11, 2024",A Taylor,9,6,1,0,15,1
Bournemouth,Brentford,"Saturday May 11, 2024",M Donohue,16,12,2,2,28,4
Everton,Sheffield United,"Saturday May 11, 2024",S Attwell,6,11,1,2,17,3
Newcastle,Brighton,"Saturday May 11, 2024",D England,9,16,3,4,25,7
Tottenham,Burnley,"Saturday May 11, 2024",J Gillett,10,14,3,5,24,8
West Ham,Luton,"Saturday May 11, 2024",M Oliver,9,15,1,3,24,4
Wolves,Crystal Palace,"Saturday May 11, 2024",T Bramall,13,12,3,2,25,5
Nott'm Forest,Chelsea,"Saturday May 11, 2024",T Harrington,14,8,2,3,22,5
Man United,Arsenal,"Sunday May 12, 2024",P Tierney,5,6,0,2,11,2
Aston Villa,Liverpool,"Monday May 13, 2024",S Hooper,11,15,1,1,26,2
Tottenham,Man City,"Tuesday May 14, 2024",C Kavanagh,14,11,3,3,25,6
Brighton,Chelsea,"Wednesday May 15, 2024",M Salisbury,13,14,2,2,27,4
Man United,Newcastle,"Wednesday May 15, 2024",R Jones,16,7,3,3,23,6
Arsenal,Everton,"Sunday May 19, 2024",M Oliver,8,11,4,3,19,7
Brentford,Newcastle,"Sunday May 19, 2024",S Hooper,15,11,4,4,26,8
Brighton,Man United,"Sunday May 19, 2024",C Pawson,10,9,1,3,19,4
Burnley,Nott'm Forest,"Sunday May 19, 2024",G Scott,11,5,1,0,16,1
Chelsea,Bournemouth,"Sunday May 19, 2024",A Taylor,5,9,2,3,14,5
Crystal Palace,Aston Villa,"Sunday May 19, 2024",D Bond,10,8,1,4,18,5
Liverpool,Wolves,"Sunday May 19, 2024",C Kavanagh,14,11,1,1,25,2
Luton,Fulham,"Sunday May 19, 2024",M Donohue,15,20,5,4,35,9
Man City,West Ham,"Sunday May 19, 2024",J Brooks,3,12,0,1,15,1
Sheffield United,Tottenham,"Sunday May 19, 2024",A Madley,11,9,2,0,20,2
Man United,Fulham,"Friday August 16, 2024",R Jones,12,10,2,3,22,5
Ipswich,Liverpool,"Saturday August 17, 2024",T Robinson,9,18,3,1,27,4
Arsenal,Wolves,"Saturday August 17, 2024",J Gillett,17,14,2,2,31,4
Everton,Brighton,"Saturday August 17, 2024",S Hooper,8,8,1,1,16,2
Newcastle,Southampton,"Saturday August 17, 2024",C Pawson,15,16,2,4,31,6
Nott'm Forest,Bournemouth,"Saturday August 17, 2024",M Oliver,17,8,1,3,25,4
West Ham,Aston Villa,"Saturday August 17, 2024",T Harrington,18,11,1,2,29,3
Brentford,Crystal Palace,"Sunday August 18, 2024",S Barrott,6,15,1,5,21,6
Chelsea,Man City,"Sunday August 18, 2024",A Taylor,12,9,1,1,21,2
Leicester,Tottenham,"Monday August 19, 2024",C Kavanagh,11,12,1,1,23,2
Brighton,Man United,"Saturday August 24, 2024",C Pawson,9,13,1,2,22,3
Crystal Palace,West Ham,"Saturday August 24, 2024",R Jones,9,17,1,1,26,2
Fulham,Leicester,"Saturday August 24, 2024",D Bond,14,13,2,2,27,4
Man City,Ipswich,"Saturday August 24, 2024",M Salisbury,4,15,2,3,19,5
Southampton,Nott'm Forest,"Saturday August 24, 2024",S Barrott,14,14,3,3,28,6
Tottenham,Everton,"Saturday August 24, 2024",A Taylor,11,15,0,0,26,0
Aston Villa,Arsenal,"Saturday August 24, 2024",M Oliver,8,15,1,3,23,4
Bournemouth,Newcastle,"Sunday August 25, 2024",D Coote,19,8,2,2,27,4
Wolves,Chelsea,"Sunday August 25, 2024",D England,13,13,2,3,26,5
Liverpool,Brentford,"Sunday August 25, 2024",S Attwell,10,7,2,3,17,5
Arsenal,Brighton,"Saturday August 31, 2024",C Kavanagh,12,7,3,2,19,5
Brentford,Southampton,"Saturday August 31, 2024",J Smith,10,7,2,1,17,3
Everton,Bournemouth,"Saturday August 31, 2024",S Attwell,6,1,2,1,7,3
Ipswich,Fulham,"Saturday August 31, 2024",L Smith,15,15,2,3,30,5
Leicester,Aston Villa,"Saturday August 31, 2024",D Coote,13,21,4,5,34,9
Nott'm Forest,Wolves,"Saturday August 31, 2024",S Hooper,15,18,3,4,33,7
West Ham,Man City,"Saturday August 31, 2024",M Oliver,10,3,3,2,13,5
Chelsea,Crystal Palace,"Sunday September 1, 2024",J Gillett,9,13,4,2,22,6
Newcastle,Tottenham,"Sunday September 1, 2024",R Jones,16,13,4,4,29,8
Man United,Liverpool,"Sunday September 1, 2024",A Taylor,7,7,4,1,14,5
Southampton,Man United,"Saturday September 14, 2024",S Attwell,11,14,1,4,25,5
Brighton,Ipswich,"Saturday September 14, 2024",S Barrott,14,16,4,3,30,7
Crystal Palace,Leicester,"Saturday September 14, 2024",T Harrington,11,15,0,3,26,3
Fulham,West Ham,"Saturday September 14, 2024",T Robinson,15,18,2,3,33,5
Liverpool,Nott'm Forest,"Saturday September 14, 2024",M Oliver,15,6,4,4,21,8
Man City,Brentford,"Saturday September 14, 2024",D Bond,9,3,3,1,12,4
Aston Villa,Everton,"Saturday September 14, 2024",C Pawson,10,12,1,4,22,5
Bournemouth,Chelsea,"Saturday September 14, 2024",A Taylor,16,9,6,8,25,14
Tottenham,Arsenal,"Sunday September 15, 2024",J Gillett,13,10,5,3,23,8
Wolves,Newcastle,"Sunday September 15, 2024",C Kavanagh,17,6,3,3,23,6
West Ham,Chelsea,"Saturday September 21, 2024",S Barrott,17,9,5,2,26,7
Aston Villa,Wolves,"Saturday September 21, 2024",T Robinson,11,16,3,6,27,9
Fulham,Newcastle,"Saturday September 21, 2024",P Bankes,16,8,6,0,24,6
Leicester,Everton,"Saturday September 21, 2024",D England,11,12,1,2,23,3
Liverpool,Bournemouth,"Saturday September 21, 2024",T Harrington,10,12,1,4,22,5
Southampton,Ipswich,"Saturday September 21, 2024",S Allison,16,16,4,4,32,8
Tottenham,Brentford,"Saturday September 21, 2024",J Brooks,11,9,3,1,20,4
Crystal Palace,Man United,"Saturday September 21, 2024",D Coote,7,12,3,1,19,4
Brighton,Nott'm Forest,"Sunday September 22, 2024",R Jones,12,11,3,4,23,7
Man City,Arsenal,"Sunday September 22, 2024",M Oliver,7,10,3,4,17,7
Newcastle,Man City,"Saturday September 28, 2024",J Gillett,14,10,4,4,24,8
Arsenal,Leicester,"Saturday September 28, 2024",S Barrott,11,6,2,4,17,6
Brentford,West Ham,"Saturday September 28, 2024",S Hooper,2,11,2,3,13,5
Chelsea,Brighton,"Saturday September 28, 2024",P Bankes,11,8,3,2,19,5
Everton,Crystal Palace,"Saturday September 28, 2024",A Madley,13,11,2,1,24,3
Nott'm Forest,Fulham,"Saturday September 28, 2024",J Smith,11,15,2,4,26,6
Wolves,Liverpool,"Saturday September 28, 2024",A Taylor,16,8,2,3,24,5
Ipswich,Aston Villa,"Sunday September 29, 2024",S Attwell,10,14,4,1,24,5
Man United,Tottenham,"Sunday September 29, 2024",C Kavanagh,16,14,5,3,30,8
Bournemouth,Southampton,"Monday September 30, 2024",M Oliver,19,12,2,5,31,7
Crystal Palace,Liverpool,"Saturday October 5, 2024",S Hooper,7,15,4,2,22,6
Arsenal,Southampton,"Saturday October 5, 2024",T Harrington,10,9,0,3,19,3
Brentford,Wolves,"Saturday October 5, 2024",A Madley,9,10,2,3,19,5
Leicester,Bournemouth,"Saturday October 5, 2024",D Bond,12,14,4,1,26,5
Man City,Fulham,"Saturday October 5, 2024",P Bankes,4,10,2,1,14,3
West Ham,Ipswich,"Saturday October 5, 2024",A Taylor,12,6,0,1,18,1
Everton,Newcastle,"Saturday October 5, 2024",C Pawson,12,8,1,2,20,3
Aston Villa,Man United,"Sunday October 6, 2024",R Jones,12,11,1,5,23,6
Chelsea,Nott'm Forest,"Sunday October 6, 2024",C Kavanagh,12,11,6,2,23,8
Brighton,Tottenham,"Sunday October 6, 2024",D Coote,14,10,2,2,24,4
Tottenham,West Ham,"Saturday October 19, 2024",A Madley,10,15,1,3,25,4
Fulham,Aston Villa,"Saturday October 19, 2024",D England,8,11,3,3,19,6
Ipswich,Everton,"Saturday October 19, 2024",M Oliver,12,10,1,1,22,2
Man United,Brentford,"Saturday October 19, 2024",S Barrott,14,5,2,2,19,4
Newcastle,Brighton,"Saturday October 19, 2024",P Bankes,11,9,2,2,20,4
Southampton,Leicester,"Saturday October 19, 2024",A Taylor,10,10,5,3,20,8
Bournemouth,Arsenal,"Saturday October 19, 2024",R Jones,12,11,1,1,23,2
Wolves,Man City,"Sunday October 20, 2024",C Kavanagh,8,5,4,1,13,5
Liverpool,Chelsea,"Sunday October 20, 2024",J Brooks,12,13,4,3,25,7
Nott'm Forest,Crystal Palace,"Monday October 21, 2024",T Robinson,9,12,2,3,21,5
Leicester,Nott'm Forest,"Friday October 25, 2024",C Pawson,16,9,5,2,25,7
Aston Villa,Bournemouth,"Saturday October 26, 2024",A Madley,12,14,7,6,26,13
Brentford,Ipswich,"Saturday October 26, 2024",L Smith,7,10,0,1,17,1
Brighton,Wolves,"Saturday October 26, 2024",M Oliver,12,10,3,3,22,6
Man City,Southampton,"Saturday October 26, 2024",T Harrington,9,9,1,3,18,4
Everton,Fulham,"Saturday October 26, 2024",J Brooks,8,8,1,0,16,1
Chelsea,Newcastle,"Sunday October 27, 2024",S Hooper,13,16,6,3,29,9
Crystal Palace,Tottenham,"Sunday October 27, 2024",D Bond,16,12,4,4,28,8
West Ham,Man United,"Sunday October 27, 2024",D Coote,6,7,5,1,13,6
Arsenal,Liverpool,"Sunday October 27, 2024",A Taylor,14,14,2,2,28,4
Newcastle,Arsenal,"Saturday November 2, 2024",J Brooks,16,18,4,4,34,8
Bournemouth,Man City,"Saturday November 2, 2024",M Oliver,11,6,2,1,17,3
Ipswich,Leicester,"Saturday November 2, 2024",T Robinson,11,10,4,2,21,6
Liverpool,Brighton,"Saturday November 2, 2024",T Harrington,10,18,1,1,28,2
Nott'm Forest,West Ham,"Saturday November 2, 2024",P Bankes,7,9,1,2,16,3
Southampton,Everton,"Saturday November 2, 2024",A Madley,14,18,4,2,32,6
Wolves,Crystal Palace,"Saturday November 2, 2024",A Taylor,7,9,1,2,16,3
Tottenham,Aston Villa,"Sunday November 3, 2024",C Pawson,14,14,2,0,28,2
Man United,Chelsea,"Sunday November 3, 2024",R Jones,19,14,6,2,33,8
Fulham,Brentford,"Monday November 4, 2024",S Attwell,3,10,2,1,13,3
Brentford,Bournemouth,"Saturday November 9, 2024",D Bond,8,16,2,4,24,6
Crystal Palace,Fulham,"Saturday November 9, 2024",M Salisbury,10,11,1,1,21,2
West Ham,Everton,"Saturday November 9, 2024",S Attwell,10,9,1,2,19,3
Wolves,Southampton,"Saturday November 9, 2024",T Bramall,14,12,1,4,26,5
Brighton,Man City,"Saturday November 9, 2024",S Barrott,12,10,3,3,22,6
Liverpool,Aston Villa,"Saturday November 9, 2024",D Coote,11,15,0,3,26,3
Man United,Leicester,"Sunday November 10, 2024",P Bankes,9,5,0,1,14,1
Nott'm Forest,Newcastle,"Sunday November 10, 2024",A Taylor,13,6,1,1,19,2
Tottenham,Ipswich,"Sunday November 10, 2024",D England,10,19,1,5,29,6
Chelsea,Arsenal,"Sunday November 10, 2024",M Oliver,12,12,4,2,24,6
Leicester,Chelsea,"Saturday November 23, 2024",A Madley,15,12,4,3,27,7
Arsenal,Nott'm Forest,"Saturday November 23, 2024",S Hooper,10,1,3,2,11,5
Aston Villa,Crystal Palace,"Saturday November 23, 2024",T Robinson,10,11,3,2,21,5
Bournemouth,Brighton,"Saturday November 23, 2024",S Attwell,13,10,2,2,23,4
Everton,Brentford,"Saturday November 23, 2024",C Kavanagh,8,10,0,0,18,0
Fulham,Wolves,"Saturday November 23, 2024",R Jones,14,14,3,0,28,3
Man City,Tottenham,"Saturday November 23, 2024",J Brooks,19,9,4,2,28,6
Southampton,Liverpool,"Sunday November 24, 2024",S Barrott,11,9,3,4,20,7
Ipswich,Man United,"Sunday November 24, 2024",A Taylor,11,10,0,0,21,0
Newcastle,West Ham,"Monday November 25, 2024",C Pawson,11,8,1,0,19,1
Brighton,Southampton,"Friday November 29, 2024",R Jones,20,16,2,4,36,6
Brentford,Leicester,"Saturday November 30, 2024",M Oliver,9,10,1,1,19,2
Crystal Palace,Newcastle,"Saturday November 30, 2024",D England,12,11,3,3,23,6
Nott'm Forest,Ipswich,"Saturday November 30, 2024",T Harrington,5,16,1,3,21,4
Wolves,Bournemouth,"Saturday November 30, 2024",P Bankes,13,11,4,1,24,5
West Ham,Arsenal,"Saturday November 30, 2024",A Taylor,10,13,4,1,23,5
Chelsea,Aston Villa,"Sunday December 1, 2024",S Attwell,21,6,2,2,27,4
Man United,Everton,"Sunday December 1, 2024",J Brooks,12,12,2,3,24,5
Tottenham,Fulham,"Sunday December 1, 2024",D Bond,4,14,0,1,18,1
Liverpool,Man City,"Sunday December 1, 2024",C Kavanagh,9,8,1,3,17,4
Ipswich,Crystal Palace,"Tuesday December 3, 2024",C Pawson,14,13,2,4,27,6
Leicester,West Ham,"Tuesday December 3, 2024",J Smith,9,7,2,2,16,4
Everton,Wolves,"Wednesday December 4, 2024",M Salisbury,10,8,2,0,18,2
Man City,Nott'm Forest,"Wednesday December 4, 2024",M Oliver,7,15,2,4,22,6
Newcastle,Liverpool,"Wednesday December 4, 2024",A Madley,9,17,2,5,26,7
Southampton,Chelsea,"Wednesday December 4, 2024",T Harrington,7,14,1,0,21,1
Arsenal,Man United,"Wednesday December 4, 2024",S Barrott,12,8,1,3,20,4
Aston Villa,Brentford,"Wednesday December 4, 2024",L Smith,11,15,2,2,26,4
Fulham,Brighton,"Thursday December 5, 2024",P Bankes,7,8,2,2,15,4
Bournemouth,Tottenham,"Thursday December 5, 2024",S Hooper,15,8,2,2,23,4
Aston Villa,Southampton,"Saturday December 7, 2024",D Bond,18,15,1,3,33,4
Brentford,Newcastle,"Saturday December 7, 2024",T Robinson,10,7,3,0,17,3
Crystal Palace,Man City,"Saturday December 7, 2024",R Jones,4,10,1,0,14,1
Man United,Nott'm Forest,"Saturday December 7, 2024",D England,10,13,0,2,23,2
Fulham,Arsenal,"Sunday December 8, 2024",C Kavanagh,10,9,4,2,19,6
Ipswich,Bournemouth,"Sunday December 8, 2024",M Salisbury,9,13,2,1,22,3
Leicester,Brighton,"Sunday December 8, 2024",S Attwell,9,10,1,2,19,3
Tottenham,Chelsea,"Sunday December 8, 2024",A Taylor,17,11,2,2,28,4
West Ham,Wolves,"Monday December 9, 2024",J Brooks,12,17,5,4,29,9
Arsenal,Everton,"Saturday December 14, 2024",C Pawson,6,9,0,3,15,3
Liverpool,Fulham,"Saturday December 14, 2024",T Harrington,10,7,3,4,17,7
Newcastle,Leicester,"Saturday December 14, 2024",T Bramall,7,16,3,3,23,6
Wolves,Ipswich,"Saturday December 14, 2024",S Hooper,13,9,0,2,22,2
Nott'm Forest,Aston Villa,"Saturday December 14, 2024",S Barrott,12,6,0,1,18,1
Brighton,Crystal Palace,"Sunday December 15, 2024",M Oliver,11,15,1,4,26,5
Man City,Man United,"Sunday December 15, 2024",A Taylor,5,14,1,1,19,2
Chelsea,Brentford,"Sunday December 15, 2024",P Bankes,11,7,0,2,18,2
Southampton,Tottenham,"Sunday December 15, 2024",D England,8,15,1,3,23,4
Bournemouth,West Ham,"Monday December 16, 2024",C Kavanagh,6,11,0,2,17,2
Aston Villa,Man City,"Saturday December 21, 2024",P Bankes,14,7,3,3,21,6
Brentford,Nott'm Forest,"Saturday December 21, 2024",M Oliver,9,14,3,4,23,7
Ipswich,Newcastle,"Saturday December 21, 2024",S Attwell,9,7,2,0,16,2
West Ham,Brighton,"Saturday December 21, 2024",R Jones,14,20,2,2,34,4
Crystal Palace,Arsenal,"Saturday December 21, 2024",S Hooper,9,8,2,2,17,4
Everton,Chelsea,"Sunday December 22, 2024",C Kavanagh,20,12,4,1,32,5
Fulham,Southampton,"Sunday December 22, 2024",T Robinson,8,15,1,3,23,4
Leicester,Wolves,"Sunday December 22, 2024",A Taylor,15,16,2,0,31,2
Man United,Bournemouth,"Sunday December 22, 2024",C Pawson,11,11,1,3,22,4
Tottenham,Liverpool,"Sunday December 22, 2024",S Barrott,7,9,1,2,16,3
Man City,Everton,"Thursday December 26, 2024",S Hooper,5,10,1,4,15,5
Bournemouth,Crystal Palace,"Thursday December 26, 2024",T Bramall,13,12,2,2,25,4
Chelsea,Fulham,"Thursday December 26, 2024",S Barrott,13,13,1,3,26,4
Newcastle,Aston Villa,"Thursday December 26, 2024",A Taylor,15,10,2,1,25,3
Nott'm Forest,Tottenham,"Thursday December 26, 2024",C Pawson,12,13,3,2,25,5
Southampton,West Ham,"Thursday December 26, 2024",L Smith,15,8,1,2,23,3
Wolves,Man United,"Thursday December 26, 2024",T Harrington,12,12,2,2,24,4
Liverpool,Leicester,"Thursday December 26, 2024",D Bond,17,5,3,2,22,5
Brighton,Brentford,"Friday December 27, 2024",A Madley,6,12,0,2,18,2
Arsenal,Ipswich,"Friday December 27, 2024",D England,7,12,1,1,19,2
Leicester,Man City,"Sunday December 29, 2024",M Oliver,11,6,2,1,17,3
Crystal Palace,Southampton,"Sunday December 29, 2024",M Salisbury,18,19,2,3,37,5
Everton,Nott'm Forest,"Sunday December 29, 2024",T Harrington,13,10,4,1,23,5
Fulham,Bournemouth,"Sunday December 29, 2024",R Jones,7,16,1,3,23,4
Tottenham,Wolves,"Sunday December 29, 2024",C Kavanagh,9,10,1,2,19,3
West Ham,Liverpool,"Sunday December 29, 2024",A Taylor,7,10,0,0,17,0
Aston Villa,Brighton,"Monday December 30, 2024",C Pawson,9,14,2,3,23,5
Ipswich,Chelsea,"Monday December 30, 2024",J Brooks,9,5,4,4,14,8
Man United,Newcastle,"Monday December 30, 2024",S Hooper,13,8,1,1,21,2
Brentford,Arsenal,"Wednesday January 1, 2025",P Bankes,6,8,1,2,14,3
Tottenham,Newcastle,"Saturday January 4, 2025",A Madley,11,15,1,4,26,5
Aston Villa,Leicester,"Saturday January 4, 2025",J Gillett,10,11,0,1,21,1
Bournemouth,Everton,"Saturday January 4, 2025",J Brooks,15,14,2,2,29,4
Crystal Palace,Chelsea,"Saturday January 4, 2025",T Robinson,9,12,0,2,21,2
Man City,West Ham,"Saturday January 4, 2025",M Salisbury,8,13,2,1,21,3
Southampton,Brentford,"Saturday January 4, 2025",S Attwell,10,4,2,0,14,2
Brighton,Arsenal,"Saturday January 4, 2025",A Taylor,17,14,2,3,31,5
Fulham,Ipswich,"Sunday January 5, 2025",D Bond,10,14,1,5,24,6
Liverpool,Man United,"Sunday January 5, 2025",M Oliver,10,13,2,4,23,6
Wolves,Nott'm Forest,"Monday January 6, 2025",P Bankes,10,8,1,2,18,3
Brentford,Man City,"Tuesday January 14, 2025",A Taylor,4,4,0,0,8,0
Chelsea,Bournemouth,"Tuesday January 14, 2025",R Jones,15,16,2,3,31,5
West Ham,Fulham,"Tuesday January 14, 2025",C Pawson,9,18,3,3,27,6
Nott'm Forest,Liverpool,"Tuesday January 14, 2025",C Kavanagh,7,10,2,1,17,3
Everton,Aston Villa,"Wednesday January 15, 2025",S Barrott,17,10,2,1,27,3
Leicester,Crystal Palace,"Wednesday January 15, 2025",A Madley,7,6,0,0,13,0
Newcastle,Wolves,"Wednesday January 15, 2025",D England,10,13,0,2,23,2
Arsenal,Tottenham,"Wednesday January 15, 2025",S Hooper,16,9,3,1,25,4
Ipswich,Brighton,"Thursday January 16, 2025",T Harrington,13,14,2,2,27,4
Man United,Southampton,"Thursday January 16, 2025",J Brooks,7,10,1,3,17,4
Newcastle,Bournemouth,"Saturday January 18, 2025",S Attwell,7,18,1,6,25,7
Brentford,Liverpool,"Saturday January 18, 2025",A Madley,6,14,2,3,20,5
Leicester,Fulham,"Saturday January 18, 2025",M Salisbury,8,8,3,1,16,4
West Ham,Crystal Palace,"Saturday January 18, 2025",T Bramall,13,10,1,0,23,1
Arsenal,Aston Villa,"Saturday January 18, 2025",C Kavanagh,10,18,2,3,28,5
Everton,Tottenham,"Sunday January 19, 2025",D England,14,14,2,1,28,3
Man United,Brighton,"Sunday January 19, 2025",P Bankes,13,12,3,3,25,6
Nott'm Forest,Southampton,"Sunday January 19, 2025",A Taylor,4,18,0,4,22,4
Ipswich,Man City,"Sunday January 19, 2025",S Barrott,4,7,0,1,11,1
Chelsea,Wolves,"Monday January 20, 2025",S Hooper,8,14,4,2,22,6
Bournemouth,Nott'm Forest,"Saturday January 25, 2025",C Pawson,9,12,2,3,21,5
Brighton,Everton,"Saturday January 25, 2025",T Robinson,8,11,3,4,19,7
Liverpool,Ipswich,"Saturday January 25, 2025",M Salisbury,10,11,0,2,21,2
Southampton,Newcastle,"Saturday January 25, 2025",S Barrott,10,5,1,0,15,1
Wolves,Arsenal,"Saturday January 25, 2025",M Oliver,20,10,0,1,30,1
Man City,Chelsea,"Saturday January 25, 2025",J Brooks,6,8,3,2,14,5
Crystal Palace,Brentford,"Sunday January 26, 2025",T Harrington,8,11,2,2,19,4
Tottenham,Leicester,"Sunday January 26, 2025",R Jones,6,16,1,5,22,6
Aston Villa,West Ham,"Sunday January 26, 2025",P Bankes,13,16,2,3,29,5
Fulham,Man United,"Sunday January 26, 2025",A Taylor,7,9,0,1,16,1
Nott'm Forest,Brighton,"Saturday February 1, 2025",S Hooper,8,13,1,3,21,4
Bournemouth,Liverpool,"Saturday February 1, 2025",D England,15,9,2,3,24,5
Everton,Leicester,"Saturday February 1, 2025",D Bond,7,13,0,0,20,0
Ipswich,Southampton,"Saturday February 1, 2025",M Oliver,11,14,0,3,25,3
Newcastle,Fulham,"Saturday February 1, 2025",C Kavanagh,10,15,4,4,25,8
Wolves,Aston Villa,"Saturday February 1, 2025",A Madley,20,13,2,3,33,5
Brentford,Tottenham,"Sunday February 2, 2025",J Gillett,4,11,0,1,15,1
Man United,Crystal Palace,"Sunday February 2, 2025",J Brooks,12,13,3,1,25,4
Arsenal,Man City,"Sunday February 2, 2025",P Bankes,6,7,2,0,13,2
Chelsea,West Ham,"Monday February 3, 2025",S Attwell,11,10,3,1,21,4
Everton,Liverpool,"Wednesday February 12, 2025",M Oliver,9,20,2,2,29,4
Brighton,Chelsea,"Friday February 14, 2025",K Kavanagh,12,15,1,2,27,3
Leicester,Arsenal,"Saturday February 15, 2025",S Barrott,9,10,2,1,19,3
Aston Villa,Ipswich,"Saturday February 15, 2025",R Jones,7,11,0,3,18,3
Fulham,Nott'm Forest,"Saturday February 15, 2025",T Bramall,13,8,0,0,21,0
Man City,Newcastle,"Saturday February 15, 2025",A Madley,5,13,0,1,18,1
Southampton,Bournemouth,"Saturday February 15, 2025",J Gillett,13,15,1,3,28,4
West Ham,Brentford,"Saturday February 15, 2025",D England,10,13,1,1,23,2
Crystal Palace,Everton,"Saturday February 15, 2025",A Taylor,9,12,0,1,21,1
Liverpool,Wolves,"Sunday February 16, 2025",S Hooper,15,13,2,2,28,4
Tottenham,Man United,"Sunday February 16, 2025",P Bankes,13,9,1,2,22,3
Aston Villa,Liverpool,"Wednesday February 19, 2025",C Pawson,8,6,1,0,14,1
Leicester,Brentford,"Friday February 21, 2025",T Harrington,10,10,4,0,20,4
Everton,Man United,"Saturday February 22, 2025",A Madley,12,9,4,1,21,5
Arsenal,West Ham,"Saturday February 22, 2025",C Pawson,16,15,1,3,31,4
Bournemouth,Wolves,"Saturday February 22, 2025",M Salisbury,17,9,3,3,26,6
Fulham,Crystal Palace,"Saturday February 22, 2025",R Jones,10,7,1,3,17,4
Ipswich,Tottenham,"Saturday February 22, 2025",T Robinson,15,14,2,1,29,3
Southampton,Brighton,"Saturday February 22, 2025",D Bond,11,12,2,0,23,2
Aston Villa,Chelsea,"Saturday February 22, 2025",M Oliver,15,16,1,3,31,4
Newcastle,Nott'm Forest,"Sunday February 23, 2025",J Gillett,11,13,1,4,24,5
Man City,Liverpool,"Sunday February 23, 2025",A Taylor,3,10,0,0,13,0
Brighton,Bournemouth,"Tuesday February 25, 2025",M Oliver,12,14,2,1,26,3
Crystal Palace,Aston Villa,"Tuesday February 25, 2025",S Barrott,19,10,3,1,29,4
Wolves,Fulham,"Tuesday February 25, 2025",P Bankes,8,15,1,3,23,4
Chelsea,Southampton,"Tuesday February 25, 2025",T Bramall,6,9,1,2,15,3
Brentford,Everton,"Wednesday February 26, 2025",S Hooper,3,6,2,1,9,3
Man United,Ipswich,"Wednesday February 26, 2025",D England,9,16,4,4,25,8
Nott'm Forest,Arsenal,"Wednesday February 26, 2025",A Madley,10,17,1,1,27,2
Tottenham,Man City,"Wednesday February 26, 2025",J Gillett,12,15,3,0,27,3
Liverpool,Newcastle,"Wednesday February 26, 2025",C Kavanagh,12,11,0,1,23,1
West Ham,Leicester,"Thursday February 27, 2025",S Attwell,12,6,0,0,18,0
Nott'm Forest,Man City,"Saturday March 8, 2025",C Kavanagh,9,7,3,2,16,5
Brighton,Fulham,"Saturday March 8, 2025",S Barrott,6,12,0,2,18,2
Crystal Palace,Ipswich,"Saturday March 8, 2025",S Hooper,8,7,4,3,15,7
Liverpool,Southampton,"Saturday March 8, 2025",L Smith,10,9,2,1,19,3
Brentford,Aston Villa,"Saturday March 8, 2025",J Gillett,10,5,2,2,15,4
Wolves,Everton,"Saturday March 8, 2025",S Attwell,11,16,2,2,27,4
Chelsea,Leicester,"Sunday March 9, 2025",T Robinson,12,13,1,0,25,1
Tottenham,Bournemouth,"Sunday March 9, 2025",J Brooks,15,16,3,3,31,6
Man United,Arsenal,"Sunday March 9, 2025",A Taylor,8,11,0,1,19,1
West Ham,Newcastle,"Monday March 10, 2025",M Salisbury,7,15,0,1,22,1
Everton,West Ham,"Saturday March 15, 2025",D Bond,12,8,1,2,20,3
Ipswich,Nott'm Forest,"Saturday March 15, 2025",M Salisbury,4,13,1,1,17,2
Man City,Brighton,"Saturday March 15, 2025",S Hooper,10,10,2,5,20,7
Southampton,Wolves,"Saturday March 15, 2025",R Jones,12,13,0,0,25,0
Bournemouth,Brentford,"Saturday March 15, 2025",C Pawson,13,7,3,0,20,3
Arsenal,Chelsea,"Sunday March 16, 2025",C Kavanagh,10,13,3,3,23,6
Fulham,Tottenham,"Sunday March 16, 2025",A Madley,13,10,0,0,23,0
Leicester,Man United,"Sunday March 16, 2025",T Bramall,6,6,2,0,12,2
Arsenal,Fulham,"Tuesday April 1, 2025",J Brooks,2,10,1,2,12,3
Wolves,West Ham,"Tuesday April 1, 2025",T Harrington,16,12,4,2,28,6
Nott'm Forest,Man United,"Tuesday April 1, 2025",J Gillett,5,12,1,3,17,4
Bournemouth,Ipswich,"Wednesday April 2, 2025",R Jones,14,15,1,2,29,3
Brighton,Aston Villa,"Wednesday April 2, 2025",S Attwell,16,11,1,3,27,4
Man City,Leicester,"Wednesday April 2, 2025",D England,11,8,1,4,19,5
Newcastle,Brentford,"Wednesday April 2, 2025",P Bankes,12,12,1,1,24,2
Southampton,Crystal Palace,"Wednesday April 2, 2025",A Madley,14,9,2,1,23,3
Liverpool,Everton,"Wednesday April 2, 2025",S Barrott,7,11,2,2,18,4
Chelsea,Tottenham,"Thursday April 3, 2025",C Pawson,7,16,5,5,23,10
Everton,Arsenal,"Saturday April 5, 2025",D England,17,13,3,1,30,4
Crystal Palace,Brighton,"Saturday April 5, 2025",A Taylor,12,13,0,1,25,1
Ipswich,Wolves,"Saturday April 5, 2025",P Bankes,12,16,2,2,28,4
West Ham,Bournemouth,"Saturday April 5, 2025",T Robinson,13,13,2,2,26,4
Aston Villa,Nott'm Forest,"Saturday April 5, 2025",S Hooper,7,15,2,2,22,4
Brentford,Chelsea,"Sunday April 6, 2025",M Oliver,12,12,1,3,24,4
Fulham,Liverpool,"Sunday April 6, 2025",C Kavanagh,10,9,3,0,19,3
Tottenham,Southampton,"Sunday April 6, 2025",M Salisbury,16,20,1,1,36,2
Man United,Man City,"Sunday April 6, 2025",J Brooks,13,9,3,2,22,5
Leicester,Newcastle,"Monday April 7, 2025",R Jones,8,9,2,0,17,2
Man City,Crystal Palace,"Saturday April 12, 2025",J Gillett,10,16,2,3,26,5
Brighton,Leicester,"Saturday April 12, 2025",D Bond,9,11,2,5,20,7
Nott'm Forest,Everton,"Saturday April 12, 2025",C Pawson,9,13,0,3,22,3
Southampton,Aston Villa,"Saturday April 12, 2025",T Bramall,11,4,3,1,15,4
Arsenal,Brentford,"Saturday April 12, 2025",S Hooper,7,9,1,3,16,4
Chelsea,Ipswich,"Sunday April 13, 2025",S Attwell,11,7,2,2,18,4
Liverpool,West Ham,"Sunday April 13, 2025",A Madley,15,8,0,2,23,2
Wolves,Tottenham,"Sunday April 13, 2025",A Taylor,12,15,1,2,27,3
Newcastle,Man United,"Sunday April 13, 2025",C Kavanagh,7,9,0,2,16,2
Bournemouth,Fulham,"Monday April 14, 2025",O Oliver,11,10,3,2,21,5
Newcastle,Crystal Palace,"Wednesday April 16, 2025",D England,9,15,2,3,24,5
Brentford,Brighton,"Saturday April 19, 2025",T Robinson,7,11,3,3,18,6
Crystal Palace,Bournemouth,"Saturday April 19, 2025",S Barrott,13,10,3,4,23,7
Everton,Man City,"Saturday April 19, 2025",S Hooper,7,6,4,0,13,4
West Ham,Southampton,"Saturday April 19, 2025",A Kitchen,14,13,2,1,27,3
Aston Villa,Newcastle,"Saturday April 19, 2025",J Gillett,9,12,1,3,21,4
Fulham,Chelsea,"Sunday April 20, 2025",A Taylor,13,9,1,3,22,4
Ipswich,Arsenal,"Sunday April 20, 2025",C Kavanagh,10,7,0,0,17,0
Man United,Wolves,"Sunday April 20, 2025",R Jones,11,18,2,3,29,5
Leicester,Liverpool,"Sunday April 20, 2025",S Attwell,11,7,1,2,18,3
Tottenham,Nott'm Forest,"Monday April 21, 2025",P Bankes,11,12,1,4,23,5
Man City,Aston Villa,"Tuesday April 22, 2025",C Pawson,9,10,3,3,19,6
Arsenal,Crystal Palace,"Wednesday April 23, 2025",M Salisbury,4,6,1,1,10,2
Chelsea,Everton,"Saturday April 26, 2025",C Kavanagh,11,11,0,0,22,0
Brighton,West Ham,"Saturday April 26, 2025",D England,7,9,1,1,16,2
Newcastle,Ipswich,"Saturday April 26, 2025",M Salisbury,9,9,1,2,18,3
Southampton,Fulham,"Saturday April 26, 2025",T Harrington,10,12,1,1,22,2
Wolves,Leicester,"Saturday April 26, 2025",S Barrott,7,17,1,4,24,5
Bournemouth,Man United,"Sunday April 27, 2025",P Bankes,11,12,4,2,23,6
Liverpool,Tottenham,"Sunday April 27, 2025",T Bramall,16,9,2,1,25,3
Nott'm Forest,Brentford,"Thursday May 1, 2025",D England,10,12,3,5,22,8
Man City,Wolves,"Friday May 2, 2025",P Bankes,7,11,0,0,18,0
Aston Villa,Fulham,"Saturday May 3, 2025",R Jones,6,17,0,5,23,5
Everton,Ipswich,"Saturday May 3, 2025",L Smith,12,15,4,4,27,8
Leicester,Southampton,"Saturday May 3, 2025",D Webb,12,13,1,3,25,4
Arsenal,Bournemouth,"Saturday May 3, 2025",J Gillett,7,16,0,2,23,2
Brentford,Man United,"Sunday May 4, 2025",A Taylor,8,10,0,2,18,2
Brighton,Newcastle,"Sunday May 4, 2025",C Pawson,15,10,2,1,25,3
West Ham,Tottenham,"Sunday May 4, 2025",M Oliver,18,15,2,2,33,4
Chelsea,Liverpool,"Sunday May 4, 2025",S Hooper,10,11,2,2,21,4
Crystal Palace,Nott'm Forest,"Monday May 5, 2025",A Madley,9,15,3,8,24,11
Fulham,Everton,"Saturday May 10, 2025",M Salisbury,15,9,1,0,24,1
Ipswich,Brentford,"Saturday May 10, 2025",S Barrott,6,12,2,4,18,6
Southampton,Man City,"Saturday May 10, 2025",T Robinson,9,8,2,0,17,2
Wolves,Brighton,"Saturday May 10, 2025",M Oliver,8,12,1,1,20,2
Bournemouth,Aston Villa,"Saturday May 10, 2025",S Attwell,19,12,4,3,31,7
Newcastle,Chelsea,"Sunday May 11, 2025",J Brooks,9,13,4,2,22,6
Man United,West Ham,"Sunday May 11, 2025",J Gillett,3,13,0,1,16,1
Nott'm Forest,Leicester,"Sunday May 11, 2025",T Harrington,11,11,3,3,22,6
Tottenham,Crystal Palace,"Sunday May 11, 2025",C Kavanagh,12,10,1,1,22,2
Liverpool,Arsenal,"Sunday May 11, 2025",A Taylor,13,10,1,1,23,2
Aston Villa,Tottenham,"Friday May 16, 2025",P Bankes,5,12,1,2,17,3
Chelsea,Man United,"Friday May 16, 2025",C Kavanagh,10,14,1,6,24,7
Everton,Southampton,"Sunday May 18, 2025",M Oliver,6,10,1,1,16,2
West Ham,Nott'm Forest,"Sunday May 18, 2025",S Barrott,14,7,6,3,21,9
Brentford,Fulham,"Sunday May 18, 2025",J Gillett,12,8,4,4,20,8
Leicester,Ipswich,"Sunday May 18, 2025",A Kitchen,15,12,1,0,27,1
Arsenal,Newcastle,"Sunday May 18, 2025",S Hooper,9,9,3,3,18,6
Brighton,Liverpool,"Monday May 19, 2025",J Brooks,9,8,1,0,17,1
Crystal Palace,Wolves,"Tuesday May 20, 2025",D Webb,14,8,1,2,22,3
Man City,Bournemouth,"Tuesday May 20, 2025",T Bramall,7,13,1,3,20,4
Bournemouth,Leicester,"Sunday May 25, 2025",L Smith,19,16,0,2,35,2
Fulham,Man City,"Sunday May 25, 2025",A Madley,11,5,0,0,16,0
Ipswich,West Ham,"Sunday May 25, 2025",T Robinson,10,9,1,1,19,2
Liverpool,Crystal Palace,"Sunday May 25, 2025",D England,7,10,1,0,17,1
Man United,Aston Villa,"Sunday May 25, 2025",T Bramall,10,10,2,2,20,4
Newcastle,Everton,"Sunday May 25, 2025",T Harrington,12,9,1,4,21,5
Nott'm Forest,Chelsea,"Sunday May 25, 2025",A Taylor,10,11,2,2,21,4
Southampton,Arsenal,"Sunday May 25, 2025",D Bond,7,8,0,0,15,0
Tottenham,Brighton,"Sunday May 25, 2025",R Jones,13,8,3,1,21,4
Wolves,Brentford,"Sunday May 25, 2025",C Pawson,7,9,2,1,16,3
Liverpool,Bournemouth,"Friday August 15, 2025",A Taylor,7,10,1,2,17,3
Aston Villa,Newcastle,"Saturday August 16, 2025",C Pawson,13,11,1,1,24,2
Brighton,Fulham,"Saturday August 16, 2025",S Barrott,16,15,3,3,31,6
Sunderland,West Ham,"Saturday August 16, 2025",R Jones,8,10,0,1,18,1
Tottenham,Burnley,"Saturday August 16, 2025",M Oliver,14,8,0,0,22,0
Wolves,Man City,"Saturday August 16, 2025",J Gillett,13,7,1,2,20,3
Chelsea,Crystal Palace,"Sunday August 17, 2025",D England,10,12,2,3,22,5
Nott'm Forest,Brentford,"Sunday August 17, 2025",P Bankes,7,15,1,2,22,3
Man United,Arsenal,"Sunday August 17, 2025",S Hooper,10,19,1,4,29,5
Leeds,Everton,"Monday August 18, 2025",C Kavanagh,6,8,0,2,14,2
West Ham,Chelsea,"Friday August 22, 2025",M Oliver,7,10,0,1,17,1
Man City,Tottenham,"Saturday August 23, 2025",P Bankes,7,12,1,4,19,5
Bournemouth,Wolves,"Saturday August 23, 2025",T Bramall,13,16,2,4,29,6
Brentford,Aston Villa,"Saturday August 23, 2025",T Harrington,11,9,1,2,20,3
Burnley,Sunderland,"Saturday August 23, 2025",M Salisbury,9,5,0,1,14,1
Arsenal,Leeds,"Saturday August 23, 2025",J Gillett,8,11,0,2,19,2
Crystal Palace,Nott'm Forest,"Sunday August 24, 2025",A Taylor,11,11,3,3,22,6
Everton,Brighton,"Sunday August 24, 2025",S Attwell,7,15,4,3,22,7
Fulham,Man United,"Sunday August 24, 2025",C Kavanagh,12,10,1,1,22,2
Newcastle,Liverpool,"Monday August 25, 2025",S Hooper,17,15,2,3,32,5
Chelsea,Fulham,"Saturday August 30, 2025",R Jones,11,17,2,2,28,4
Man United,Burnley,"Saturday August 30, 2025",S Barrott,9,9,1,5,18,6
Sunderland,Brentford,"Saturday August 30, 2025",A Taylor,11,12,3,2,23,5
Tottenham,Bournemouth,"Saturday August 30, 2025",S Hooper,17,13,2,4,30,6
Wolves,Everton,"Saturday August 30, 2025",M Oliver,15,10,0,1,25,1
Leeds,Newcastle,"Saturday August 30, 2025",P Bankes,10,15,1,1,25,2
Brighton,Man City,"Sunday August 31, 2025",D England,16,14,2,2,30,4
Nott'm Forest,West Ham,"Sunday August 31, 2025",C Pawson,14,6,0,0,20,0
Liverpool,Arsenal,"Sunday August 31, 2025",C Kavanagh,7,10,2,2,17,4
Aston Villa,Crystal Palace,"Sunday August 31, 2025",S Attwell,7,14,2,3,21,5
Arsenal,Nott'm Forest,"Saturday September 13, 2025",D England,8,11,1,1,19,2
Bournemouth,Brighton,"Saturday September 13, 2025",P Bankes,16,10,4,4,26,8
Crystal Palace,Sunderland,"Saturday September 13, 2025",T Bramall,10,8,1,1,18,2
Everton,Aston Villa,"Saturday September 13, 2025",S Hooper,17,15,3,3,32,6
Fulham,Leeds,"Saturday September 13, 2025",C Pawson,20,15,1,2,35,3
Newcastle,Wolves,"Saturday September 13, 2025",C Kavanagh,10,17,1,4,27,5
West Ham,Tottenham,"Saturday September 13, 2025",J Gillett,8,7,0,1,15,1
Brentford,Chelsea,"Saturday September 13, 2025",S Attwell,13,9,3,2,22,5
Burnley,Liverpool,"Sunday September 14, 2025",M Oliver,9,9,0,2,18,2
Man City,Man United,"Sunday September 14, 2025",A Taylor,8,8,0,0,16,0
Liverpool,Everton,"Saturday September 20, 2025",D England,11,10,2,3,21,5
Brighton,Tottenham,"Saturday September 20, 2025",C Kavanagh,10,13,1,2,23,3
Burnley,Nott'm Forest,"Saturday September 20, 2025",T Bramall,12,11,1,1,23,2
West Ham,Crystal Palace,"Saturday September 20, 2025",T Harrington,15,5,3,3,20,6
Wolves,Leeds,"Saturday September 20, 2025",A Taylor,11,9,1,1,20,2
Man United,Chelsea,"Saturday September 20, 2025",P Bankes,13,14,0,5,27,5
Fulham,Brentford,"Saturday September 20, 2025",M Oliver,11,13,4,1,24,5
Bournemouth,Newcastle,"Sunday September 21, 2025",R Jones,7,10,2,1,17,3
Sunderland,Aston Villa,"Sunday September 21, 2025",S Barrott,14,8,2,1,22,3
Arsenal,Man City,"Sunday September 21, 2025",S Attwell,11,10,1,2,21,3
Brentford,Man United,"Saturday September 27, 2025",C Pawson,14,10,2,2,24,4
Chelsea,Brighton,"Saturday September 27, 2025",S Hooper,9,16,3,5,25,8
Crystal Palace,Liverpool,"Saturday September 27, 2025",C Kavanagh,10,8,1,3,18,4
Leeds,Bournemouth,"Saturday September 27, 2025",M Oliver,12,13,2,2,25,4
Man City,Burnley,"Saturday September 27, 2025",R Jones,5,7,1,3,12,4
Nott'm Forest,Sunderland,"Saturday September 27, 2025",T Harrington,11,6,4,2,17,6
Tottenham,Wolves,"Saturday September 27, 2025",M Salisbury,9,11,3,2,20,5
Aston Villa,Fulham,"Sunday September 28, 2025",A Madley,10,13,1,4,23,5
Newcastle,Arsenal,"Sunday September 28, 2025",J Gillett,8,9,2,1,17,3
Everton,West Ham,"Monday September 29, 2025",S Barrott,7,16,3,4,23,7
Bournemouth,Fulham,"Friday October 3, 2025",S Hooper,8,10,0,1,18,1
Leeds,Tottenham,"Saturday October 4, 2025",T Bramall,10,12,2,3,22,5
Arsenal,West Ham,"Saturday October 4, 2025",J Brooks,14,14,0,2,28,2
Man United,Sunderland,"Saturday October 4, 2025",S Attwell,10,12,1,4,22,5
Chelsea,Liverpool,"Saturday October 4, 2025",A Taylor,9,8,0,2,17,2
Aston Villa,Burnley,"Sunday October 5, 2025",A Kitchen,9,15,3,1,24,4
Everton,Crystal Palace,"Sunday October 5, 2025",M Salisbury,13,16,2,3,29,5
Newcastle,Nott'm Forest,"Sunday October 5, 2025",P Bankes,16,15,0,4,31,4
Wolves,Brighton,"Sunday October 5, 2025",J Gillett,13,9,2,4,22,6
Brentford,Man City,"Sunday October 5, 2025",D England,10,6,3,2,16,5
Nott'm Forest,Chelsea,"Saturday October 18, 2025",C Kavanagh,13,16,2,2,29,4
Brighton,Newcastle,"Saturday October 18, 2025",C Pawson,9,9,0,1,18,1
Burnley,Leeds,"Saturday October 18, 2025",T Robinson,10,7,2,1,17,3
Crystal Palace,Bournemouth,"Saturday October 18, 2025",J Gillett,8,16,1,4,24,5
Man City,Everton,"Saturday October 18, 2025",T Harrington,8,14,0,2,22,2
Sunderland,Wolves,"Saturday October 18, 2025",R Jones,5,12,0,0,17,0
Fulham,Arsenal,"Saturday October 18, 2025",A Taylor,11,4,0,0,15,0
Tottenham,Aston Villa,"Sunday October 19, 2025",S Hooper,11,7,2,0,18,2
Liverpool,Man United,"Sunday October 19, 2025",M Oliver,8,14,0,2,22,2
West Ham,Brentford,"Monday October 20, 2025",A Madley,10,10,1,1,20,2
Leeds,West Ham,"Friday October 24, 2025",S Attwell,12,11,3,3,23,6
Chelsea,Sunderland,"Saturday October 25, 2025",A Madley,15,13,1,1,28,2
Newcastle,Fulham,"Saturday October 25, 2025",P Bankes,11,18,0,2,29,2
Man United,Brighton,"Saturday October 25, 2025",A Taylor,4,13,2,2,17,4
Brentford,Liverpool,"Saturday October 25, 2025",S Hooper,7,10,3,2,17,5
Arsenal,Crystal Palace,"Sunday October 26, 2025",T Bramall,6,11,0,0,17,0
Aston Villa,Man City,"Sunday October 26, 2025",M Oliver,8,16,1,4,24,5
Bournemouth,Nott'm Forest,"Sunday October 26, 2025",S Barrott,17,7,3,1,24,4
Wolves,Burnley,"Sunday October 26, 2025",T Harrington,12,7,1,0,19,1
Everton,Tottenham,"Sunday October 26, 2025",C Pawson,9,8,2,0,17,2
Brighton,Leeds,"Saturday November 1, 2025",M Oliver,10,7,0,1,17,1
Burnley,Arsenal,"Saturday November 1, 2025",C Kavanagh,10,13,2,1,23,3
Crystal Palace,Brentford,"Saturday November 1, 2025",P Bankes,7,11,0,3,18,3
Fulham,Wolves,"Saturday November 1, 2025",J Brooks,13,14,1,3,27,4
Nott'm Forest,Man United,"Saturday November 1, 2025",D England,10,7,1,1,17,2
Tottenham,Chelsea,"Saturday November 1, 2025",J Gillett,14,12,4,2,26,6
Liverpool,Aston Villa,"Saturday November 1, 2025",S Attwell,13,11,2,3,24,5
West Ham,Newcastle,"Sunday November 2, 2025",R Jones,5,10,1,2,15,3
Man City,Bournemouth,"Sunday November 2, 2025",A Taylor,8,11,2,2,19,4
Sunderland,Everton,"Monday November 3, 2025",T Bramall,10,12,3,2,22,5
Tottenham,Man United,"Saturday November 8, 2025",S Barrott,10,8,5,1,18,6
Everton,Fulham,"Saturday November 8, 2025",A Madley,11,14,2,2,25,4
West Ham,Burnley,"Saturday November 8, 2025",M Salisbury,15,13,2,2,28,4
Sunderland,Arsenal,"Saturday November 8, 2025",C Pawson,13,13,2,1,26,3
Chelsea,Wolves,"Saturday November 8, 2025",A Kitchen,12,14,1,2,26,3
Aston Villa,Bournemouth,"Sunday November 9, 2025",J Brooks,8,20,2,2,28,4
Brentford,Newcastle,"Sunday November 9, 2025",S Attwell,10,13,2,1,23,3
Crystal Palace,Brighton,"Sunday November 9, 2025",T Robinson,10,12,1,4,22,5
Nott'm Forest,Leeds,"Sunday November 9, 2025",J Gillett,10,11,2,1,21,3
Man City,Liverpool,"Sunday November 9, 2025",C Kavanagh,14,15,2,4,29,6
Burnley,Chelsea,"Saturday November 22, 2025",P Bankes,13,8,2,3,21,5
Bournemouth,West Ham,"Saturday November 22, 2025",T Bramall,9,10,3,2,19,5
Brighton,Brentford,"Saturday November 22, 2025",C Kavanagh,10,9,4,2,19,6
Fulham,Sunderland,"Saturday November 22, 2025",D England,5,13,3,3,18,6
Liverpool,Nott'm Forest,"Saturday November 22, 2025",A Madley,11,8,2,0,19,2
Wolves,Crystal Palace,"Saturday November 22, 2025",A Taylor,13,9,2,3,22,5
Newcastle,Man City,"Saturday November 22, 2025",S Barrott,13,8,1,3,21,4
Leeds,Aston Villa,"Sunday November 23, 2025",R Jones,18,16,5,1,34,6
Arsenal,Tottenham,"Sunday November 23, 2025",M Oliver,11,15,1,3,26,4
Man United,Everton,"Monday November 24, 2025",T Harrington,12,9,2,0,21,2
Brentford,Burnley,"Saturday November 29, 2025",S Barrott,7,7,0,2,14,2
Man City,Leeds,"Saturday November 29, 2025",P Bankes,17,11,4,1,28,5
Sunderland,Bournemouth,"Saturday November 29, 2025",T Robinson,14,13,5,5,27,10
Everton,Newcastle,"Saturday November 29, 2025",C Pawson,4,6,0,0,10,0
Tottenham,Fulham,"Saturday November 29, 2025",S Attwell,11,7,3,2,18,5
Crystal Palace,Man United,"Sunday November 30, 2025",R Jones,14,14,3,2,28,5
Aston Villa,Wolves,"Sunday November 30, 2025",C Kavanagh,13,21,0,4,34,4
Nott'm Forest,Brighton,"Sunday November 30, 2025",M Oliver,11,10,0,1,21,1
West Ham,Liverpool,"Sunday November 30, 2025",D England,12,14,1,0,26,1
Chelsea,Arsenal,"Sunday November 30, 2025",A Taylor,12,13,1,6,25,7
Bournemouth,Everton,"Tuesday December 2, 2025",M Salisbury,14,14,3,3,28,6
Fulham,Man City,"Tuesday December 2, 2025",C Pawson,9,7,0,1,16,1
Newcastle,Tottenham,"Tuesday December 2, 2025",T Bramall,5,12,0,3,17,3
Arsenal,Brentford,"Wednesday December 3, 2025",T Harrington,7,9,0,1,16,1
Brighton,Aston Villa,"Wednesday December 3, 2025",A Madley,10,9,2,2,19,4
Burnley,Crystal Palace,"Wednesday December 3, 2025",T Kirk,9,8,0,0,17,0
Wolves,Nott'm Forest,"Wednesday December 3, 2025",T Robinson,19,11,2,2,30,4
Leeds,Chelsea,"Wednesday December 3, 2025",D England,10,13,1,1,23,2
Liverpool,Sunderland,"Wednesday December 3, 2025",S Attwell,10,5,1,1,15,2
Man United,West Ham,"Thursday December 4, 2025",A Kitchen,13,9,2,2,22,4
Aston Villa,Arsenal,"Saturday December 6, 2025",P Bankes,10,8,0,2,18,2
Bournemouth,Chelsea,"Saturday December 6, 2025",M Oliver,15,13,0,2,28,2
Everton,Nott'm Forest,"Saturday December 6, 2025",C Kavanagh,17,15,4,3,32,7
Man City,Sunderland,"Saturday December 6, 2025",A Madley,9,10,1,0,19,1
Newcastle,Burnley,"Saturday December 6, 2025",S Attwell,9,11,2,2,20,4
Tottenham,Brentford,"Saturday December 6, 2025",R Jones,8,9,3,4,17,7
Leeds,Liverpool,"Saturday December 6, 2025",A Taylor,14,14,3,3,28,6
Brighton,West Ham,"Sunday December 7, 2025",S Hooper,12,8,2,2,20,4
Fulham,Crystal Palace,"Sunday December 7, 2025",S Barrott,5,8,0,0,13,0
Wolves,Man United,"Monday December 8, 2025",M Salisbury,17,12,3,2,29,5
Chelsea,Everton,"Saturday December 13, 2025",T Bramall,13,11,1,0,24,1
Liverpool,Brighton,"Saturday December 13, 2025",C Pawson,8,15,1,2,23,3
Burnley,Fulham,"Saturday December 13, 2025",M Oliver,8,8,1,2,16,3
Arsenal,Wolves,"Saturday December 13, 2025",R Jones,7,15,0,4,22,4
Crystal Palace,Man City,"Sunday December 14, 2025",D England,9,6,2,0,15,2
Nott'm Forest,Tottenham,"Sunday December 14, 2025",S Barrott,9,13,1,3,22,4
Sunderland,Newcastle,"Sunday December 14, 2025",P Bankes,10,10,5,4,20,9
West Ham,Aston Villa,"Sunday December 14, 2025",A Taylor,18,13,1,2,31,3
Brentford,Leeds,"Sunday December 14, 2025",J Brooks,8,9,0,0,17,0
Man United,Bournemouth,"Monday December 15, 2025",S Hooper,15,12,2,3,27,5
Newcastle,Chelsea,"Saturday December 20, 2025",A Madley,13,14,3,6,27,9
Bournemouth,Burnley,"Saturday December 20, 2025",C Kavanagh,11,11,1,1,22,2
Brighton,Sunderland,"Saturday December 20, 2025",D England,11,15,2,2,26,4
Man City,West Ham,"Saturday December 20, 2025",P Tierney,16,10,1,1,26,2
Wolves,Brentford,"Saturday December 20, 2025",M Donohue,12,15,2,4,27,6
Tottenham,Liverpool,"Saturday December 20, 2025",J Brooks,9,7,3,3,16,6
Everton,Arsenal,"Saturday December 20, 2025",S Barrott,4,5,2,2,9,4
Leeds,Crystal Palace,"Saturday December 20, 2025",T Bramall,5,10,1,3,15,4
Aston Villa,Man United,"Sunday December 21, 2025",M Oliver,11,14,1,2,25,3
Fulham,Nott'm Forest,"Monday December 22, 2025",A Taylor,5,9,5,4,14,9
Man United,Newcastle,"Friday December 26, 2025",A Taylor,9,5,2,1,14,3
Nott'm Forest,Man City,"Saturday December 27, 2025",R Jones,5,13,1,2,18,3
Arsenal,Brighton,"Saturday December 27, 2025",J Brooks,7,13,2,3,20,5
Brentford,Bournemouth,"Saturday December 27, 2025",P Bankes,9,8,2,2,17,4
Burnley,Everton,"Saturday December 27, 2025",C Pawson,8,8,0,2,16,2
Liverpool,Wolves,"Saturday December 27, 2025",S Hooper,5,13,0,1,18,1
West Ham,Fulham,"Saturday December 27, 2025",C Kavanagh,8,8,1,3,16,4
Chelsea,Aston Villa,"Saturday December 27, 2025",S Attwell,16,8,5,3,24,8
Sunderland,Leeds,"Sunday December 28, 2025",T Harrington,7,9,1,0,16,1
Crystal Palace,Tottenham,"Sunday December 28, 2025",J Gillett,7,5,3,2,12,5
Burnley,Newcastle,"Tuesday December 30, 2025",R Jones,9,3,2,1,12,3
Chelsea,Bournemouth,"Tuesday December 30, 2025",S Barrott,5,12,1,1,17,2
Nott'm Forest,Everton,"Tuesday December 30, 2025",M Oliver,11,9,1,0,20,1
West Ham,Brighton,"Tuesday December 30, 2025",M Salisbury,11,18,3,5,29,8
Arsenal,Aston Villa,"Tuesday December 30, 2025",D England,18,9,2,3,27,5
Man United,Wolves,"Tuesday December 30, 2025",T Bramall,9,12,0,2,21,2
Crystal Palace,Fulham,"Thursday January 1, 2026",T Harrington,7,10,0,5,17,5
Liverpool,Leeds,"Thursday January 1, 2026",C Kavanagh,10,8,0,2,18,2
Brentford,Tottenham,"Thursday January 1, 2026",A Madley,8,10,1,2,18,3
Sunderland,Man City,"Thursday January 1, 2026",J Gillett,9,6,1,1,15,2
Aston Villa,Nott'm Forest,"Saturday January 3, 2026",S Hooper,10,20,1,2,30,3
Brighton,Burnley,"Saturday January 3, 2026",T Robinson,7,17,0,4,24,4
Wolves,West Ham,"Saturday January 3, 2026",P Bankes,11,10,1,0,21,1
Bournemouth,Arsenal,"Saturday January 3, 2026",C Kavanagh,13,8,3,1,21,4
Leeds,Man United,"Sunday January 4, 2026",J Gillett,9,9,0,1,18,1
Everton,Brentford,"Sunday January 4, 2026",A Taylor,9,8,0,2,17,2
Newcastle,Crystal Palace,"Sunday January 4, 2026",J Brooks,5,12,1,3,17,4
Tottenham,Sunderland,"Sunday January 4, 2026",S Attwell,10,6,2,3,16,5
Fulham,Liverpool,"Sunday January 4, 2026",C Pawson,11,4,1,1,15,2
Man City,Chelsea,"Sunday January 4, 2026",M Oliver,12,14,3,3,26,6
West Ham,Nott'm Forest,"Tuesday January 6, 2026",T Harrington,15,9,3,0,24,3
Bournemouth,Tottenham,"Wednesday January 7, 2026",D England,19,10,3,3,29,6
Brentford,Sunderland,"Wednesday January 7, 2026",M Donohue,13,13,2,1,26,3
Crystal Palace,Aston Villa,"Wednesday January 7, 2026",A Madley,8,3,2,0,11,2
Everton,Wolves,"Wednesday January 7, 2026",T Kirk,13,15,1,3,28,4
Fulham,Chelsea,"Wednesday January 7, 2026",P Bankes,11,6,3,3,17,6
Man City,Brighton,"Wednesday January 7, 2026",T Bramall,6,16,1,6,22,7
Burnley,Man United,"Wednesday January 7, 2026",S Attwell,9,8,2,0,17,2
Newcastle,Leeds,"Wednesday January 7, 2026",M Salisbury,11,10,3,2,21,5
Arsenal,Liverpool,"Thursday January 8, 2026",A Taylor,10,9,2,2,19,4
Man United,Man City,"Saturday January 17, 2026",A Taylor,13,8,2,3,21,5
Chelsea,Brentford,"Saturday January 17, 2026",J Brooks,7,10,3,2,17,5
Leeds,Fulham,"Saturday January 17, 2026",C Kavanagh,6,11,1,5,17,6
Liverpool,Burnley,"Saturday January 17, 2026",A Madley,8,10,1,2,18,3
Sunderland,Crystal Palace,"Saturday January 17, 2026",R Jones,8,15,3,3,23,6
Tottenham,West Ham,"Saturday January 17, 2026",J Gillett,12,17,5,3,29,8
Nott'm Forest,Arsenal,"Saturday January 17, 2026",M Oliver,8,14,1,1,22,2
Wolves,Newcastle,"Sunday January 18, 2026",S Barrott,14,8,2,2,22,4
Aston Villa,Everton,"Sunday January 18, 2026",T Harrington,15,13,1,2,28,3
Brighton,Bournemouth,"Monday January 19, 2026",P Tierney,7,6,2,3,13,5
West Ham,Sunderland,"Saturday January 24, 2026",T Bramall,9,16,2,4,25,6
Burnley,Tottenham,"Saturday January 24, 2026",P Bankes,8,9,1,0,17,1
Fulham,Brighton,"Saturday January 24, 2026",M Oliver,10,6,1,1,16,2
Man City,Wolves,"Saturday January 24, 2026",F Hallam,16,14,1,3,30,4
Bournemouth,Liverpool,"Saturday January 24, 2026",M Salisbury,7,7,1,1,14,2
Brentford,Nott'm Forest,"Sunday January 25, 2026",S Barrott,11,10,1,0,21,1
Crystal Palace,Chelsea,"Sunday January 25, 2026",D England,11,10,2,2,21,4
Newcastle,Aston Villa,"Sunday January 25, 2026",J Gillett,7,12,1,2,19,3
Arsenal,Man United,"Sunday January 25, 2026",C Pawson,11,9,2,0,20,2
Everton,Leeds,"Monday January 26, 2026",S Hooper,9,13,0,3,22,3
Brighton,Everton,"Saturday January 31, 2026",C Kavanagh,13,14,1,2,27,3
Leeds,Arsenal,"Saturday January 31, 2026",S Attwell,10,7,1,1,17,2
Wolves,Bournemouth,"Saturday January 31, 2026",M Oliver,11,15,3,3,26,6
Chelsea,West Ham,"Saturday January 31, 2026",A Taylor,11,13,3,2,24,5
Liverpool,Newcastle,"Saturday January 31, 2026",S Hooper,11,7,1,3,18,4
Aston Villa,Brentford,"Sunday February 1, 2026",T Robinson,8,8,0,3,16,3
Man United,Fulham,"Sunday February 1, 2026",J Brooks,6,9,2,1,15,3
Nott'm Forest,Crystal Palace,"Sunday February 1, 2026",M Salisbury,4,12,1,3,16,4
Tottenham,Man City,"Sunday February 1, 2026",R Jones,15,12,3,3,27,6
Sunderland,Burnley,"Monday February 2, 2026",P Tierney,12,10,1,4,22,5
Leeds,Nott'm Forest,"Friday February 6, 2026",P Bankes,9,12,1,1,21,2
Man United,Tottenham,"Saturday February 7, 2026",M Oliver,12,11,1,2,23,3
Arsenal,Sunderland,"Saturday February 7, 2026",S Barrott,11,8,1,2,19,3
Bournemouth,Aston Villa,"Saturday February 7, 2026",A Taylor,4,11,1,1,15,2
Burnley,West Ham,"Saturday February 7, 2026",D England,11,10,3,1,21,4
Fulham,Everton,"Saturday February 7, 2026",S Attwell,11,12,1,5,23,6
Wolves,Chelsea,"Saturday February 7, 2026",J Gillett,9,10,1,1,19,2
Newcastle,Brentford,"Saturday February 7, 2026",A Madley,14,18,2,2,32,4
Brighton,Crystal Palace,"Sunday February 8, 2026",T Bramall,12,9,1,3,21,4
Liverpool,Man City,"Sunday February 8, 2026",C Pawson,13,16,2,4,29,6
Chelsea,Leeds,"Tuesday February 10, 2026",R Jones,9,13,4,4,22,8
Everton,Bournemouth,"Tuesday February 10, 2026",A Madley,14,15,1,3,29,4
Tottenham,Newcastle,"Tuesday February 10, 2026",A Taylor,15,11,3,2,26,5
West Ham,Man United,"Tuesday February 10, 2026",S Hooper,10,4,1,1,14,2
Aston Villa,Brighton,"Wednesday February 11, 2026",P Bankes,9,15,2,3,24,5
Crystal Palace,Burnley,"Wednesday February 11, 2026",F Hallam,11,8,2,1,19,3
Man City,Fulham,"Wednesday February 11, 2026",P Tierney,8,10,3,1,18,4
Nott'm Forest,Wolves,"Wednesday February 11, 2026",T Robinson,12,13,0,2,25,2
Sunderland,Liverpool,"Wednesday February 11, 2026",C Kavanagh,8,10,1,0,18,1
Brentford,Arsenal,"Thursday February 12, 2026",J Brooks,12,11,3,2,23,5
Wolves,Arsenal,"Wednesday February 18, 2026",P Tierney,6,8,2,1,14,3
Aston Villa,Leeds,"Saturday February 21, 2026",M Oliver,11,16,1,4,27,5
Brentford,Brighton,"Saturday February 21, 2026",J Gillett,9,14,1,2,23,3
Chelsea,Burnley,"Saturday February 21, 2026",L Smith,13,11,2,2,24,4
West Ham,Bournemouth,"Saturday February 21, 2026",S Barrott,10,11,1,1,21,2
Man City,Newcastle,"Saturday February 21, 2026",T Bramall,12,13,2,5,25,7
Crystal Palace,Wolves,"Sunday February 22, 2026",T Kirk,19,13,5,1,32,6
Nott'm Forest,Liverpool,"Sunday February 22, 2026",A Taylor,13,9,2,0,22,2
Sunderland,Fulham,"Sunday February 22, 2026",C Pawson,6,13,1,1,19,2
Tottenham,Arsenal,"Sunday February 22, 2026",P Bankes,17,11,2,1,28,3
Everton,Man United,"Monday February 23, 2026",D England,12,7,2,3,19,5
Wolves,Aston Villa,"Friday February 27, 2026",C Pawson,13,19,3,3,32,6
Bournemouth,Sunderland,"Saturday February 28, 2026",J Gillett,15,12,4,2,27,6
Burnley,Brentford,"Saturday February 28, 2026",S Barrott,9,9,2,2,18,4
Liverpool,West Ham,"Saturday February 28, 2026",T Robinson,12,11,2,2,23,4
Newcastle,Everton,"Saturday February 28, 2026",S Attwell,15,7,2,3,22,5
Leeds,Man City,"Saturday February 28, 2026",P Bankes,10,8,0,3,18,3
Brighton,Nott'm Forest,"Sunday March 1, 2026",A Madley,12,13,3,1,25,4
Fulham,Tottenham,"Sunday March 1, 2026",T Bramall,11,14,3,3,25,6
Man United,Crystal Palace,"Sunday March 1, 2026",C Kavanagh,13,12,2,2,25,4
Arsenal,Chelsea,"Sunday March 1, 2026",D England,11,14,1,3,25,4
Bournemouth,Brentford,"Tuesday March 3, 2026",C Pawson,9,10,2,1,19,3
Everton,Burnley,"Tuesday March 3, 2026",T Robinson,10,12,0,1,22,1
Leeds,Sunderland,"Tuesday March 3, 2026",S Attwell,15,19,1,3,34,4
Wolves,Liverpool,"Tuesday March 3, 2026",T Bramall,10,13,2,1,23,3
Aston Villa,Chelsea,"Wednesday March 4, 2026",J Gillett,10,9,3,2,19,5
Brighton,Arsenal,"Wednesday March 4, 2026",C Kavanagh,14,12,4,1,26,5
Fulham,West Ham,"Wednesday March 4, 2026",M Donohue,14,12,2,4,26,6
Man City,Nott'm Forest,"Wednesday March 4, 2026",D England,10,6,0,4,16,4
Newcastle,Man United,"Wednesday March 4, 2026",P Bankes,15,16,2,3,31,5
Tottenham,Crystal Palace,"Thursday March 5, 2026",A Madley,14,14,3,2,28,5
Burnley,Bournemouth,"Saturday March 14, 2026",P Bankes,11,5,1,0,16,1
Sunderland,Brighton,"Saturday March 14, 2026",T Kirk,7,12,1,2,19,3
Arsenal,Everton,"Saturday March 14, 2026",A Madley,11,12,0,0,23,0
Chelsea,Newcastle,"Saturday March 14, 2026",P Tierney,9,10,2,2,19,4
West Ham,Man City,"Saturday March 14, 2026",M Oliver,14,5,2,2,19,4
Crystal Palace,Leeds,"Sunday March 15, 2026",T Bramall,12,11,2,1,23,3
Man United,Aston Villa,"Sunday March 15, 2026",A Taylor,10,5,3,2,15,5
Nott'm Forest,Fulham,"Sunday March 15, 2026",S Barrott,8,10,2,3,18,5
Liverpool,Tottenham,"Sunday March 15, 2026",C Kavanagh,8,13,0,0,21,0
Brentford,Wolves,"Monday March 16, 2026",S Attwell,12,10,2,4,22,6
Bournemouth,Man United,"Friday March 20, 2026",S Attwell,10,9,2,2,19,4
Brighton,Liverpool,"Saturday March 21, 2026",D England,11,11,5,5,22,10
Fulham,Burnley,"Saturday March 21, 2026",C Kavanagh,6,9,2,2,15,4
Everton,Chelsea,"Saturday March 21, 2026",S Barrott,6,7,0,2,13,2
Leeds,Brentford,"Saturday March 21, 2026",J Gillett,6,9,2,0,15,2
Newcastle,Sunderland,"Sunday March 22, 2026",A Taylor,8,19,1,6,27,7
Aston Villa,West Ham,"Sunday March 22, 2026",P Tierney,3,7,0,1,10,1
Tottenham,Nott'm Forest,"Sunday March 22, 2026",M Oliver,13,13,1,2,26,3
West Ham,Wolves,"Friday April 10, 2026",J Gillett,11,7,2,2,18,4
Arsenal,Bournemouth,"Saturday April 11, 2026",M Oliver,12,18,1,3,30,4
Brentford,Everton,"Saturday April 11, 2026",F Hallam,6,7,0,2,13,2
Burnley,Brighton,"Saturday April 11, 2026",T Bramall,7,11,2,1,18,3
Liverpool,Fulham,"Saturday April 11, 2026",A Taylor,10,4,0,0,14,0
Crystal Palace,Newcastle,"Sunday April 12, 2026",A Madley,17,12,0,3,29,3
Nott'm Forest,Aston Villa,"Sunday April 12, 2026",M Salisbury,15,10,2,2,25,4
Sunderland,Tottenham,"Sunday April 12, 2026",R Jones,14,15,3,3,29,6
Chelsea,Man City,"Sunday April 12, 2026",C Kavanagh,10,14,3,1,24,4
Man United,Leeds,"Monday April 13, 2026",P Tierney,12,15,3,2,27,5
Brentford,Fulham,"Saturday April 18, 2026",P Tierney,8,13,0,1,21,1
Leeds,Wolves,"Saturday April 18, 2026",F Hallam,9,17,2,1,26,3
Newcastle,Bournemouth,"Saturday April 18, 2026",T Bramall,11,12,2,4,23,6
Tottenham,Brighton,"Saturday April 18, 2026",S Attwell,14,14,3,1,28,4
Chelsea,Man United,"Saturday April 18, 2026",M Oliver,12,13,1,3,25,4
Aston Villa,Sunderland,"Sunday April 19, 2026",S Barrott,11,11,1,3,22,4
Everton,Liverpool,"Sunday April 19, 2026",C Kavanagh,8,12,2,0,20,2
Nott'm Forest,Burnley,"Sunday April 19, 2026",T Kirk,8,12,0,2,20,2
Man City,Arsenal,"Sunday April 19, 2026",A Taylor,5,12,2,2,17,4
Crystal Palace,West Ham,"Monday April 20, 2026",D England,13,12,2,1,25,3
Brighton,Chelsea,"Tuesday April 21, 2026",C Pawson,15,6,1,1,21,2
Bournemouth,Leeds,"Wednesday April 22, 2026",M Salisbury,6,10,3,0,16,3
Burnley,Man City,"Wednesday April 22, 2026",A Madley,10,12,0,0,22,0
Sunderland,Nott'm Forest,"Friday April 24, 2026",D England,13,15,2,5,28,7
Fulham,Aston Villa,"Saturday April 25, 2026",M Oliver,14,12,2,2,26,4
Liverpool,Crystal Palace,"Saturday April 25, 2026",A Madley,10,10,1,3,20,4
West Ham,Everton,"Saturday April 25, 2026",S Attwell,9,11,3,4,20,7
Wolves,Tottenham,"Saturday April 25, 2026",A Taylor,8,14,3,4,22,7
Arsenal,Newcastle,"Saturday April 25, 2026",S Barrott,13,10,2,2,23,4
Man United,Brentford,"Monday April 27, 2026",C Kavanagh,6,9,2,4,15,6
Leeds,Burnley,"Friday May 1, 2026",T Bramall,12,11,4,3,23,7
Brentford,West Ham,"Saturday May 2, 2026",C Pawson,8,12,1,3,20,4
Newcastle,Brighton,"Saturday May 2, 2026",C Kavanagh,10,12,3,3,22,6
Wolves,Sunderland,"Saturday May 2, 2026",P Tierney,11,11,0,4,22,4
Arsenal,Fulham,"Saturday May 2, 2026",J Gillett,7,12,0,1,19,1
Bournemouth,Crystal Palace,"Sunday May 3, 2026",R Jones,10,11,0,2,21,2
Man United,Liverpool,"Sunday May 3, 2026",D England,12,11,2,2,23,4
Aston Villa,Tottenham,"Sunday May 3, 2026",S Barrott,12,12,2,5,24,7
Chelsea,Nott'm Forest,"Monday May 4, 2026",A Taylor,12,10,3,1,22,4
Everton,Man City,"Monday May 4, 2026",M Oliver,15,5,4,1,20,5
Liverpool,Chelsea,"Saturday May 9, 2026",C Pawson,17,17,2,4,34,6
Brighton,Wolves,"Saturday May 9, 2026",J Brooks,9,11,1,2,20,3
Fulham,Bournemouth,"Saturday May 9, 2026",A Madley,12,21,4,2,33,6
Sunderland,Man United,"Saturday May 9, 2026",S Attwell,12,12,0,3,24,3
Man City,Brentford,"Saturday May 9, 2026",M Salisbury,8,14,4,2,22,6
Burnley,Aston Villa,"Sunday May 10, 2026",A Taylor,18,8,1,1,26,2
Crystal Palace,Everton,"Sunday May 10, 2026",T Bramall,5,13,0,2,18,2
Nott'm Forest,Newcastle,"Sunday May 10, 2026",P Tierney,16,11,2,0,27,2
West Ham,Arsenal,"Sunday May 10, 2026",C Kavanagh,14,12,3,4,26,7
Tottenham,Leeds,"Monday May 11, 2026",J Gillett,12,7,3,1,19,4
Man City,Crystal Palace,"Wednesday May 13, 2026",S Attwell,10,7,0,2,17,2
Aston Villa,Liverpool,"Friday May 15, 2026",C Kavanagh,12,9,3,1,21,4
Man United,Nott'm Forest,"Sunday May 17, 2026",M Salisbury,11,5,2,1,16,3
Brentford,Crystal Palace,"Sunday May 17, 2026",S Barrott,7,5,1,3,12,4
Everton,Sunderland,"Sunday May 17, 2026",J Brooks,14,9,3,0,23,3
Leeds,Brighton,"Sunday May 17, 2026",M Oliver,9,7,1,0,16,1
Wolves,Fulham,"Sunday May 17, 2026",T Kirk,20,8,1,0,28,1
Newcastle,West Ham,"Sunday May 17, 2026",J Gillett,8,11,1,3,19,4
Arsenal,Burnley,"Monday May 18, 2026",P Tierney,7,16,1,3,23,4
Bournemouth,Man City,"Tuesday May 19, 2026",A Taylor,16,7,4,2,23,6
Chelsea,Tottenham,"Tuesday May 19, 2026",S Attwell,11,18,4,3,29,7
Brighton,Man United,"Sunday May 24, 2026",S Barrott,11,8,0,1,19,1
Burnley,Wolves,"Sunday May 24, 2026",A Kitchen,10,11,2,2,21,4
Crystal Palace,Arsenal,"Sunday May 24, 2026",F Hallam,9,12,0,1,21,1
Fulham,Newcastle,"Sunday May 24, 2026",R Jones,13,6,2,2,19,4
Liverpool,Brentford,"Sunday May 24, 2026",D England,9,9,2,3,18,5
Man City,Aston Villa,"Sunday May 24, 2026",A Madley,8,4,1,0,12,1
Nott'm Forest,Bournemouth,"Sunday May 24, 2026",C Pawson,11,7,1,1,18,2
Sunderland,Chelsea,"Sunday May 24, 2026",C Kavanagh,15,18,3,2,33,5
Tottenham,Everton,"Sunday May 24, 2026",M Oliver,15,12,5,3,27,8
West Ham,Leeds,"Sunday May 24, 2026",A Taylor,11,14,0,3,25,3
